id	schedule	location	suffix	scheduled_arrival_time	scheduled_departure_time	scheduled_pass_time	public_arrival_time	public_departure_time	platform	line	path	activity	engineering_allowance	pathing_allowance	performance_allowance
1	1	HTRWTM5	\N	\N	23:12:00	\N	\N	23:12:00	4	\N	\N	TB          	\N	\N	\N
2	1	HTRWAPT	\N	23:15:30	23:19:00	\N	23:16:00	23:19:00	2	\N	\N	T           	\N	\N	\N
3	1	HTRWTJN	\N	\N	\N	23:22:00	\N	\N	\N	\N	\N	            	\N	\N	\N
4	1	STKYJN	\N	\N	\N	23:22:30	\N	\N	\N	RL	\N	            	\N	\N	\N
5	1	HTRWAJN	\N	\N	\N	23:23:00	\N	\N	\N	RL	\N	            	\N	\N	\N
6	1	STHALL	\N	\N	\N	23:24:30	\N	\N	4	RL	\N	            	\N	\N	\N
7	1	WEALING	\N	\N	\N	23:26:30	\N	\N	4	RL	\N	            	\N	 H	\N
8	1	ACTONW	\N	\N	\N	23:28:00	\N	\N	\N	RL	RL	            	1	1H	\N
9	1	LDBRKJ	\N	\N	\N	23:33:30	\N	\N	\N	6	RL	            	\N	\N	\N
10	1	PRTOBJP	\N	\N	\N	23:34:00	\N	\N	\N	5	\N	            	\N	\N	\N
11	1	ROYAOJN	\N	\N	\N	23:35:00	\N	\N	\N	6	\N	            	\N	\N	\N
12	1	PADTON	\N	23:36:00	\N	\N	23:36:00	\N	10	\N	\N	TF          	\N	\N	\N
13	2	HIGHBYE	\N	\N	00:11:00	\N	\N	00:11:00	2	\N	\N	TB          	\N	\N	\N
14	2	CNNBELL	\N	00:12:30	00:13:00	\N	00:13:00	00:13:00	2	\N	\N	T           	\N	\N	\N
15	2	ELLBNLL	\N	\N	\N	00:13:30	\N	\N	\N	\N	\N	            	\N	\N	\N
16	2	DALS	\N	00:15:00	00:16:00	\N	00:15:00	00:16:00	4	\N	\N	T           	\N	\N	\N
17	2	HAGGERS	\N	00:17:30	00:18:00	\N	00:18:00	00:18:00	2	\N	\N	T           	\N	\N	\N
18	2	HOXTON	\N	00:19:30	00:20:00	\N	00:20:00	00:20:00	2	\N	\N	T           	\N	\N	\N
19	2	SHRDHST	\N	00:22:00	00:22:30	\N	00:22:00	00:22:00	2	\N	\N	T           	\N	\N	\N
20	2	WCHAPEL	\N	00:24:00	00:25:00	\N	00:24:00	00:25:00	6	\N	\N	T           	\N	\N	\N
21	2	SHADWEL	\N	00:26:30	00:27:00	\N	00:27:00	00:27:00	2	\N	\N	T           	\N	\N	\N
22	2	WAPPING	\N	00:28:30	00:29:00	\N	00:29:00	00:29:00	2	\N	\N	T           	\N	\N	\N
23	2	RTHERHI	\N	00:30:00	00:30:30	\N	00:30:00	00:30:00	2	\N	\N	T           	\N	\N	\N
24	2	CNDAW	\N	00:31:30	00:32:30	\N	00:32:00	00:32:00	3	\N	\N	T           	\N	\N	\N
25	2	SURREYQ	\N	00:33:30	00:34:30	\N	00:34:00	00:34:00	2	\N	\N	T           	\N	\N	\N
26	2	SURRQSJ	\N	\N	\N	00:35:00	\N	\N	\N	\N	\N	            	\N	\N	\N
27	2	CANALJ	\N	\N	\N	00:36:00	\N	\N	\N	\N	\N	            	\N	\N	\N
28	2	NEWXNJN	\N	\N	\N	00:37:00	\N	\N	\N	\N	\N	            	\N	\N	\N
29	2	NEWXGEL	\N	00:38:00	\N	\N	00:40:00	\N	1	\N	\N	TF          	\N	\N	\N
30	3	DRBY	\N	\N	06:27:00	\N	\N	06:27:00	\N	BUS	\N	TB          	\N	\N	\N
31	3	EMPKAIR	\N	06:58:00	\N	\N	06:58:00	\N	\N	\N	\N	TF          	\N	\N	\N
32	4	RDNGSTN	\N	\N	13:33:00	\N	\N	13:32:00	13	URL	\N	TB          	\N	\N	\N
33	4	RDNGKBJ	\N	\N	\N	13:35:00	\N	\N	\N	ML	\N	            	\N	\N	\N
34	4	TWYFORD	\N	\N	\N	13:38:30	\N	\N	2	ML	\N	            	\N	\N	\N
35	4	MDNHEAD	\N	\N	\N	13:42:00	\N	\N	2	ML	\N	            	\N	\N	\N
36	4	SLOUGH	\N	13:46:00	13:48:00	\N	13:46:00	13:48:00	3	ML	\N	T           	\N	\N	\N
37	4	STKYJN	\N	\N	\N	13:53:00	\N	\N	\N	ML	ML	            	\N	1H	\N
38	4	HTRWAJN	\N	\N	\N	13:55:00	\N	\N	\N	ML	\N	            	\N	\N	\N
39	4	STHALL	\N	\N	\N	13:56:00	\N	\N	2	ML	\N	            	\N	 H	\N
40	4	ACTONW	\N	\N	\N	13:58:30	\N	\N	\N	ML	ML	            	1	\N	\N
41	4	LDBRKJ	\N	\N	\N	14:02:00	\N	\N	\N	3	ML	            	\N	\N	\N
42	4	PRTOBJP	\N	\N	\N	14:03:00	\N	\N	\N	4	\N	            	\N	\N	\N
43	4	ROYAOJN	\N	\N	\N	14:04:30	\N	\N	\N	4	\N	            	\N	\N	\N
44	4	PADTON	\N	14:07:00	\N	\N	14:07:00	\N	11	\N	\N	TF          	\N	\N	\N
45	6	LARGS	\N	\N	20:05:00	\N	\N	20:05:00	\N	SHP	\N	TB          	\N	\N	\N
46	6	CUMBRAE	\N	20:15:00	20:25:00	\N	20:15:00	20:25:00	\N	\N	\N	T           	\N	\N	\N
47	6	LARGS	2	20:35:00	\N	\N	20:35:00	\N	\N	\N	\N	TF          	\N	\N	\N
48	7	AIRP	\N	\N	09:07:30	\N	\N	09:07:00	\N	\N	\N	TB          	\N	\N	\N
49	7	NWCSRC	\N	09:19:30	09:20:00	\N	09:20:00	09:20:00	\N	\N	\N	T           	\N	\N	\N
50	7	SGOS	\N	09:22:00	09:23:30	\N	09:22:00	09:23:00	\N	\N	\N	T           	\N	\N	\N
51	7	NWCSTLL	\N	09:33:00	09:33:30	\N	09:33:00	09:33:00	\N	\N	\N	T           	\N	\N	\N
52	7	HEWOMTR	\N	09:40:30	09:41:00	\N	09:41:00	09:41:00	\N	\N	\N	T           	\N	\N	\N
53	7	PELAWTW	\N	09:42:30	09:43:00	\N	09:43:00	09:43:00	\N	\N	\N	T           	\N	\N	\N
54	7	PELAWMJ	\N	\N	\N	09:45:00	\N	\N	\N	\N	\N	            	\N	\N	\N
55	7	FELL	\N	09:47:30	09:48:00	\N	09:48:00	09:48:00	\N	\N	\N	T           	\N	\N	\N
56	7	BRWHINS	\N	09:49:30	09:50:00	\N	09:50:00	09:50:00	\N	\N	\N	T           	\N	\N	\N
57	7	EBOLDON	\N	09:52:30	09:53:00	\N	09:53:00	09:53:00	\N	\N	\N	T           	\N	\N	\N
58	7	SEABURN	\N	09:55:30	09:56:00	\N	09:56:00	09:56:00	\N	\N	\N	T           	\N	\N	\N
59	7	STDI	\N	09:57:30	09:58:00	\N	09:58:00	09:58:00	\N	\N	\N	T           	\N	\N	\N
60	7	SNDRMNK	\N	09:59:30	10:00:00	\N	10:00:00	10:00:00	\N	\N	\N	T           	\N	\N	\N
61	7	SNDRLND	\N	10:02:00	10:02:30	\N	10:02:00	10:02:00	1	\N	\N	T           	\N	\N	\N
62	7	CIVI	\N	10:03:30	10:04:00	\N	10:04:00	10:04:00	1	\N	\N	T           	\N	\N	\N
63	7	UNIV	\N	10:04:30	10:05:00	\N	10:05:00	10:05:00	\N	\N	\N	T           	\N	\N	\N
64	7	MLLF	\N	10:06:00	10:06:30	\N	10:06:00	10:06:00	\N	\N	\N	T           	\N	\N	\N
65	7	PALL	\N	10:08:00	10:08:30	\N	10:08:00	10:08:00	\N	\N	\N	T           	1	\N	\N
66	7	STHH	\N	10:13:00	\N	\N	10:13:00	\N	\N	\N	\N	TF          	\N	\N	\N
67	8	PENZNCE	\N	\N	21:15:00	\N	\N	21:15:00	4	\N	\N	TB          	\N	\N	\N
68	8	LNGROCK	\N	\N	\N	21:19:00	\N	\N	\N	\N	\N	X           	\N	\N	\N
69	8	STERTH	\N	21:23:00	21:25:00	\N	\N	21:25:00	2	\N	\N	U           	\N	\N	\N
70	8	CBORSR6	\N	\N	\N	21:32:00	\N	\N	\N	\N	\N	            	\N	\N	\N
71	8	CBORNE	\N	21:35:00	21:37:00	\N	\N	21:37:00	2	\N	\N	U           	\N	\N	\N
72	8	CBORR10	\N	\N	\N	21:41:30	\N	\N	\N	\N	\N	            	\N	\N	1
73	8	REDRUTH	\N	21:43:30	21:46:30	\N	\N	21:46:00	2	\N	\N	U           	\N	\N	\N
74	8	REDRR14	\N	\N	\N	21:52:00	\N	\N	\N	\N	\N	            	\N	\N	\N
75	8	PNWTHRJ	\N	\N	\N	21:56:00	\N	\N	\N	\N	\N	            	\N	\N	\N
76	8	TRURO	\N	21:57:30	22:00:30	\N	\N	22:00:00	3	\N	\N	U           	\N	\N	\N
77	8	PROBUS	\N	\N	\N	22:06:30	\N	\N	\N	\N	\N	            	\N	\N	\N
78	8	BGLWJN	\N	\N	\N	22:13:30	\N	\N	\N	\N	\N	            	\N	\N	\N
79	8	STAUSTL	\N	22:16:00	22:19:00	\N	\N	22:19:00	2	\N	\N	U           	\N	\N	\N
80	8	PARR	\N	\N	\N	22:24:00	\N	\N	2	\N	\N	            	\N	\N	\N
81	8	LSTWTHL	\N	\N	\N	22:29:00	\N	\N	1	\N	\N	            	\N	\N	\N
82	8	BODMNPW	\N	22:33:00	22:35:00	\N	\N	22:35:00	2	\N	\N	U           	\N	\N	\N
83	8	LRGN	\N	\N	\N	22:41:00	\N	\N	\N	\N	\N	            	\N	\N	\N
84	8	STPNCVE	\N	\N	\N	22:42:30	\N	\N	\N	\N	\N	            	\N	\N	\N
85	8	LISKARD	\N	22:48:00	22:50:00	\N	\N	22:50:00	2	\N	\N	U           	\N	\N	\N
86	8	MENH259	\N	\N	\N	22:56:00	\N	\N	\N	\N	\N	            	\N	\N	\N
87	8	STGRMNS	\N	\N	\N	22:59:30	\N	\N	2	\N	\N	            	\N	\N	\N
88	8	SASH	\N	\N	\N	23:05:00	\N	\N	2	\N	\N	            	\N	\N	\N
89	8	STBDXJN	\N	\N	\N	23:09:00	\N	\N	\N	\N	\N	            	1	\N	\N
90	8	PLYMTH	\N	23:15:00	23:20:00	\N	\N	23:20:00	4	\N	\N	U           	\N	\N	\N
91	8	LIPSONJ	\N	\N	\N	23:23:00	\N	\N	\N	\N	\N	            	\N	\N	\N
92	8	TVSTCKJ	\N	\N	\N	23:24:30	\N	\N	\N	\N	\N	            	\N	\N	\N
93	8	HEMERDN	\N	\N	\N	23:28:30	\N	\N	\N	\N	\N	            	\N	\N	\N
94	8	IVYBDGE	\N	\N	\N	23:33:30	\N	\N	2	\N	\N	            	\N	\N	\N
95	8	AISHXO	\N	\N	\N	23:38:00	\N	\N	\N	\N	\N	            	\N	\N	\N
96	8	RTRY	\N	\N	\N	23:41:00	\N	\N	\N	\N	\N	            	\N	\N	\N
97	8	TOTNES	\N	23:46:00	23:48:00	\N	23:46:00	23:48:00	2	\N	\N	T           	\N	\N	\N
98	8	DAINTNT	\N	\N	\N	23:55:00	\N	\N	\N	\N	\N	            	\N	\N	\N
99	8	NABTWJ	\N	\N	\N	23:58:30	\N	\N	\N	\N	\N	            	\N	\N	\N
100	8	NABT	\N	23:59:30	00:01:30	\N	23:59:00	00:01:00	3	\N	\N	T           	\N	\N	\N
101	8	TEINMTH	\N	\N	\N	00:07:30	\N	\N	2	\N	\N	            	\N	\N	\N
102	8	DAWLISH	\N	\N	\N	00:10:30	\N	\N	2	\N	\N	            	\N	\N	\N
103	8	DAWLSHW	\N	\N	\N	00:12:00	\N	\N	\N	\N	\N	            	1	\N	\N
104	8	EXETRSD	\N	00:23:00	01:07:00	\N	00:23:00	01:07:00	3	\N	\N	T           	\N	\N	\N
105	8	CWLYBDG	\N	\N	\N	01:10:00	\N	\N	\N	\N	\N	            	\N	\N	\N
106	8	TIVILP	\N	\N	\N	01:21:00	\N	\N	\N	\N	\N	            	\N	\N	\N
107	8	TIVIPW	\N	\N	\N	01:22:30	\N	\N	2	\N	\N	            	\N	\N	\N
108	8	TIVITNL	\N	\N	\N	01:25:30	\N	\N	\N	\N	\N	            	1	\N	\N
109	8	NTNFTZN	\N	\N	\N	01:34:00	\N	\N	\N	\N	\N	            	\N	\N	\N
110	8	TAUNTON	\N	\N	\N	01:35:30	\N	\N	4	\N	\N	            	\N	\N	\N
111	8	COGLOAD	\N	\N	\N	01:39:30	\N	\N	\N	\N	\N	            	\N	\N	\N
112	8	BRDGWTR	\N	\N	\N	01:45:00	\N	\N	\N	\N	\N	            	\N	\N	\N
113	8	UPHILLJ	\N	\N	\N	01:55:00	\N	\N	\N	\N	\N	            	\N	\N	\N
114	8	WORLEJ	\N	\N	\N	01:57:30	\N	\N	\N	\N	\N	            	\N	\N	\N
115	8	PARSNST	\N	\N	\N	02:09:30	\N	\N	2	ML	\N	            	1	\N	\N
116	8	BRSTLWJ	\N	\N	\N	02:13:30	\N	\N	\N	UM	\N	            	\N	\N	\N
117	8	BRSTLTM	\N	\N	\N	02:15:30	\N	\N	7	UF	\N	            	\N	\N	\N
118	8	BRSTLEJ	\N	\N	\N	02:16:30	\N	\N	\N	UM	\N	            	\N	\N	\N
119	8	NSMRSTJ	\N	\N	\N	02:17:30	\N	\N	\N	\N	\N	            	\N	\N	\N
120	8	BATHSPA	\N	\N	\N	02:27:00	\N	\N	2	\N	\N	            	\N	\N	\N
121	8	BTHMPTJ	\N	\N	\N	02:30:00	\N	\N	\N	\N	\N	            	\N	\N	\N
122	8	THNGLEJ	\N	\N	\N	02:37:30	\N	\N	\N	\N	\N	            	\N	\N	\N
123	8	CHIPNHM	\N	\N	\N	02:38:00	\N	\N	2	\N	\N	            	\N	1H	\N
124	8	WTNBSTJ	\N	\N	\N	02:48:30	\N	\N	\N	\N	\N	            	1	\N	\N
125	8	SDON	\N	02:55:30	03:22:30	\N	\N	\N	1	\N	\N	S           	\N	\N	\N
126	8	UFNGTN	\N	\N	\N	03:32:30	\N	\N	\N	\N	\N	            	\N	\N	\N
127	8	CHALLOW	\N	\N	\N	03:34:30	\N	\N	\N	\N	\N	            	\N	\N	\N
128	8	WANTRD	\N	\N	\N	03:37:30	\N	\N	\N	\N	\N	            	\N	2	\N
129	8	FOXHALJ	\N	\N	\N	03:45:30	\N	\N	\N	RL	\N	            	1	\N	\N
130	8	DIDCOTP	\N	\N	\N	03:47:30	\N	\N	4	RL	\N	            	\N	\N	\N
131	8	DIDCTEJ	\N	\N	\N	03:48:00	\N	\N	\N	RL	\N	            	\N	\N	\N
132	8	GORASTR	\N	\N	\N	03:54:30	\N	\N	\N	RL	\N	            	1	\N	\N
133	8	REDGWJN	\N	\N	\N	04:02:00	\N	\N	\N	RL	\N	            	1	\N	\N
134	8	RDNGSTN	\N	04:05:00	04:18:00	\N	04:05:00	\N	15	URL	\N	D -U        	\N	\N	\N
135	8	RDNGKBJ	\N	\N	\N	04:20:00	\N	\N	\N	RL	\N	            	\N	\N	\N
136	8	TWYFORD	\N	\N	\N	04:24:30	\N	\N	4	RL	\N	            	\N	\N	\N
137	8	MDNHEAD	\N	\N	\N	04:31:00	\N	\N	4	RL	\N	            	\N	\N	\N
138	8	SLOUGH	\N	\N	\N	04:37:00	\N	\N	5	RL	\N	            	\N	\N	\N
139	8	HTRWAJN	\N	\N	\N	04:43:30	\N	\N	\N	RL	\N	            	2	\N	\N
140	8	STHALL	\N	\N	\N	04:47:00	\N	\N	4	RL	\N	            	\N	\N	\N
141	8	ACTONW	\N	\N	\N	04:50:30	\N	\N	\N	RL	RL	            	1	5	\N
142	8	LDBRKJ	\N	\N	\N	05:00:00	\N	\N	\N	3	RL	            	\N	\N	\N
143	8	PRTOBJP	\N	\N	\N	05:01:30	\N	\N	\N	3	\N	            	\N	\N	\N
144	8	ROYAOJN	\N	\N	\N	05:02:30	\N	\N	\N	2	\N	            	\N	\N	\N
145	8	PADTON	\N	05:04:00	\N	\N	05:04:00	\N	1	\N	\N	TF          	\N	\N	\N
146	9	FRTWLM	\N	\N	19:50:00	\N	\N	19:50:00	2	\N	\N	TB          	\N	\N	\N
147	9	FRTWJN	\N	\N	\N	19:53:00	\N	\N	\N	\N	\N	            	\N	\N	\N
148	9	SPEANBD	\N	20:07:00	20:10:00	\N	20:07:00	20:09:00	2	\N	\N	T X         	\N	\N	\N
149	9	ROYBDGE	\N	20:17:00	20:17:00	\N	20:17:00	20:17:00	1	\N	\N	R           	\N	\N	\N
150	9	TULLOCH	\N	20:28:00	20:30:00	\N	20:28:00	20:29:00	1	\N	\N	T           	\N	\N	\N
151	9	CORROUR	\N	20:51:00	20:53:00	\N	20:51:00	20:52:00	1	\N	\N	T           	\N	1	\N
152	9	RANNOCH	\N	21:06:00	21:09:00	\N	21:06:00	21:08:00	2	\N	\N	T X         	\N	\N	\N
153	9	BOORCHY	\N	21:35:00	21:37:00	\N	21:35:00	21:36:00	1	\N	\N	T           	\N	\N	\N
154	9	TYNDRMU	\N	21:52:00	21:55:00	\N	21:52:00	21:54:00	1	\N	\N	T           	\N	\N	\N
155	9	CRNLRCH	\N	22:07:00	22:09:00	\N	22:07:00	22:08:00	1	\N	\N	T           	\N	\N	\N
156	9	ARDLUI	\N	22:27:30	22:29:00	\N	22:28:00	22:28:00	1	\N	\N	R           	\N	\N	\N
157	9	ARCHRAT	\N	22:44:00	22:45:30	\N	22:44:00	22:44:00	1	\N	\N	T           	\N	\N	\N
158	9	GLDL	\N	\N	\N	22:55:30	\N	\N	\N	\N	\N	            	\N	\N	\N
159	9	GRLCHHD	\N	23:09:30	23:11:00	\N	23:10:00	23:10:00	1	\N	\N	T           	\N	\N	\N
160	9	HLNSBRU	\N	23:23:00	23:24:30	\N	23:23:00	23:23:00	1	\N	\N	T           	\N	\N	\N
161	9	CRGDRNJ	\N	\N	\N	23:28:30	\N	\N	\N	\N	\N	            	\N	\N	\N
162	9	DLREOCH	\N	\N	\N	23:36:30	\N	\N	\N	\N	\N	            	\N	\N	\N
163	9	DMBRTNC	\N	23:38:00	23:39:30	\N	23:38:00	23:38:00	1	\N	\N	T           	\N	\N	\N
164	9	DALMUIR	\N	23:50:00	23:53:30	\N	23:50:00	23:51:00	2	\N	\N	T           	\N	\N	\N
165	9	WESTRTN	\N	\N	\N	23:59:30	\N	\N	2	\N	\N	            	\N	\N	\N
166	9	MRYHILL	\N	\N	\N	00:02:00	\N	\N	\N	\N	\N	            	\N	\N	\N
167	9	CWLRSNJ	\N	\N	\N	00:05:30	\N	\N	\N	\N	\N	            	\N	\N	\N
168	9	CWLRSEJ	\N	\N	\N	00:07:00	\N	\N	\N	UEG	\N	            	\N	\N	\N
169	9	BSHB	\N	\N	\N	00:09:30	\N	\N	\N	\N	\N	            	\N	\N	\N
170	9	LENZIE	\N	\N	\N	00:13:00	\N	\N	\N	\N	\N	            	\N	\N	\N
171	9	CROY	\N	\N	\N	00:17:00	\N	\N	1	\N	\N	            	\N	\N	\N
172	9	GNHLUJN	\N	\N	\N	00:21:00	\N	\N	\N	\N	\N	            	\N	\N	\N
173	9	FALKRKH	\N	\N	\N	00:24:00	\N	\N	1	\N	\N	            	\N	\N	\N
174	9	POLMONT	\N	\N	\N	00:26:00	\N	\N	1	\N	\N	            	\N	\N	\N
175	9	LNLTHGW	\N	\N	\N	00:29:30	\N	\N	1	\N	\N	            	\N	 H	\N
176	9	WNCBROJ	\N	\N	\N	00:34:00	\N	\N	\N	\N	\N	            	\N	 H	\N
177	9	NWBG	\N	\N	\N	00:37:30	\N	\N	\N	\N	\N	            	2	1	\N
178	9	HAYMRWJ	\N	\N	\N	00:45:00	\N	\N	\N	US	\N	            	\N	2	\N
179	9	HAYMRKT	\N	\N	\N	00:48:00	\N	\N	3	US	\N	            	\N	1	\N
180	9	PRNCSTG	\N	\N	\N	00:50:30	\N	\N	\N	Z	\N	            	\N	\N	\N
181	9	EDINBUR	\N	\N	\N	00:52:00	\N	\N	1	NL	Z	            	\N	\N	\N
182	9	EDIN813	\N	00:53:30	00:55:30	\N	\N	\N	\N	\N	\N	PRRM        	\N	\N	\N
183	9	EDINBUR	2	00:58:00	\N	\N	01:08:00	\N	2	\N	NL	TFPR        	\N	\N	\N
184	10	ABRDEEN	\N	\N	20:26:00	\N	\N	20:26:00	3	\N	\N	TB          	\N	\N	\N
185	10	ABRDFJN	\N	\N	\N	20:27:00	\N	\N	\N	\N	\N	            	\N	\N	\N
186	10	CRGISTH	\N	\N	\N	20:28:30	\N	\N	\N	\N	\N	            	\N	\N	\N
187	10	ABRD56	\N	\N	\N	20:29:00	\N	\N	\N	\N	\N	            	\N	\N	\N
188	10	ABRD230	\N	\N	\N	20:31:30	\N	\N	\N	\N	\N	            	\N	\N	\N
189	10	ABRD222	\N	\N	\N	20:37:00	\N	\N	\N	\N	\N	            	\N	\N	\N
190	10	SHVN	\N	20:43:00	20:45:00	\N	\N	20:43:00	1	\N	\N	U           	\N	\N	\N
191	10	CAARMNT	\N	\N	\N	20:52:00	\N	\N	\N	\N	\N	            	\N	\N	\N
192	10	LRNCKRK	\N	\N	\N	20:58:30	\N	\N	\N	\N	\N	            	\N	\N	\N
193	10	CRAIGO	\N	\N	\N	21:03:00	\N	\N	\N	\N	\N	            	\N	\N	\N
194	10	MONTRSE	\N	21:07:00	21:08:30	\N	\N	21:06:00	1	\N	\N	U           	\N	\N	\N
195	10	USAN	\N	\N	\N	21:12:30	\N	\N	\N	\N	\N	            	\N	\N	\N
196	10	INVKLOR	\N	\N	\N	21:17:30	\N	\N	\N	\N	\N	            	\N	\N	\N
197	10	ARBROTH	\N	21:23:30	21:25:00	\N	\N	21:23:00	1	\N	\N	U           	\N	\N	\N
198	10	CNST	\N	21:31:30	21:33:00	\N	\N	21:31:00	1	\N	\N	U           	\N	\N	\N
199	10	BRFRY	\N	\N	\N	21:40:00	\N	\N	1	\N	\N	            	1	\N	\N
200	10	CMPRDNJ	\N	\N	\N	21:43:30	\N	\N	\N	\N	\N	            	\N	\N	\N
201	10	DUNDETB	\N	21:46:00	21:56:00	\N	\N	21:54:00	1	\N	\N	U           	\N	\N	\N
202	10	DUNDCJ	\N	\N	\N	21:57:00	\N	\N	\N	\N	\N	            	\N	\N	\N
203	10	TAYBDGS	\N	\N	\N	22:06:00	\N	\N	\N	\N	\N	            	\N	\N	\N
204	10	SFORT26	\N	\N	\N	22:08:30	\N	\N	\N	\N	\N	            	\N	\N	\N
205	10	LEUCHRS	\N	22:12:00	22:14:30	\N	\N	22:12:00	1	\N	\N	U           	\N	\N	\N
206	10	CUPAR	\N	\N	\N	22:22:00	\N	\N	1	\N	\N	            	\N	\N	\N
207	10	LADYBNK	\N	\N	\N	22:27:00	\N	\N	1	\N	\N	            	1	\N	\N
208	10	THRNTNJ	\N	\N	\N	22:36:00	\N	\N	\N	\N	\N	            	\N	1	\N
209	10	THRNUPL	\N	22:38:00	22:47:00	\N	\N	\N	\N	\N	\N	A           	\N	\N	\N
210	10	THRNTSJ	\N	\N	\N	22:48:00	\N	\N	\N	\N	\N	            	\N	\N	\N
211	10	KCLD	\N	22:52:30	22:54:00	\N	\N	22:52:00	1	\N	\N	U           	\N	\N	\N
212	10	BISLND	\N	\N	\N	23:01:30	\N	\N	1	\N	\N	            	\N	\N	\N
213	10	IVRKTHG	\N	23:09:30	23:11:00	\N	\N	23:09:00	1	\N	\N	U           	\N	\N	\N
214	10	DLMYJN	\N	\N	\N	23:17:30	\N	\N	\N	\N	\N	            	1	3	\N
215	10	HAYMRWJ	\N	\N	\N	23:27:00	\N	\N	\N	UN	\N	            	\N	 H	\N
216	10	HAYMRKT	\N	\N	\N	23:28:30	\N	\N	1	UN	\N	            	\N	1	\N
217	10	PRNCSTG	\N	\N	\N	23:31:00	\N	\N	\N	Z	\N	            	\N	\N	\N
218	10	EDINBUR	\N	23:33:00	\N	\N	23:33:00	\N	2	\N	Z	TFN         	\N	\N	\N
219	11	EDINBUR	\N	\N	23:42:00	\N	\N	23:40:00	11	W	\N	TB          	\N	 H	\N
220	11	PRNCSTG	\N	\N	\N	23:44:00	\N	\N	\N	DS	\N	            	\N	1	\N
221	11	HAYMRKT	\N	\N	\N	23:46:30	\N	\N	4	\N	\N	            	\N	\N	\N
222	11	SLATEFD	\N	\N	\N	23:49:00	\N	\N	\N	\N	\N	            	\N	\N	\N
223	11	MDCLDRJ	\N	\N	\N	23:56:00	\N	\N	\N	\N	\N	            	\N	\N	\N
224	11	COBB712	\N	\N	\N	00:02:00	\N	\N	\N	\N	\N	            	\N	\N	\N
225	11	ACHNGRY	\N	\N	\N	00:04:30	\N	\N	\N	\N	\N	            	\N	\N	\N
226	11	CRSTRSE	\N	\N	\N	00:09:00	\N	\N	\N	\N	\N	            	\N	\N	\N
227	11	CRSTUPL	\N	00:11:30	00:19:30	\N	\N	\N	\N	\N	\N	A PRRM      	\N	\N	\N
228	11	CRSTRS	\N	00:21:00	\N	\N	00:21:00	\N	2	\N	\N	TFN PR      	\N	\N	\N
229	12	GLGC	\N	\N	23:40:00	\N	\N	23:40:00	1	A1	\N	TB          	\N	\N	\N
230	12	GLGCBSJ	\N	\N	\N	23:42:00	\N	\N	\N	1U	\N	            	\N	\N	\N
231	12	EGLNSTJ	\N	\N	\N	23:43:00	\N	\N	\N	UF	\N	            	\N	\N	\N
232	12	LRKFLDJ	\N	\N	\N	23:44:30	\N	\N	\N	FL	\N	            	\N	\N	\N
233	12	SHFD	\N	\N	\N	23:45:30	\N	\N	\N	\N	\N	            	\N	\N	\N
234	12	RTHGNEJ	\N	\N	\N	23:46:30	\N	\N	\N	\N	\N	            	\N	\N	\N
235	12	NWTLWJ	\N	\N	\N	23:48:00	\N	\N	\N	\N	\N	            	\N	\N	\N
236	12	NWTLEJ	\N	\N	\N	23:49:00	\N	\N	\N	\N	\N	            	\N	\N	\N
237	12	UDNGTNJ	\N	\N	\N	23:50:00	\N	\N	\N	\N	\N	            	\N	\N	\N
238	12	MOTHRWL	\N	23:54:00	23:58:00	\N	\N	23:55:00	1	\N	\N	U           	\N	\N	\N
239	12	SHILDMR	\N	\N	\N	00:01:00	\N	\N	2	\N	\N	            	\N	2H	\N
240	12	LAWJ	\N	\N	\N	00:06:30	\N	\N	\N	\N	\N	            	\N	\N	\N
241	12	LANARKJ	\N	\N	\N	00:12:30	\N	\N	\N	\N	\N	            	1	 H	\N
242	12	CRSTRSN	\N	\N	\N	00:16:30	\N	\N	\N	PL	\N	            	\N	\N	\N
243	12	CRSTRS	\N	00:18:00	00:40:00	\N	\N	00:25:00	2	\N	\N	U -U        	\N	\N	\N
244	12	CRSTRSS	\N	\N	\N	00:41:30	\N	\N	\N	\N	\N	            	\N	\N	\N
245	12	ABINGTN	\N	\N	\N	00:54:30	\N	\N	UM	\N	\N	            	\N	\N	1
246	12	BEATCKS	\N	\N	\N	01:01:30	\N	\N	UM	\N	\N	            	\N	\N	\N
247	12	BEATCK	\N	\N	\N	01:09:00	\N	\N	UM	\N	\N	            	\N	\N	\N
248	12	LCKRBIE	\N	\N	\N	01:19:30	\N	\N	2	\N	\N	            	2	\N	\N
249	12	KRKP862	\N	\N	\N	01:31:30	\N	\N	\N	\N	\N	            	\N	\N	\N
250	12	GRETNAJ	\N	\N	\N	01:34:30	\N	\N	\N	\N	\N	            	\N	1	\N
251	12	KGMRJCN	\N	\N	\N	01:40:00	\N	\N	\N	\N	\N	            	\N	\N	\N
252	12	CARLCJN	\N	\N	\N	01:41:00	\N	\N	\N	UML	\N	            	\N	\N	\N
253	12	CARLILE	\N	01:43:00	01:45:00	\N	\N	01:45:00	4	\N	\N	U           	\N	\N	\N
254	12	PNTH	\N	\N	\N	02:00:30	\N	\N	1	\N	\N	            	\N	\N	\N
255	12	EDENVGL	\N	\N	\N	02:03:30	\N	\N	\N	\N	\N	            	\N	\N	\N
256	12	SHAPSMT	\N	\N	\N	02:11:00	\N	\N	\N	\N	\N	            	\N	\N	1
257	12	TEBAY	\N	\N	\N	02:16:00	\N	\N	\N	\N	\N	            	\N	\N	\N
258	12	GRIGG	\N	\N	\N	02:22:30	\N	\N	\N	\N	\N	            	\N	\N	\N
259	12	OXENHLM	\N	\N	\N	02:28:00	\N	\N	1	\N	\N	            	1	\N	\N
260	12	CRNFNJN	\N	\N	\N	02:38:30	\N	\N	\N	\N	\N	            	\N	\N	\N
261	12	MORCMSJ	\N	\N	\N	02:42:00	\N	\N	\N	\N	\N	            	\N	\N	1
262	12	LANCSTR	\N	\N	\N	02:44:30	\N	\N	UFL	\N	\N	            	\N	\N	\N
263	12	GSTANG	\N	\N	\N	02:53:30	\N	\N	\N	\N	\N	            	2	\N	\N
264	12	PRSTNFJ	\N	\N	\N	03:04:30	\N	\N	\N	DFL	\N	            	\N	\N	\N
265	12	PRST	\N	03:06:00	03:15:00	\N	\N	\N	3	DFL	DFL	C A         	\N	\N	\N
266	12	PRSTRJN	\N	\N	\N	03:16:30	\N	\N	\N	FL	\N	            	\N	\N	\N
267	12	EUXTONJ	\N	\N	\N	03:20:30	\N	\N	\N	\N	\N	            	\N	\N	\N
268	12	BALSHWL	\N	\N	\N	03:22:00	\N	\N	\N	\N	\N	            	\N	\N	\N
269	12	WIGANNW	\N	\N	\N	03:27:30	\N	\N	4	\N	\N	            	\N	\N	\N
270	12	WIGASJN	\N	\N	\N	03:28:00	\N	\N	\N	\N	\N	            	\N	\N	\N
271	12	SPRBJN	\N	\N	\N	03:29:00	\N	\N	\N	SL	\N	            	\N	\N	\N
272	12	GOLBRNJ	\N	\N	\N	03:34:00	\N	\N	\N	FL	\N	            	\N	\N	\N
273	12	WINWCKJ	\N	\N	\N	03:37:30	\N	\N	\N	\N	\N	            	\N	\N	\N
274	12	DALAMBR	\N	\N	\N	03:40:00	\N	\N	\N	\N	\N	            	\N	\N	\N
275	12	WRGTNBQ	\N	\N	\N	03:41:30	\N	\N	2	OL	\N	            	\N	\N	\N
276	12	WRGTWOJ	\N	\N	\N	03:44:00	\N	\N	\N	\N	\N	            	\N	\N	\N
277	12	ACGJN	\N	\N	\N	03:46:30	\N	\N	\N	FL	\N	            	1	\N	\N
278	12	WEAVERJ	\N	\N	\N	03:53:30	\N	\N	\N	\N	\N	            	\N	\N	\N
279	12	ACBG	\N	\N	\N	03:55:30	\N	\N	\N	\N	\N	            	\N	\N	\N
280	12	HARTFDJ	\N	\N	\N	03:56:30	\N	\N	\N	\N	\N	            	\N	\N	1
281	12	WNSFD	\N	\N	\N	04:01:30	\N	\N	\N	SL	\N	            	1	\N	\N
282	12	CREWECY	\N	\N	\N	04:08:00	\N	\N	\N	\N	\N	            	\N	\N	\N
283	12	CREWE	\N	\N	\N	04:11:00	\N	\N	UFL	\N	\N	            	\N	\N	\N
284	12	CREWBHJ	\N	\N	\N	04:13:00	\N	\N	\N	\N	\N	            	\N	 H	\N
285	12	MADELEY	\N	\N	\N	04:18:30	\N	\N	\N	SL	SL	            	1	2	\N
286	12	LBRDFJN	\N	\N	\N	04:30:30	\N	\N	\N	\N	\N	            	\N	\N	1
287	12	STAFFRD	\N	\N	\N	04:34:30	\N	\N	4	SL	SL	            	\N	\N	\N
288	12	STAFTVJ	\N	\N	\N	04:35:00	\N	\N	\N	\N	\N	            	\N	\N	\N
289	12	WHHSJN	\N	\N	\N	04:37:30	\N	\N	\N	FL	\N	            	\N	 H	\N
290	12	COLWICH	\N	\N	\N	04:40:30	\N	\N	\N	FL	FL	            	\N	\N	\N
291	12	RUGLYNJ	\N	\N	\N	04:42:30	\N	\N	\N	FL	FL	            	\N	\N	1
292	12	LCHTNJ	\N	\N	\N	04:49:00	\N	\N	\N	FL	FL	            	\N	\N	\N
293	12	AMNGTNJ	\N	\N	\N	04:55:00	\N	\N	\N	FL	FL	            	\N	1H	\N
294	12	NNTN	\N	\N	\N	05:06:00	\N	\N	4	FL	FL	            	10	\N	1
295	12	RUGBTVJ	\N	\N	\N	05:27:30	\N	\N	\N	FL	FL	            	\N	\N	\N
296	12	RUGBY	\N	\N	\N	05:28:00	\N	\N	4	FL	FL	            	\N	1	\N
297	12	HMTNJ	\N	\N	\N	05:30:00	\N	\N	\N	\N	\N	            	\N	\N	\N
298	12	WEEDON	\N	\N	\N	05:38:30	\N	\N	\N	FL	FL	            	10	 H	\N
299	12	HANSLPJ	\N	\N	\N	05:59:30	\N	\N	\N	SL	FL	            	\N	\N	\N
300	12	MKNSCEN	\N	\N	\N	06:05:00	\N	\N	1	SL	SL	            	\N	\N	\N
301	12	DNBGHSJ	\N	\N	\N	06:07:00	\N	\N	\N	\N	\N	            	\N	\N	\N
302	12	BLTCHLY	\N	\N	\N	06:08:00	\N	\N	4	SL	SL	            	\N	4	\N
303	12	LEDBRNJ	\N	\N	\N	06:20:00	\N	\N	\N	FL	SL	            	1	\N	\N
304	12	TRING	\N	\N	\N	06:25:30	\N	\N	2	FL	FL	            	\N	\N	\N
305	12	BONENDJ	\N	\N	\N	06:30:00	\N	\N	\N	FL	FL	            	\N	 H	1
306	12	WATFDJ	\N	06:38:00	06:40:00	\N	06:40:00	\N	7	FL	FL	D           	\N	\N	\N
307	12	HROW	\N	\N	\N	06:45:30	\N	\N	4	FL	FL	            	1	\N	\N
308	12	WMBY	\N	\N	\N	06:49:00	\N	\N	4	\N	\N	            	\N	\N	\N
309	12	WLSDWLJ	\N	\N	\N	06:51:00	\N	\N	\N	FL	FL	            	\N	\N	2H
310	12	CMDNJN	\N	\N	\N	06:56:30	\N	\N	\N	A	\N	            	\N	\N	\N
311	12	CMDNSTH	\N	\N	\N	06:57:00	\N	\N	\N	\N	\N	            	\N	\N	\N
312	12	EUSTON	\N	07:00:00	\N	\N	07:15:00	\N	1	\N	\N	TF          	\N	\N	\N
313	13	IVRNESS	\N	\N	20:45:00	\N	\N	20:45:00	2	\N	\N	TB          	\N	\N	\N
314	13	MILBRNJ	\N	\N	\N	20:46:30	\N	\N	\N	DH	\N	            	\N	\N	\N
315	13	CRAHALL	\N	\N	\N	20:48:00	\N	\N	\N	\N	\N	            	\N	\N	\N
316	13	CULDNMR	\N	\N	\N	20:55:00	\N	\N	\N	\N	\N	            	\N	\N	\N
317	13	MOYY	\N	\N	\N	21:06:30	\N	\N	\N	\N	\N	X           	\N	\N	\N
318	13	TOMATIN	\N	\N	\N	21:10:30	\N	\N	\N	\N	\N	            	\N	\N	\N
319	13	SLOCHD	\N	\N	\N	21:15:00	\N	\N	\N	\N	\N	            	\N	\N	\N
320	13	CARRBDG	\N	\N	\N	21:20:00	\N	\N	1	\N	\N	            	1	\N	\N
321	13	AVIEMRE	\N	21:27:00	21:34:00	\N	\N	21:32:00	1	\N	\N	U           	\N	\N	\N
322	13	KNCRAIG	\N	\N	\N	21:41:00	\N	\N	\N	\N	\N	            	\N	\N	\N
323	13	KGUSSIE	\N	21:46:00	21:50:00	\N	\N	21:48:00	2	\N	\N	U X         	\N	\N	\N
324	13	NWTM	\N	21:54:30	21:56:30	\N	\N	21:54:00	1	\N	\N	U           	\N	\N	\N
325	13	DALWHIN	\N	22:09:00	22:11:00	\N	\N	22:09:00	1	\N	\N	U X         	\N	\N	\N
326	13	DLNSPDL	\N	\N	\N	22:19:00	\N	\N	\N	\N	\N	            	\N	\N	\N
327	13	DLNCRDH	\N	\N	\N	22:24:30	\N	\N	\N	\N	\N	            	1	\N	\N
328	13	BLARATH	\N	22:35:30	22:37:30	\N	\N	22:35:00	1	\N	\N	U           	\N	\N	\N
329	13	PTLCHRY	\N	22:47:00	22:49:00	\N	\N	22:47:00	1	\N	\N	U           	\N	\N	\N
330	13	DUNKELD	\N	23:01:30	23:05:30	\N	\N	23:03:00	1	\N	\N	U           	\N	\N	\N
331	13	STNY	\N	\N	\N	23:15:00	\N	\N	\N	\N	\N	            	1	\N	\N
332	13	PERTH	\N	23:23:30	23:28:30	\N	\N	23:26:00	4	\N	\N	U           	\N	\N	\N
333	13	HILTONJ	\N	\N	\N	23:33:00	\N	\N	\N	\N	\N	            	\N	\N	\N
334	13	HILT4	\N	\N	\N	23:36:00	\N	\N	\N	\N	\N	            	\N	\N	\N
335	13	AUCHTDR	\N	\N	\N	23:44:00	\N	\N	\N	\N	\N	            	\N	\N	\N
336	13	GLNEGLS	\N	23:46:00	23:47:30	\N	\N	23:45:00	1	\N	\N	U           	\N	\N	\N
337	13	BLFD	\N	\N	\N	23:51:30	\N	\N	\N	\N	\N	            	\N	\N	\N
338	13	GRNLNNG	\N	\N	\N	23:55:30	\N	\N	\N	\N	\N	            	1	\N	\N
339	13	DUNANE	\N	00:02:00	00:04:00	\N	\N	00:02:00	1	\N	\N	U           	\N	\N	\N
340	13	STIRLNG	\N	00:11:30	00:13:30	\N	\N	00:11:00	3	\N	\N	U           	\N	\N	\N
341	13	LARBERJ	\N	\N	\N	00:21:30	\N	\N	\N	\N	\N	            	\N	\N	\N
342	13	CRMRSEJ	\N	\N	\N	00:22:30	\N	\N	\N	\N	\N	            	1	\N	\N
343	13	FALKRKG	\N	00:26:30	00:28:00	\N	\N	00:26:00	1	\N	\N	U           	\N	\N	\N
344	13	GRNGMTJ	\N	\N	\N	00:30:30	\N	\N	\N	\N	\N	            	\N	\N	\N
345	13	POLMONT	\N	\N	\N	00:33:30	\N	\N	1	\N	\N	            	\N	\N	\N
346	13	LNLTHGW	\N	\N	\N	00:37:30	\N	\N	1	\N	\N	            	\N	\N	\N
347	13	WNCBROJ	\N	\N	\N	00:41:30	\N	\N	\N	\N	\N	            	\N	\N	\N
348	13	NWBG	\N	\N	\N	00:44:30	\N	\N	\N	\N	\N	            	2	\N	\N
349	13	HAYMRWJ	\N	\N	\N	00:51:00	\N	\N	\N	US	\N	            	\N	\N	\N
350	13	HAYMRKT	\N	\N	\N	00:52:00	\N	\N	3	US	\N	            	\N	 H	\N
351	13	PRNCSTG	\N	\N	\N	00:54:00	\N	\N	\N	Z	\N	            	\N	\N	\N
352	13	EDINBUR	\N	00:56:00	01:24:00	\N	\N	\N	2	Z	Z	-UL         	\N	\N	\N
353	13	PRNCSTG	2	\N	\N	01:25:30	\N	\N	\N	DS	\N	            	\N	\N	\N
354	13	HAYMRKT	2	\N	\N	01:27:00	\N	\N	4	\N	\N	            	\N	\N	\N
355	13	SLATEFD	\N	\N	\N	01:29:00	\N	\N	\N	\N	\N	            	\N	\N	\N
356	13	MDCLDRJ	\N	\N	\N	01:36:30	\N	\N	\N	\N	\N	            	\N	\N	\N
357	13	COBB712	\N	\N	\N	01:42:30	\N	\N	\N	\N	\N	            	\N	\N	\N
358	13	ACHNGRY	\N	\N	\N	01:45:00	\N	\N	\N	\N	\N	            	\N	\N	\N
359	13	CRSTRSE	\N	\N	\N	01:49:30	\N	\N	\N	\N	\N	            	1	\N	\N
360	13	CRSTRSS	\N	\N	\N	01:51:30	\N	\N	\N	\N	\N	            	\N	\N	\N
361	13	ABINGTN	\N	\N	\N	02:06:00	\N	\N	UM	\N	\N	            	\N	\N	\N
362	13	BEATCKS	\N	\N	\N	02:12:00	\N	\N	UM	\N	\N	            	\N	\N	\N
363	13	BEATCK	\N	\N	\N	02:19:30	\N	\N	UM	\N	\N	            	\N	\N	\N
364	13	LCKRBIE	\N	\N	\N	02:30:00	\N	\N	2	\N	\N	            	2	\N	\N
365	13	KRKP862	\N	\N	\N	02:42:00	\N	\N	\N	\N	\N	            	\N	\N	\N
366	13	GRETNAJ	\N	\N	\N	02:45:00	\N	\N	\N	\N	\N	            	\N	\N	\N
367	13	KGMRJCN	\N	\N	\N	02:49:30	\N	\N	\N	\N	\N	            	\N	\N	\N
368	13	CARLCJN	\N	\N	\N	02:50:30	\N	\N	\N	UML	\N	            	\N	\N	\N
369	13	CARLILE	\N	02:52:30	02:54:30	\N	\N	\N	4	\N	\N	S           	\N	\N	\N
370	13	PNTH	\N	\N	\N	03:10:00	\N	\N	1	\N	\N	            	\N	\N	\N
371	13	EDENVGL	\N	\N	\N	03:13:00	\N	\N	\N	\N	\N	            	\N	\N	\N
372	13	SHAPSMT	\N	\N	\N	03:20:30	\N	\N	\N	\N	\N	            	\N	\N	\N
373	13	TEBAY	\N	\N	\N	03:24:30	\N	\N	\N	\N	\N	            	\N	\N	\N
374	13	GRIGG	\N	\N	\N	03:31:00	\N	\N	\N	\N	\N	            	\N	\N	\N
375	13	OXENHLM	\N	\N	\N	03:36:30	\N	\N	1	\N	\N	            	1	\N	\N
376	13	CRNFNJN	\N	\N	\N	03:47:00	\N	\N	\N	\N	\N	            	\N	\N	\N
377	13	MORCMSJ	\N	\N	\N	03:50:30	\N	\N	\N	\N	\N	            	\N	\N	\N
378	13	LANCSTR	\N	\N	\N	03:52:00	\N	\N	UFL	\N	\N	            	\N	\N	\N
379	13	GSTANG	\N	\N	\N	04:01:00	\N	\N	\N	\N	\N	            	2	\N	\N
380	13	PRSTNFJ	\N	\N	\N	04:12:00	\N	\N	\N	UFL	\N	            	\N	\N	\N
381	13	PRST	\N	04:13:30	04:15:30	\N	04:15:00	\N	4	UFL	UFL	D           	\N	\N	\N
382	13	PRSTRJN	\N	\N	\N	04:17:00	\N	\N	\N	FL	\N	            	\N	\N	\N
383	13	EUXTONJ	\N	\N	\N	04:21:00	\N	\N	\N	\N	\N	            	\N	\N	\N
384	13	BALSHWL	\N	\N	\N	04:22:30	\N	\N	\N	\N	\N	            	\N	\N	\N
385	13	WIGANNW	\N	\N	\N	04:28:00	\N	\N	4	\N	\N	            	\N	\N	\N
386	13	WIGASJN	\N	\N	\N	04:28:30	\N	\N	\N	\N	\N	            	\N	\N	\N
387	13	SPRBJN	\N	\N	\N	04:29:00	\N	\N	\N	SL	\N	            	\N	\N	\N
388	13	GOLBRNJ	\N	\N	\N	04:34:00	\N	\N	\N	FL	\N	            	\N	\N	\N
389	13	WINWCKJ	\N	\N	\N	04:37:30	\N	\N	\N	\N	\N	            	\N	\N	\N
390	13	DALAMBR	\N	\N	\N	04:40:00	\N	\N	\N	\N	\N	            	\N	\N	\N
391	13	WRGTNBQ	\N	\N	\N	04:41:30	\N	\N	2	OL	\N	            	\N	\N	\N
392	13	WRGTWOJ	\N	\N	\N	04:44:00	\N	\N	\N	\N	\N	            	\N	\N	\N
393	13	ACGJN	\N	\N	\N	04:46:30	\N	\N	\N	FL	\N	            	1	\N	\N
394	13	WEAVERJ	\N	\N	\N	04:53:30	\N	\N	\N	\N	\N	            	\N	\N	\N
395	13	ACBG	\N	\N	\N	04:55:30	\N	\N	\N	\N	\N	            	\N	\N	\N
396	13	HARTFDJ	\N	\N	\N	04:56:30	\N	\N	\N	\N	\N	            	\N	1H	1
397	13	WNSFD	\N	\N	\N	05:03:00	\N	\N	\N	SL	\N	            	1	\N	\N
398	13	CREWECY	\N	\N	\N	05:09:30	\N	\N	\N	\N	\N	            	\N	\N	\N
399	13	CREWE	\N	05:11:00	05:14:00	\N	05:12:00	\N	5	\N	\N	D           	\N	 H	\N
400	13	CREWBHJ	\N	\N	\N	05:18:00	\N	\N	\N	FL	\N	            	\N	\N	\N
401	13	MADELEY	\N	\N	\N	05:23:00	\N	\N	\N	FL	FL	            	1	\N	\N
402	13	NTNB	\N	\N	\N	05:32:00	\N	\N	\N	FL	FL	            	\N	\N	\N
403	13	STAFFRD	\N	\N	\N	05:37:00	\N	\N	UFL	FL	FL	            	\N	\N	\N
404	13	STAFFSJ	\N	\N	\N	05:37:30	\N	\N	\N	SL	\N	            	\N	\N	\N
405	13	STAFTVJ	\N	\N	\N	05:38:00	\N	\N	\N	\N	\N	            	\N	\N	\N
406	13	PNKRDG	\N	\N	\N	05:42:00	\N	\N	\N	\N	\N	            	1	1	\N
407	13	BSBYJN	\N	\N	\N	05:51:30	\N	\N	\N	\N	\N	            	\N	\N	\N
408	13	PBLJWM	\N	\N	\N	05:54:30	\N	\N	\N	\N	\N	            	\N	\N	\N
409	13	DRLSTNJ	\N	\N	\N	05:57:00	\N	\N	\N	\N	\N	            	\N	\N	\N
410	13	BSCTSTA	\N	\N	\N	05:58:00	\N	\N	\N	\N	\N	            	1	\N	\N
411	13	PRYBRNJ	\N	\N	\N	06:02:30	\N	\N	\N	\N	\N	            	\N	\N	\N
412	13	ASTON	\N	\N	\N	06:04:30	\N	\N	2	\N	\N	            	\N	4	\N
413	13	STECHFD	\N	\N	\N	06:13:30	\N	\N	\N	\N	\N	            	\N	\N	\N
414	13	BHAMINT	\N	06:18:30	06:21:00	\N	06:20:00	\N	5	\N	\N	D           	\N	\N	\N
415	13	BKSWELL	\N	\N	\N	06:26:00	\N	\N	\N	\N	\N	            	1	\N	\N
416	13	COVNTRY	\N	\N	\N	06:31:00	\N	\N	2	\N	\N	            	1	\N	\N
417	13	RUGBTVJ	\N	\N	\N	06:40:00	\N	\N	\N	FL	\N	            	\N	\N	\N
418	13	RUGBY	\N	\N	\N	06:41:00	\N	\N	4	FL	FL	            	\N	\N	\N
419	13	HMTNJ	\N	\N	\N	06:42:00	\N	\N	\N	\N	\N	            	\N	\N	\N
420	13	WEEDON	\N	\N	\N	06:50:30	\N	\N	\N	FL	FL	            	\N	\N	\N
421	13	HANSLPJ	\N	\N	\N	07:00:30	\N	\N	\N	FL	FL	            	\N	\N	\N
422	13	MKNSCEN	\N	\N	\N	07:05:30	\N	\N	4	FL	FL	            	\N	\N	\N
423	13	BLTCHLY	\N	\N	\N	07:07:30	\N	\N	2	FL	FL	            	\N	\N	\N
424	13	LEDBRNJ	\N	\N	\N	07:14:30	\N	\N	\N	FL	FL	            	1	\N	\N
425	13	TRING	\N	\N	\N	07:20:00	\N	\N	2	FL	FL	            	\N	\N	\N
426	13	BONENDJ	\N	\N	\N	07:24:30	\N	\N	\N	FL	FL	            	\N	\N	\N
427	13	WATFDJ	\N	\N	\N	07:30:30	\N	\N	7	FL	FL	            	\N	\N	\N
428	13	HROW	\N	\N	\N	07:35:00	\N	\N	4	FL	FL	            	1	\N	\N
429	13	WMBY	\N	\N	\N	07:38:30	\N	\N	4	\N	\N	            	\N	\N	\N
430	13	WLSDWLJ	\N	\N	\N	07:40:30	\N	\N	\N	FL	FL	            	\N	\N	\N
431	13	CMDNJN	\N	\N	\N	07:43:30	\N	\N	\N	D	\N	            	\N	\N	\N
432	13	CMDNSTH	\N	\N	\N	07:44:00	\N	\N	\N	\N	\N	            	\N	\N	\N
433	13	EUSTON	\N	07:47:00	\N	\N	08:00:00	\N	15	\N	\N	TF          	\N	\N	\N
434	14	EUSTON	\N	\N	21:15:00	\N	\N	21:15:00	1	X	\N	TBK         	\N	\N	\N
435	14	CMDNSTH	\N	\N	\N	21:18:00	\N	\N	\N	E	\N	            	\N	\N	\N
436	14	CMDNJN	\N	\N	\N	21:18:30	\N	\N	\N	FL	\N	            	\N	\N	\N
437	14	WLSDWLJ	\N	\N	\N	21:21:30	\N	\N	\N	FL	FL	            	\N	\N	\N
438	14	WMBY	\N	\N	\N	21:23:30	\N	\N	3	\N	\N	            	\N	\N	\N
439	14	HROW	\N	\N	\N	21:26:00	\N	\N	3	FL	FL	            	\N	\N	\N
440	14	WATFDJ	\N	\N	\N	21:30:30	\N	\N	6	FL	FL	            	\N	\N	\N
441	14	BONENDJ	\N	\N	\N	21:36:30	\N	\N	\N	FL	FL	            	\N	\N	\N
442	14	TRING	\N	\N	\N	21:41:00	\N	\N	1	FL	FL	            	\N	\N	\N
443	14	LEDBRNJ	\N	\N	\N	21:45:30	\N	\N	\N	FL	FL	            	\N	\N	\N
444	14	BLTCHLY	\N	\N	\N	21:52:30	\N	\N	1	FL	FL	            	\N	\N	\N
445	14	MKNSCEN	\N	\N	\N	21:55:00	\N	\N	6	FL	FL	            	1	\N	\N
446	14	HANSLPJ	\N	\N	\N	22:01:00	\N	\N	\N	FL	FL	            	\N	\N	 H
447	14	WEEDON	\N	\N	\N	22:11:30	\N	\N	\N	FL	FL	            	1	\N	\N
448	14	HMTNJ	\N	\N	\N	22:21:00	\N	\N	\N	\N	\N	            	\N	\N	\N
449	14	RUGBY	\N	\N	\N	22:22:00	\N	\N	DFL	FL	FL	            	\N	\N	\N
450	14	RUGBTVJ	\N	\N	\N	22:22:30	\N	\N	\N	\N	FL	            	1	 H	\N
451	14	COVNTRY	\N	\N	\N	22:32:00	\N	\N	3	\N	\N	            	\N	\N	\N
452	14	BKSWELL	\N	\N	\N	22:36:00	\N	\N	\N	\N	\N	            	\N	1	\N
453	14	BHAMINT	\N	22:41:30	22:44:30	\N	\N	22:42:00	3	\N	\N	U           	\N	\N	\N
454	14	STECHFD	\N	\N	\N	22:50:00	\N	\N	\N	\N	\N	            	1	\N	\N
455	14	ASTON	\N	\N	\N	22:56:00	\N	\N	1	\N	\N	            	\N	\N	\N
456	14	PRYBRNJ	\N	\N	\N	22:58:30	\N	\N	\N	\N	\N	            	\N	\N	\N
457	14	BSCTSTA	\N	\N	\N	23:02:00	\N	\N	\N	\N	\N	            	1	\N	\N
458	14	DRLSTNJ	\N	\N	\N	23:04:00	\N	\N	\N	\N	\N	            	\N	\N	\N
459	14	PBLJWM	\N	\N	\N	23:06:30	\N	\N	\N	\N	\N	            	\N	\N	\N
460	14	BSBYJN	\N	\N	\N	23:09:00	\N	\N	\N	\N	\N	            	\N	\N	\N
461	14	PNKRDG	\N	\N	\N	23:17:00	\N	\N	\N	\N	\N	            	1	\N	\N
462	14	STAFTVJ	\N	\N	\N	23:22:00	\N	\N	\N	SL	\N	            	\N	\N	\N
463	14	STAFFRD	\N	\N	\N	23:22:30	\N	\N	5	SL	SL	            	\N	\N	\N
464	14	SLIGHTJ	\N	\N	\N	23:27:00	\N	\N	\N	\N	\N	            	\N	\N	\N
465	14	MADELEY	\N	\N	\N	23:35:00	\N	\N	\N	SL	SL	            	1	2	 H
466	14	CREWBHJ	\N	\N	\N	23:43:30	\N	\N	\N	\N	\N	            	\N	1H	\N
467	14	CREWE	\N	23:47:00	23:50:00	\N	\N	23:45:00	6	\N	\N	U K         	\N	\N	\N
468	14	CREWECY	\N	\N	\N	23:51:30	\N	\N	\N	\N	\N	            	\N	\N	\N
469	14	WNSFD	\N	\N	\N	23:57:30	\N	\N	\N	FL	\N	            	\N	\N	\N
470	14	HARTFDJ	\N	\N	\N	00:01:00	\N	\N	\N	\N	\N	            	\N	\N	\N
471	14	ACBG	\N	\N	\N	00:02:30	\N	\N	\N	\N	\N	            	\N	\N	\N
472	14	WEAVERJ	\N	\N	\N	00:04:00	\N	\N	\N	\N	\N	            	\N	\N	\N
473	14	ACGJN	\N	\N	\N	00:11:30	\N	\N	\N	OL	\N	            	\N	\N	\N
474	14	WRGTWOJ	\N	\N	\N	00:14:00	\N	\N	\N	\N	\N	            	\N	\N	\N
475	14	WRGTNBQ	\N	\N	\N	00:17:00	\N	\N	3	FL	\N	            	\N	\N	\N
476	14	DALAMBR	\N	\N	\N	00:18:00	\N	\N	\N	\N	\N	            	\N	\N	\N
477	14	WINWCKJ	\N	\N	\N	00:20:30	\N	\N	\N	\N	\N	            	\N	\N	\N
478	14	GOLBRNJ	\N	\N	\N	00:24:00	\N	\N	\N	SL	\N	            	\N	\N	\N
479	14	SPRBJN	\N	\N	\N	00:28:00	\N	\N	\N	FL	\N	            	\N	\N	\N
480	14	WIGASJN	\N	\N	\N	00:28:30	\N	\N	\N	\N	\N	            	\N	\N	\N
481	14	WIGANNW	\N	\N	\N	00:29:00	\N	\N	5	\N	\N	            	\N	 H	1
482	14	BALSHWL	\N	\N	\N	00:36:00	\N	\N	\N	\N	\N	            	1	\N	\N
483	14	EUXTONJ	\N	\N	\N	00:38:30	\N	\N	\N	\N	\N	            	1	2	\N
484	14	PRSTRJN	\N	\N	\N	00:46:00	\N	\N	\N	DFL	\N	            	\N	\N	 H
485	14	PRST	\N	00:48:00	00:58:00	\N	\N	00:30:00	4	UFL	DFL	U K         	\N	\N	\N
486	14	PRSTNFJ	\N	\N	\N	00:59:30	\N	\N	\N	\N	\N	            	\N	\N	\N
487	14	BBGHGL	\N	\N	\N	01:03:30	\N	\N	\N	\N	\N	            	\N	\N	\N
488	14	GSTANG	\N	\N	\N	01:07:00	\N	\N	\N	\N	\N	            	\N	\N	\N
489	14	LANCSTR	\N	\N	\N	01:16:30	\N	\N	DFL	\N	\N	            	\N	\N	\N
490	14	MORCMSJ	\N	\N	\N	01:18:00	\N	\N	\N	\N	\N	            	\N	\N	\N
491	14	CRNFNJN	\N	\N	\N	01:21:00	\N	\N	\N	\N	\N	            	\N	\N	\N
492	14	OXENHLM	\N	\N	\N	01:31:00	\N	\N	2	\N	\N	            	\N	\N	\N
493	14	GRIGG	\N	\N	\N	01:36:30	\N	\N	\N	\N	\N	            	1	\N	\N
494	14	TEBAY	\N	\N	\N	01:42:00	\N	\N	\N	\N	\N	            	\N	\N	\N
495	14	SHAPSMT	\N	\N	\N	01:46:00	\N	\N	\N	\N	\N	            	\N	\N	\N
496	14	SHAPHNS	\N	\N	\N	01:49:00	\N	\N	\N	\N	\N	            	\N	 H	\N
497	14	PNTH	\N	\N	\N	01:58:00	\N	\N	2	\N	\N	            	2	\N	1
498	14	CARLILE	\N	02:15:30	02:18:30	\N	\N	\N	3	DML	\N	S           	\N	\N	\N
499	14	CARLCJN	\N	\N	\N	02:20:30	\N	\N	\N	\N	\N	            	\N	\N	\N
500	14	KGMRJCN	\N	\N	\N	02:22:00	\N	\N	\N	\N	\N	            	\N	\N	\N
501	14	FLORSTN	\N	\N	\N	02:25:00	\N	\N	\N	\N	\N	            	\N	\N	\N
502	14	GRETNAJ	\N	\N	\N	02:27:00	\N	\N	\N	\N	\N	            	\N	\N	\N
503	14	KRKP863	\N	\N	\N	02:30:00	\N	\N	\N	\N	\N	            	\N	\N	\N
504	14	LCKRBIE	\N	\N	\N	02:39:30	\N	\N	1	\N	\N	            	\N	\N	\N
505	14	BEATCK	\N	\N	\N	02:50:30	\N	\N	DM	\N	\N	            	\N	\N	1
506	14	BEATCKS	\N	\N	\N	02:59:30	\N	\N	DM	\N	\N	            	\N	 H	\N
507	14	ABINGTN	\N	\N	\N	03:06:00	\N	\N	DM	\N	\N	            	2	\N	\N
508	14	CRSTRSS	\N	\N	\N	03:20:00	\N	\N	\N	\N	\N	            	\N	\N	\N
509	14	CRSTRSE	\N	\N	\N	03:21:00	\N	\N	\N	\N	\N	            	\N	\N	\N
510	14	ACHNGRY	\N	\N	\N	03:25:30	\N	\N	\N	\N	\N	            	\N	\N	\N
511	14	COBB713	\N	\N	\N	03:28:00	\N	\N	\N	\N	\N	            	\N	\N	\N
512	14	MDCLDRJ	\N	\N	\N	03:34:00	\N	\N	\N	\N	\N	            	1	\N	\N
513	14	SLATEFD	\N	\N	\N	03:42:00	\N	\N	\N	\N	\N	            	\N	\N	\N
514	14	HAYMRKT	\N	\N	\N	03:44:00	\N	\N	3	US	\N	            	\N	\N	\N
515	14	PRNCSTG	\N	\N	\N	03:45:30	\N	\N	\N	Z	\N	            	\N	\N	\N
516	14	EDINBUR	\N	03:47:00	04:20:00	\N	\N	\N	2	Z	Z	L -D        	\N	\N	\N
517	14	PRNCSTG	2	\N	\N	04:21:30	\N	\N	\N	DS	\N	            	\N	\N	\N
518	14	HAYMRKT	2	\N	\N	04:23:00	\N	\N	4	DS	\N	            	\N	\N	\N
519	14	HAYMRWJ	\N	\N	\N	04:24:30	\N	\N	\N	\N	DS	            	\N	\N	\N
520	14	NWBG	\N	\N	\N	04:31:00	\N	\N	\N	\N	\N	            	\N	\N	\N
521	14	WNCBROJ	\N	\N	\N	04:34:30	\N	\N	\N	\N	\N	            	\N	\N	\N
522	14	LNLTHGW	\N	\N	\N	04:38:30	\N	\N	2	\N	\N	            	\N	\N	\N
523	14	POLMONT	\N	\N	\N	04:44:00	\N	\N	2	\N	\N	            	\N	\N	\N
524	14	GRNGMTJ	\N	\N	\N	04:47:00	\N	\N	\N	\N	\N	            	1	\N	\N
525	14	CRMRSEJ	\N	\N	\N	04:50:30	\N	\N	\N	\N	\N	            	\N	\N	\N
526	14	LARBERJ	\N	\N	\N	04:51:30	\N	\N	\N	\N	\N	            	\N	\N	\N
527	14	STIRLNG	\N	04:58:30	05:00:00	\N	04:59:00	\N	2	\N	\N	D           	\N	\N	\N
528	14	DUNANE	\N	05:08:00	05:09:30	\N	05:08:00	\N	2	\N	\N	D           	\N	\N	\N
529	14	DUNA43	\N	\N	\N	05:13:00	\N	\N	\N	\N	\N	            	1	\N	\N
530	14	GRNLNNG	\N	\N	\N	05:17:30	\N	\N	\N	\N	\N	            	\N	\N	\N
531	14	BLFD	\N	\N	\N	05:21:30	\N	\N	\N	\N	\N	            	\N	\N	\N
532	14	GLNEGLS	\N	05:23:30	05:25:00	\N	05:24:00	\N	2	\N	\N	D           	\N	\N	\N
533	14	AUCHTDR	\N	\N	\N	05:27:30	\N	\N	\N	\N	\N	            	\N	\N	\N
534	14	HILT19	\N	\N	\N	05:34:30	\N	\N	\N	\N	\N	            	1	\N	\N
535	14	HILTONJ	\N	\N	\N	05:38:30	\N	\N	\N	\N	\N	            	\N	\N	\N
536	14	PERTH	\N	05:42:00	05:43:30	\N	05:42:00	\N	7	\N	\N	D           	\N	\N	\N
537	14	STNY	\N	\N	\N	05:53:00	\N	\N	\N	\N	\N	            	\N	\N	\N
538	14	DUNKELD	\N	06:02:00	06:03:30	\N	06:02:00	\N	1	\N	\N	D           	\N	\N	\N
539	14	PTLCHRY	\N	06:16:00	06:17:30	\N	06:16:00	\N	1	\N	\N	D           	\N	\N	\N
540	14	BLARATH	\N	06:28:00	06:29:30	\N	06:28:00	\N	2	\N	\N	D           	\N	\N	\N
541	14	DLNCRDH	\N	\N	\N	06:41:30	\N	\N	\N	\N	\N	            	\N	\N	\N
542	14	DLNSPDL	\N	\N	\N	06:49:30	\N	\N	\N	\N	\N	            	1	\N	\N
543	14	DALWHIN	\N	06:59:00	07:00:30	\N	06:59:00	\N	2	\N	\N	D           	\N	\N	\N
544	14	NWTM	\N	07:10:30	07:12:00	\N	07:11:00	\N	1	\N	\N	D           	\N	\N	\N
545	14	KGUSSIE	\N	07:16:00	07:17:30	\N	07:16:00	07:17:00	1	\N	\N	T           	\N	\N	\N
546	14	KNCRAIG	\N	07:25:00	07:31:00	\N	\N	\N	\N	\N	\N	A X         	1	\N	\N
547	14	AVIEMRE	\N	07:38:30	07:43:00	\N	07:39:00	07:43:00	1	\N	\N	T           	\N	\N	\N
548	14	CARRBDG	\N	07:53:00	07:54:30	\N	07:53:00	07:54:00	1	\N	\N	T           	\N	\N	\N
549	14	SLOCHD	\N	\N	\N	08:02:30	\N	\N	\N	\N	\N	            	\N	\N	\N
550	14	TOMATIN	\N	08:08:00	08:16:00	\N	\N	\N	\N	\N	\N	X A         	\N	\N	\N
551	14	MOYY	\N	\N	\N	08:20:30	\N	\N	\N	\N	\N	            	\N	\N	\N
552	14	CULDNMR	\N	\N	\N	08:27:00	\N	\N	\N	\N	\N	            	1	\N	\N
553	14	CRAHALL	\N	\N	\N	08:32:00	\N	\N	\N	DH	\N	            	\N	\N	\N
554	14	MILBRNJ	\N	\N	\N	08:33:00	\N	\N	\N	\N	DH	            	\N	\N	\N
555	14	IVRNESS	\N	08:35:00	\N	\N	08:45:00	\N	2	\N	\N	TF          	\N	\N	\N
556	15	EDINBUR	\N	\N	04:28:00	\N	\N	04:28:00	2	Z	\N	TBN         	\N	\N	\N
557	15	PRNCSTG	\N	\N	\N	04:29:30	\N	\N	\N	DS	\N	            	\N	\N	\N
558	15	HAYMRKT	\N	\N	\N	04:31:00	\N	\N	4	DS	\N	            	\N	\N	\N
559	15	HAYMRWJ	\N	\N	\N	04:32:30	\N	\N	\N	\N	DS	            	\N	\N	\N
560	15	NWBG	\N	\N	\N	04:39:00	\N	\N	\N	\N	\N	            	\N	\N	\N
561	15	WNCBROJ	\N	\N	\N	04:42:30	\N	\N	\N	\N	\N	            	\N	\N	\N
562	15	LNLTHGW	\N	\N	\N	04:47:00	\N	\N	2	\N	\N	            	\N	\N	\N
563	15	POLMONT	\N	\N	\N	04:52:00	\N	\N	2	\N	\N	            	\N	\N	\N
564	15	GRNGMTJ	\N	\N	\N	04:55:30	\N	\N	\N	\N	\N	            	1	\N	\N
565	15	CRMRSEJ	\N	\N	\N	04:59:30	\N	\N	\N	\N	\N	            	\N	\N	\N
566	15	LARBERJ	\N	\N	\N	05:00:30	\N	\N	\N	\N	\N	            	\N	\N	\N
567	15	STIRLNG	\N	\N	\N	05:07:30	\N	\N	2	\N	\N	            	\N	4	\N
568	15	DUNANE	\N	\N	\N	05:18:00	\N	\N	2	\N	\N	            	1	\N	\N
569	15	DUNA43	\N	\N	\N	05:22:00	\N	\N	\N	\N	\N	            	\N	\N	\N
570	15	GRNLNNG	\N	\N	\N	05:25:30	\N	\N	\N	\N	\N	            	\N	1	\N
571	15	BLFD	\N	\N	\N	05:30:30	\N	\N	\N	\N	\N	            	\N	\N	\N
572	15	AUCHTDR	\N	\N	\N	05:34:30	\N	\N	\N	\N	\N	            	\N	\N	\N
573	15	HILT19	\N	\N	\N	05:41:30	\N	\N	\N	\N	\N	            	1	\N	\N
574	15	HILTONJ	\N	\N	\N	05:45:30	\N	\N	\N	\N	\N	            	\N	\N	\N
575	15	PERTH	\N	\N	\N	05:49:30	\N	\N	2	\N	\N	            	\N	\N	\N
576	15	BHLP	\N	\N	\N	05:52:30	\N	\N	\N	\N	\N	            	\N	\N	\N
577	15	ERROLLC	\N	\N	\N	06:01:00	\N	\N	\N	\N	\N	            	\N	\N	\N
578	15	LFGNLC	\N	\N	\N	06:05:00	\N	\N	\N	\N	\N	            	\N	\N	\N
579	15	DUND697	\N	\N	\N	06:06:00	\N	\N	\N	\N	\N	            	\N	\N	\N
580	15	DUNDCJ	\N	\N	\N	06:09:00	\N	\N	\N	\N	\N	            	\N	\N	\N
581	15	DUNDETB	\N	06:10:00	06:12:00	\N	06:11:00	\N	4	\N	\N	D           	\N	\N	\N
582	15	CMPRDNJ	\N	\N	\N	06:14:30	\N	\N	\N	\N	\N	            	\N	\N	\N
583	15	BRFRY	\N	\N	\N	06:19:00	\N	\N	2	\N	\N	            	\N	\N	\N
584	15	CNST	\N	06:24:30	06:26:30	\N	06:26:00	\N	2	\N	\N	D           	\N	\N	\N
585	15	ARBROTH	\N	06:32:00	06:34:00	\N	06:33:00	\N	2	\N	\N	D           	\N	\N	\N
586	15	INVKLOR	\N	\N	\N	06:40:30	\N	\N	\N	\N	\N	            	\N	\N	\N
587	15	USAN	\N	\N	\N	06:45:30	\N	\N	\N	\N	\N	            	\N	\N	\N
588	15	MONTRSE	\N	06:48:30	06:50:30	\N	06:50:00	\N	2	\N	\N	D           	1	\N	\N
589	15	CRAIGO	\N	\N	\N	06:56:30	\N	\N	\N	\N	\N	            	\N	\N	\N
590	15	LRNCKRK	\N	\N	\N	07:01:30	\N	\N	\N	\N	\N	            	\N	\N	\N
591	15	CAARMNT	\N	\N	\N	07:08:00	\N	\N	\N	\N	\N	            	\N	\N	\N
592	15	SHVN	\N	07:13:30	07:15:30	\N	07:15:00	\N	2	\N	\N	D           	\N	\N	\N
593	15	ABRD223	\N	\N	\N	07:21:30	\N	\N	\N	\N	\N	            	\N	\N	\N
594	15	ABRD229	\N	\N	\N	07:25:00	\N	\N	\N	\N	\N	            	\N	\N	\N
595	15	ABRD55	\N	\N	\N	07:28:30	\N	\N	\N	\N	\N	            	\N	\N	\N
596	15	CRGISTH	\N	\N	\N	07:29:30	\N	\N	\N	\N	\N	            	1	\N	\N
597	15	ABRDFJN	\N	\N	\N	07:32:00	\N	\N	\N	\N	\N	            	\N	\N	\N
598	15	ABRDEEN	\N	07:34:00	\N	\N	07:50:00	\N	6S	\N	\N	TF          	\N	\N	\N
599	16	EDINBUR	\N	\N	04:50:00	\N	\N	04:50:00	2	Z	\N	TB          	\N	\N	\N
600	16	PRNCSTG	\N	\N	\N	04:51:30	\N	\N	\N	DS	\N	            	\N	\N	\N
601	16	HAYMRKT	\N	\N	\N	04:53:00	\N	\N	4	DS	\N	            	\N	\N	\N
602	16	HAYMRWJ	\N	\N	\N	04:55:00	\N	\N	\N	\N	DS	            	\N	\N	\N
603	16	NWBG	\N	\N	\N	05:01:00	\N	\N	\N	\N	\N	            	\N	\N	\N
604	16	UPHALL	\N	\N	\N	05:06:00	\N	\N	\N	\N	\N	            	\N	\N	\N
605	16	BTHGATE	\N	\N	\N	05:12:00	\N	\N	2	\N	\N	            	\N	\N	\N
606	16	AIRDRIE	\N	\N	\N	05:26:00	\N	\N	2	\N	\N	            	\N	\N	\N
607	16	COATBDS	\N	\N	\N	05:29:30	\N	\N	\N	\N	\N	            	\N	\N	\N
608	16	SHTLSTN	\N	\N	\N	05:36:30	\N	\N	\N	\N	\N	            	\N	\N	\N
609	16	BLGRVE	\N	\N	\N	05:41:30	\N	\N	1	\N	\N	            	\N	\N	\N
610	16	GLGQLL	\N	05:47:00	05:48:30	\N	\N	05:48:00	8	\N	\N	U           	\N	\N	\N
611	16	FNSTNEJ	\N	\N	\N	05:54:00	\N	\N	\N	\N	\N	            	\N	\N	\N
612	16	HYNDLEJ	\N	\N	\N	05:57:00	\N	\N	\N	\N	\N	            	\N	\N	\N
613	16	ANSL	\N	\N	\N	05:58:00	\N	\N	2	\N	\N	            	\N	\N	\N
614	16	WESTRTN	\N	\N	\N	06:00:30	\N	\N	2	\N	\N	            	\N	\N	\N
615	16	DALMUIR	\N	06:04:30	06:06:00	\N	06:05:00	06:06:00	1	\N	\N	T           	\N	\N	\N
616	16	DMBRTNC	\N	06:15:30	06:17:00	\N	06:16:00	06:17:00	2	\N	\N	T           	\N	\N	\N
617	16	DLREOCH	\N	\N	\N	06:18:30	\N	\N	\N	\N	\N	            	\N	\N	\N
618	16	CRGDRNJ	\N	\N	\N	06:26:30	\N	\N	\N	\N	\N	            	\N	\N	\N
619	16	HLNSBRU	\N	06:30:30	06:33:30	\N	06:31:00	06:33:00	1	\N	\N	T           	\N	\N	\N
620	16	GRLCHHD	\N	06:45:30	06:47:00	\N	06:46:00	06:47:00	2	\N	\N	T           	\N	\N	\N
621	16	GLDL	\N	\N	\N	07:00:00	\N	\N	\N	\N	\N	            	\N	\N	\N
622	16	ARCHRAT	\N	07:08:00	07:09:30	\N	07:08:00	07:09:00	2	\N	\N	T X         	\N	\N	\N
623	16	ARDLUI	\N	07:23:30	07:25:00	\N	07:24:00	07:25:00	2	\N	\N	R           	\N	\N	\N
624	16	CRNLRCH	\N	07:45:00	07:48:00	\N	07:45:00	07:48:00	2	\N	\N	T           	\N	\N	\N
625	16	TYNDRMU	\N	07:59:00	08:02:00	\N	07:59:00	08:02:00	2	\N	\N	T           	\N	\N	\N
626	16	BOORCHY	\N	08:16:30	08:18:30	\N	08:17:00	08:18:00	2	\N	\N	T           	\N	\N	\N
627	16	RANNOCH	\N	08:43:30	08:45:00	\N	08:44:00	08:45:00	1	\N	\N	T X         	\N	\N	\N
628	16	CORROUR	\N	08:58:00	09:00:00	\N	08:58:00	09:00:00	1	\N	\N	T           	\N	\N	\N
629	16	TULLOCH	\N	09:19:00	09:21:00	\N	09:19:00	09:21:00	2	\N	\N	T X         	\N	\N	\N
630	16	ROYBDGE	\N	09:31:30	09:31:30	\N	09:31:00	09:31:00	1	\N	\N	R           	\N	\N	\N
631	16	SPEANBD	\N	09:38:00	09:39:30	\N	09:38:00	09:39:00	1	\N	\N	T           	\N	\N	\N
632	16	FRTWJN	\N	\N	\N	09:51:30	\N	\N	\N	\N	\N	            	\N	\N	\N
633	16	FRTWLM	\N	09:55:00	\N	\N	10:00:00	\N	1	\N	\N	TF          	\N	\N	\N
634	17	HIGHBYE	\N	\N	23:50:00	\N	\N	23:50:00	1	\N	\N	TB          	\N	\N	\N
635	17	CNNBELL	\N	23:51:30	23:52:00	\N	23:52:00	23:52:00	2	\N	\N	T           	\N	\N	\N
636	17	ELLBNLL	\N	\N	\N	23:52:30	\N	\N	\N	\N	\N	            	\N	\N	\N
637	17	DALS	\N	23:54:00	23:55:00	\N	23:54:00	23:55:00	4	\N	\N	T           	\N	\N	\N
638	17	HAGGERS	\N	23:56:30	23:57:00	\N	23:57:00	23:57:00	2	\N	\N	T           	\N	\N	\N
639	17	HOXTON	\N	23:58:30	23:59:00	\N	23:59:00	23:59:00	2	\N	\N	T           	\N	\N	\N
640	17	SHRDHST	\N	00:01:00	00:01:30	\N	00:01:00	00:01:00	2	\N	\N	T           	\N	\N	\N
641	17	WCHAPEL	\N	00:03:00	00:04:00	\N	00:03:00	00:04:00	6	\N	\N	T           	\N	\N	\N
642	17	SHADWEL	\N	00:05:30	00:06:00	\N	00:06:00	00:06:00	2	\N	\N	T           	\N	\N	\N
643	17	WAPPING	\N	00:07:30	00:08:00	\N	00:08:00	00:08:00	2	\N	\N	T           	\N	\N	\N
644	17	RTHERHI	\N	00:09:00	00:09:30	\N	00:09:00	00:09:00	2	\N	\N	T           	\N	\N	\N
645	17	CNDAW	\N	00:10:30	00:11:30	\N	00:11:00	00:11:00	3	\N	\N	T           	\N	\N	\N
646	17	SURREYQ	\N	00:12:30	00:13:30	\N	00:13:00	00:13:00	2	\N	\N	T           	\N	\N	\N
647	17	SURRQSJ	\N	\N	\N	00:14:00	\N	\N	\N	\N	\N	            	\N	\N	\N
648	17	CANALJ	\N	\N	\N	00:15:00	\N	\N	\N	\N	\N	            	\N	\N	\N
649	17	NEWXNJN	\N	\N	\N	00:16:00	\N	\N	\N	\N	\N	            	\N	\N	\N
650	17	NEWXGEL	\N	00:17:00	\N	\N	00:20:00	\N	1	\N	\N	TF          	\N	\N	\N
651	18	EDINBUR	\N	\N	04:28:00	\N	\N	04:28:00	2	Z	\N	TBN         	\N	\N	\N
652	18	PRNCSTG	\N	\N	\N	04:29:30	\N	\N	\N	DS	\N	            	\N	\N	\N
653	18	HAYMRKT	\N	\N	\N	04:31:00	\N	\N	4	DS	\N	            	\N	\N	\N
654	18	HAYMRWJ	\N	\N	\N	04:32:30	\N	\N	\N	\N	DS	            	\N	\N	\N
655	18	NWBG	\N	\N	\N	04:39:00	\N	\N	\N	\N	\N	            	\N	\N	\N
656	18	WNCBROJ	\N	\N	\N	04:42:30	\N	\N	\N	\N	\N	            	\N	\N	\N
657	18	LNLTHGW	\N	\N	\N	04:47:00	\N	\N	2	\N	\N	            	\N	\N	\N
658	18	POLMONT	\N	\N	\N	04:52:00	\N	\N	2	\N	\N	            	\N	\N	\N
659	18	GRNGMTJ	\N	\N	\N	04:55:30	\N	\N	\N	\N	\N	            	1	\N	\N
660	18	CRMRSEJ	\N	\N	\N	04:59:30	\N	\N	\N	\N	\N	            	\N	\N	\N
661	18	LARBERJ	\N	\N	\N	05:00:30	\N	\N	\N	\N	\N	            	\N	\N	\N
662	18	STIRLNG	\N	\N	\N	05:07:30	\N	\N	2	\N	\N	            	\N	4	\N
663	18	DUNANE	\N	\N	\N	05:18:00	\N	\N	2	\N	\N	            	1	\N	\N
664	18	DUNA43	\N	\N	\N	05:22:00	\N	\N	\N	\N	\N	            	\N	\N	\N
665	18	GRNLNNG	\N	\N	\N	05:25:30	\N	\N	\N	\N	\N	            	\N	1	\N
666	18	BLFD	\N	\N	\N	05:30:30	\N	\N	\N	\N	\N	            	\N	\N	\N
667	18	AUCHTDR	\N	\N	\N	05:34:30	\N	\N	\N	\N	\N	            	\N	\N	\N
668	18	HILT19	\N	\N	\N	05:41:30	\N	\N	\N	\N	\N	            	1	\N	\N
669	18	HILTONJ	\N	\N	\N	05:45:30	\N	\N	\N	\N	\N	            	\N	\N	\N
670	18	PERTH	\N	\N	\N	05:49:30	\N	\N	2	\N	\N	            	\N	\N	\N
671	18	BHLP	\N	\N	\N	05:52:30	\N	\N	\N	\N	\N	            	\N	\N	\N
672	18	ERROLLC	\N	\N	\N	06:01:00	\N	\N	\N	\N	\N	            	\N	\N	\N
673	18	LFGNLC	\N	\N	\N	06:05:00	\N	\N	\N	\N	\N	            	\N	\N	\N
674	18	DUND697	\N	\N	\N	06:06:00	\N	\N	\N	\N	\N	            	\N	\N	\N
675	18	DUNDCJ	\N	\N	\N	06:09:00	\N	\N	\N	\N	\N	            	\N	\N	\N
676	18	DUNDETB	\N	06:10:00	06:12:00	\N	06:11:00	\N	4	\N	\N	D           	\N	\N	\N
677	18	CMPRDNJ	\N	\N	\N	06:14:30	\N	\N	\N	\N	\N	            	\N	\N	\N
678	18	BRFRY	\N	\N	\N	06:19:00	\N	\N	2	\N	\N	            	\N	\N	\N
679	18	CNST	\N	06:24:30	06:26:30	\N	06:26:00	\N	2	\N	\N	D           	\N	\N	\N
680	18	ARBROTH	\N	06:32:00	06:34:00	\N	06:33:00	\N	2	\N	\N	D           	\N	\N	\N
681	18	INVKLOR	\N	\N	\N	06:40:30	\N	\N	\N	\N	\N	            	\N	\N	\N
682	18	USAN	\N	\N	\N	06:45:30	\N	\N	\N	\N	\N	            	\N	\N	\N
683	18	MONTRSE	\N	06:48:30	06:50:30	\N	06:50:00	\N	2	\N	\N	D           	1	\N	\N
684	18	CRAIGO	\N	\N	\N	06:56:30	\N	\N	\N	\N	\N	            	\N	\N	\N
685	18	LRNCKRK	\N	\N	\N	07:01:30	\N	\N	\N	\N	\N	            	\N	\N	\N
686	18	CAARMNT	\N	\N	\N	07:08:00	\N	\N	\N	\N	\N	            	\N	\N	\N
687	18	SHVN	\N	07:13:30	07:15:30	\N	07:15:00	\N	2	\N	\N	D           	\N	\N	\N
688	18	ABRD223	\N	\N	\N	07:21:30	\N	\N	\N	\N	\N	            	\N	\N	\N
689	18	ABRD229	\N	\N	\N	07:25:00	\N	\N	\N	\N	\N	            	\N	\N	\N
690	18	ABRD55	\N	\N	\N	07:28:30	\N	\N	\N	\N	\N	            	\N	\N	\N
691	18	CRGISTH	\N	\N	\N	07:29:30	\N	\N	\N	\N	\N	            	1	\N	\N
692	18	ABRDFJN	\N	\N	\N	07:32:00	\N	\N	\N	\N	\N	            	\N	\N	\N
693	18	ABRDEEN	\N	07:34:00	\N	\N	07:50:00	\N	6S	\N	\N	TF          	\N	\N	\N
694	19	EDINBUR	\N	\N	04:50:00	\N	\N	04:50:00	2	Z	\N	TB          	\N	\N	\N
695	19	PRNCSTG	\N	\N	\N	04:51:30	\N	\N	\N	DS	\N	            	\N	\N	\N
696	19	HAYMRKT	\N	\N	\N	04:53:00	\N	\N	4	DS	\N	            	\N	\N	\N
697	19	HAYMRWJ	\N	\N	\N	04:55:00	\N	\N	\N	\N	DS	            	\N	\N	\N
698	19	NWBG	\N	\N	\N	05:01:00	\N	\N	\N	\N	\N	            	\N	\N	\N
699	19	UPHALL	\N	\N	\N	05:06:00	\N	\N	\N	\N	\N	            	\N	\N	\N
700	19	BTHGATE	\N	\N	\N	05:12:00	\N	\N	2	\N	\N	            	\N	\N	\N
701	19	AIRDRIE	\N	\N	\N	05:26:00	\N	\N	2	\N	\N	            	\N	\N	\N
702	19	COATBDS	\N	\N	\N	05:29:30	\N	\N	\N	\N	\N	            	\N	\N	\N
703	19	SHTLSTN	\N	\N	\N	05:36:30	\N	\N	\N	\N	\N	            	\N	\N	\N
704	19	BLGRVE	\N	\N	\N	05:41:30	\N	\N	1	\N	\N	            	\N	\N	\N
705	19	GLGQLL	\N	05:47:00	05:48:30	\N	\N	05:48:00	8	\N	\N	U           	\N	\N	\N
706	19	FNSTNEJ	\N	\N	\N	05:54:00	\N	\N	\N	\N	\N	            	\N	\N	\N
707	19	HYNDLEJ	\N	\N	\N	05:57:00	\N	\N	\N	\N	\N	            	\N	\N	\N
708	19	ANSL	\N	\N	\N	05:58:00	\N	\N	2	\N	\N	            	\N	\N	\N
709	19	WESTRTN	\N	\N	\N	06:00:30	\N	\N	2	\N	\N	            	\N	\N	\N
710	19	DALMUIR	\N	06:04:30	06:06:00	\N	06:05:00	06:06:00	1	\N	\N	T           	\N	\N	\N
711	19	DMBRTNC	\N	06:15:30	06:17:00	\N	06:16:00	06:17:00	2	\N	\N	T           	\N	\N	\N
712	19	DLREOCH	\N	\N	\N	06:18:30	\N	\N	\N	\N	\N	            	\N	\N	\N
713	19	CRGDRNJ	\N	\N	\N	06:26:30	\N	\N	\N	\N	\N	            	\N	\N	\N
714	19	HLNSBRU	\N	06:30:30	06:33:30	\N	06:31:00	06:33:00	1	\N	\N	T           	\N	\N	\N
715	19	GRLCHHD	\N	06:45:30	06:47:00	\N	06:46:00	06:47:00	2	\N	\N	T           	\N	\N	\N
716	19	GLDL	\N	\N	\N	07:00:00	\N	\N	\N	\N	\N	            	\N	\N	\N
717	19	ARCHRAT	\N	07:08:00	07:09:30	\N	07:08:00	07:09:00	2	\N	\N	T X         	\N	\N	\N
718	19	ARDLUI	\N	07:23:30	07:25:00	\N	07:24:00	07:25:00	2	\N	\N	R           	\N	\N	\N
719	19	CRNLRCH	\N	07:45:00	07:48:00	\N	07:45:00	07:48:00	2	\N	\N	T           	\N	\N	\N
720	19	TYNDRMU	\N	07:59:00	08:02:00	\N	07:59:00	08:02:00	2	\N	\N	T           	\N	\N	\N
721	19	BOORCHY	\N	08:16:30	08:18:30	\N	08:17:00	08:18:00	2	\N	\N	T           	\N	\N	\N
722	19	RANNOCH	\N	08:43:30	08:45:00	\N	08:44:00	08:45:00	1	\N	\N	T X         	\N	\N	\N
723	19	CORROUR	\N	08:58:00	09:00:00	\N	08:58:00	09:00:00	1	\N	\N	T           	\N	\N	\N
724	19	TULLOCH	\N	09:19:00	09:21:00	\N	09:19:00	09:21:00	2	\N	\N	T X         	\N	\N	\N
725	19	ROYBDGE	\N	09:31:30	09:31:30	\N	09:31:00	09:31:00	1	\N	\N	R           	\N	\N	\N
726	19	SPEANBD	\N	09:38:00	09:39:30	\N	09:38:00	09:39:00	1	\N	\N	T           	\N	\N	\N
727	19	FRTWJN	\N	\N	\N	09:51:30	\N	\N	\N	\N	\N	            	\N	\N	\N
728	19	FRTWLM	\N	09:55:00	\N	\N	10:00:00	\N	1	\N	\N	TF          	\N	\N	\N
729	20	HTRWTM5	\N	\N	23:12:00	\N	\N	23:12:00	4	\N	\N	TB          	\N	\N	\N
730	20	HTRWAPT	\N	23:15:30	23:19:00	\N	23:16:00	23:19:00	2	\N	\N	T           	\N	\N	\N
731	20	HTRWTJN	\N	\N	\N	23:22:00	\N	\N	\N	\N	\N	            	\N	\N	\N
732	20	STKYJN	\N	\N	\N	23:22:30	\N	\N	\N	ML	\N	            	\N	\N	\N
733	20	HTRWAJN	\N	\N	\N	23:23:00	\N	\N	\N	ML	\N	            	\N	1	\N
734	20	STHALL	\N	\N	\N	23:25:00	\N	\N	2	ML	\N	            	\N	1H	\N
735	20	ACTONW	\N	\N	\N	23:28:30	\N	\N	\N	ML	ML	            	1	1	\N
736	20	LDBRKJ	\N	\N	\N	23:33:00	\N	\N	\N	3	ML	            	\N	\N	\N
737	20	PRTOBJP	\N	\N	\N	23:34:00	\N	\N	\N	3	\N	            	\N	\N	\N
738	20	ROYAOJN	\N	\N	\N	23:35:00	\N	\N	\N	3	\N	            	\N	\N	\N
739	20	PADTON	\N	23:36:00	\N	\N	23:36:00	\N	6	\N	\N	TF          	\N	\N	\N
740	21	PENZNCE	\N	\N	21:15:00	\N	\N	21:15:00	4	\N	\N	TB          	\N	\N	\N
741	21	LNGROCK	\N	\N	\N	21:19:00	\N	\N	\N	\N	\N	X           	\N	\N	\N
742	21	STERTH	\N	21:23:00	21:25:00	\N	\N	21:25:00	2	\N	\N	U           	\N	\N	\N
743	21	CBORSR6	\N	\N	\N	21:32:00	\N	\N	\N	\N	\N	            	\N	\N	\N
744	21	CBORNE	\N	21:35:00	21:37:00	\N	\N	21:37:00	2	\N	\N	U           	\N	\N	\N
745	21	CBORR10	\N	\N	\N	21:41:30	\N	\N	\N	\N	\N	            	\N	\N	1
746	21	REDRUTH	\N	21:43:30	21:46:30	\N	\N	21:46:00	2	\N	\N	U           	\N	\N	\N
747	21	REDRR14	\N	\N	\N	21:52:00	\N	\N	\N	\N	\N	            	\N	\N	\N
748	21	PNWTHRJ	\N	\N	\N	21:56:00	\N	\N	\N	\N	\N	            	\N	\N	\N
749	21	TRURO	\N	21:57:30	22:00:30	\N	\N	22:00:00	3	\N	\N	U           	\N	\N	\N
750	21	PROBUS	\N	\N	\N	22:06:30	\N	\N	\N	\N	\N	            	\N	\N	\N
751	21	BGLWJN	\N	\N	\N	22:13:30	\N	\N	\N	\N	\N	            	\N	\N	\N
752	21	STAUSTL	\N	22:16:00	22:19:00	\N	\N	22:19:00	2	\N	\N	U           	\N	\N	\N
753	21	PARR	\N	\N	\N	22:24:00	\N	\N	2	\N	\N	            	\N	\N	\N
754	21	LSTWTHL	\N	\N	\N	22:29:00	\N	\N	1	\N	\N	            	\N	\N	\N
755	21	BODMNPW	\N	22:33:00	22:35:00	\N	\N	22:35:00	2	\N	\N	U           	\N	\N	\N
756	21	LRGN	\N	\N	\N	22:41:00	\N	\N	\N	\N	\N	            	\N	\N	\N
757	21	STPNCVE	\N	\N	\N	22:42:30	\N	\N	\N	\N	\N	            	\N	\N	\N
758	21	LISKARD	\N	22:48:00	22:50:00	\N	\N	22:50:00	2	\N	\N	U           	\N	\N	\N
759	21	MENH259	\N	\N	\N	22:56:00	\N	\N	\N	\N	\N	            	\N	\N	\N
760	21	STGRMNS	\N	\N	\N	22:59:30	\N	\N	2	\N	\N	            	\N	\N	\N
761	21	SASH	\N	\N	\N	23:05:00	\N	\N	2	\N	\N	            	\N	\N	\N
762	21	STBDXJN	\N	\N	\N	23:09:00	\N	\N	\N	\N	\N	            	1	\N	\N
763	21	PLYMTH	\N	23:15:00	23:20:00	\N	\N	23:20:00	4	\N	\N	U           	\N	\N	\N
764	21	LIPSONJ	\N	\N	\N	23:23:00	\N	\N	\N	\N	\N	            	\N	\N	\N
765	21	TVSTCKJ	\N	\N	\N	23:24:30	\N	\N	\N	\N	\N	            	\N	\N	\N
766	21	HEMERDN	\N	\N	\N	23:28:30	\N	\N	\N	\N	\N	            	\N	\N	\N
767	21	IVYBDGE	\N	\N	\N	23:33:30	\N	\N	2	\N	\N	            	\N	\N	\N
768	21	AISHXO	\N	\N	\N	23:38:00	\N	\N	\N	\N	\N	            	\N	\N	\N
769	21	RTRY	\N	\N	\N	23:41:00	\N	\N	\N	\N	\N	            	\N	\N	\N
770	21	TOTNES	\N	23:46:00	23:48:00	\N	23:46:00	23:48:00	2	\N	\N	T           	\N	\N	\N
771	21	DAINTNT	\N	\N	\N	23:55:00	\N	\N	\N	\N	\N	            	\N	\N	\N
772	21	NABTWJ	\N	\N	\N	23:58:30	\N	\N	\N	\N	\N	            	\N	\N	\N
773	21	NABT	\N	23:59:30	00:01:30	\N	23:59:00	00:01:00	3	\N	\N	T           	\N	\N	\N
774	21	TEINMTH	\N	\N	\N	00:07:30	\N	\N	2	\N	\N	            	\N	\N	\N
775	21	DAWLISH	\N	\N	\N	00:10:30	\N	\N	2	\N	\N	            	\N	\N	\N
776	21	DAWLSHW	\N	\N	\N	00:12:00	\N	\N	\N	\N	\N	            	1	\N	\N
777	21	EXETRSD	\N	00:23:00	01:07:00	\N	00:23:00	01:07:00	3	\N	\N	T           	\N	\N	\N
778	21	CWLYBDG	\N	\N	\N	01:10:00	\N	\N	\N	\N	\N	            	\N	\N	\N
779	21	TIVILP	\N	\N	\N	01:21:00	\N	\N	\N	\N	\N	            	\N	\N	\N
780	21	TIVIPW	\N	\N	\N	01:22:30	\N	\N	2	\N	\N	            	\N	\N	\N
781	21	TIVITNL	\N	\N	\N	01:25:30	\N	\N	\N	\N	\N	            	1	\N	\N
782	21	NTNFTZN	\N	\N	\N	01:34:00	\N	\N	\N	\N	\N	            	\N	\N	\N
783	21	TAUNTON	\N	\N	\N	01:35:30	\N	\N	4	\N	\N	            	\N	\N	\N
784	21	COGLOAD	\N	\N	\N	01:39:30	\N	\N	\N	\N	\N	            	\N	\N	\N
785	21	BRDGWTR	\N	\N	\N	01:45:00	\N	\N	\N	\N	\N	            	\N	\N	\N
786	21	UPHILLJ	\N	\N	\N	01:55:00	\N	\N	\N	\N	\N	            	\N	\N	\N
787	21	WORLEJ	\N	\N	\N	01:57:30	\N	\N	\N	\N	\N	            	\N	\N	\N
788	21	PARSNST	\N	\N	\N	02:09:30	\N	\N	2	ML	\N	            	1	\N	\N
789	21	BRSTLWJ	\N	\N	\N	02:13:30	\N	\N	\N	UM	\N	            	\N	\N	\N
790	21	BRSTLTM	\N	\N	\N	02:15:30	\N	\N	7	UF	\N	            	\N	\N	\N
791	21	BRSTLEJ	\N	\N	\N	02:16:30	\N	\N	\N	UM	\N	            	\N	\N	\N
792	21	NSMRSTJ	\N	\N	\N	02:17:30	\N	\N	\N	\N	\N	            	\N	\N	\N
793	21	BATHSPA	\N	\N	\N	02:27:00	\N	\N	2	\N	\N	            	\N	\N	\N
794	21	BTHMPTJ	\N	\N	\N	02:30:00	\N	\N	\N	\N	\N	            	\N	\N	\N
795	21	THNGLEJ	\N	\N	\N	02:37:30	\N	\N	\N	\N	\N	            	\N	\N	\N
796	21	CHIPNHM	\N	\N	\N	02:38:00	\N	\N	2	\N	\N	            	\N	1H	\N
797	21	WTNBSTJ	\N	\N	\N	02:48:30	\N	\N	\N	\N	\N	            	1	\N	\N
798	21	SDON	\N	02:55:30	03:22:30	\N	\N	\N	1	\N	\N	S           	\N	\N	\N
799	21	UFNGTN	\N	\N	\N	03:32:30	\N	\N	\N	\N	\N	            	\N	\N	\N
800	21	CHALLOW	\N	\N	\N	03:34:30	\N	\N	\N	\N	\N	            	\N	\N	\N
801	21	WANTRD	\N	\N	\N	03:37:30	\N	\N	\N	\N	\N	            	1	\N	\N
802	21	DIDCOTP	\N	\N	\N	03:44:30	\N	\N	2	ML	\N	            	\N	\N	\N
803	21	GORASTR	\N	\N	\N	03:52:00	\N	\N	\N	ML	\N	            	1	\N	\N
804	21	RDNGHLJ	\N	\N	\N	04:01:00	\N	\N	\N	ML	\N	            	1	\N	\N
805	21	RDNGSTN	\N	04:04:00	04:18:00	\N	04:04:00	\N	11	UML	\N	D -U        	\N	\N	\N
806	21	RDNGKBJ	\N	\N	\N	04:20:00	\N	\N	\N	ML	\N	            	\N	\N	\N
807	21	TWYFORD	\N	\N	\N	04:24:00	\N	\N	2	ML	\N	            	\N	1H	\N
808	21	MDNHEAD	\N	\N	\N	04:31:00	\N	\N	2	ML	\N	            	\N	1H	\N
809	21	SLOUGH	\N	\N	\N	04:37:00	\N	\N	3	ML	\N	            	\N	\N	\N
810	21	STKYJN	\N	\N	\N	04:42:30	\N	\N	\N	ML	ML	            	\N	\N	 H
811	21	HTRWAJN	\N	\N	\N	04:43:30	\N	\N	\N	ML	\N	            	2	\N	\N
812	21	STHALL	\N	\N	\N	04:47:00	\N	\N	2	ML	\N	            	\N	\N	\N
813	21	ACTONW	\N	\N	\N	04:50:30	\N	\N	\N	ML	ML	            	1	5	\N
814	21	LDBRKJ	\N	\N	\N	05:00:00	\N	\N	\N	3	ML	            	\N	\N	\N
815	21	PRTOBJP	\N	\N	\N	05:01:30	\N	\N	\N	3	\N	            	\N	\N	\N
816	21	ROYAOJN	\N	\N	\N	05:02:30	\N	\N	\N	2	\N	            	\N	\N	\N
817	21	PADTON	\N	05:04:00	\N	\N	05:04:00	\N	1	\N	\N	TF          	\N	\N	\N
818	22	FRTWLM	\N	\N	19:50:00	\N	\N	19:50:00	2	\N	\N	TB          	\N	\N	\N
819	22	FRTWJN	\N	\N	\N	19:53:00	\N	\N	\N	\N	\N	            	\N	\N	\N
820	22	SPEANBD	\N	20:07:00	20:10:00	\N	20:07:00	20:09:00	2	\N	\N	T X         	\N	\N	\N
821	22	ROYBDGE	\N	20:17:00	20:17:00	\N	20:17:00	20:17:00	1	\N	\N	R           	\N	\N	\N
822	22	TULLOCH	\N	20:28:00	20:30:00	\N	20:28:00	20:29:00	1	\N	\N	T           	\N	\N	\N
823	22	CORROUR	\N	20:51:00	20:53:00	\N	20:51:00	20:52:00	1	\N	\N	T           	\N	1	\N
824	22	RANNOCH	\N	21:06:00	21:09:00	\N	21:06:00	21:08:00	2	\N	\N	T X         	\N	\N	\N
825	22	BOORCHY	\N	21:35:00	21:37:00	\N	21:35:00	21:36:00	1	\N	\N	T           	\N	\N	\N
826	22	TYNDRMU	\N	21:52:00	21:55:00	\N	21:52:00	21:54:00	1	\N	\N	T           	\N	\N	\N
827	22	CRNLRCH	\N	22:07:00	22:09:00	\N	22:07:00	22:08:00	1	\N	\N	T           	\N	\N	\N
828	22	ARDLUI	\N	22:27:30	22:29:00	\N	22:28:00	22:28:00	1	\N	\N	R           	\N	\N	\N
829	22	ARCHRAT	\N	22:44:00	22:45:30	\N	22:44:00	22:44:00	1	\N	\N	T           	\N	\N	\N
830	22	GLDL	\N	\N	\N	22:55:30	\N	\N	\N	\N	\N	            	\N	\N	\N
831	22	GRLCHHD	\N	23:09:30	23:11:00	\N	23:10:00	23:10:00	1	\N	\N	T           	\N	\N	\N
832	22	HLNSBRU	\N	23:23:00	23:24:30	\N	23:23:00	23:23:00	1	\N	\N	T           	\N	\N	\N
833	22	CRGDRNJ	\N	\N	\N	23:28:30	\N	\N	\N	\N	\N	            	\N	\N	\N
834	22	DLREOCH	\N	\N	\N	23:36:30	\N	\N	\N	\N	\N	            	\N	\N	\N
835	22	DMBRTNC	\N	23:38:00	23:39:30	\N	23:38:00	23:38:00	1	\N	\N	T           	\N	\N	\N
836	22	DALMUIR	\N	23:50:00	23:53:30	\N	23:50:00	23:51:00	2	\N	\N	T           	\N	\N	\N
837	22	WESTRTN	\N	\N	\N	23:59:30	\N	\N	2	\N	\N	            	\N	\N	\N
838	22	MRYHILL	\N	\N	\N	00:02:00	\N	\N	\N	\N	\N	            	\N	\N	\N
839	22	CWLRSNJ	\N	\N	\N	00:05:30	\N	\N	\N	\N	\N	            	\N	\N	\N
840	22	CWLRSEJ	\N	\N	\N	00:07:00	\N	\N	\N	UEG	\N	            	\N	\N	\N
841	22	BSHB	\N	\N	\N	00:09:30	\N	\N	\N	\N	\N	            	\N	\N	\N
842	22	LENZIE	\N	\N	\N	00:13:00	\N	\N	\N	\N	\N	            	\N	\N	\N
843	22	CROY	\N	\N	\N	00:17:00	\N	\N	1	\N	\N	            	\N	\N	\N
844	22	GNHLUJN	\N	\N	\N	00:21:00	\N	\N	\N	\N	\N	            	\N	\N	\N
845	22	FALKRKH	\N	\N	\N	00:24:00	\N	\N	1	\N	\N	            	\N	\N	\N
846	22	POLMONT	\N	\N	\N	00:26:00	\N	\N	1	\N	\N	            	\N	\N	\N
847	22	LNLTHGW	\N	\N	\N	00:29:30	\N	\N	1	\N	\N	            	\N	 H	\N
848	22	WNCBROJ	\N	\N	\N	00:34:00	\N	\N	\N	\N	\N	            	\N	 H	\N
849	22	NWBG	\N	\N	\N	00:37:30	\N	\N	\N	\N	\N	            	2	1	\N
850	22	HAYMRWJ	\N	\N	\N	00:45:00	\N	\N	\N	US	\N	            	\N	2	\N
851	22	HAYMRKT	\N	\N	\N	00:48:00	\N	\N	3	US	\N	            	\N	\N	\N
852	22	PRNCSTG	\N	\N	\N	00:49:30	\N	\N	\N	W	\N	            	\N	\N	\N
853	22	EDINBUR	\N	\N	\N	00:51:30	\N	\N	10	SL	W	            	\N	\N	\N
854	22	EDIN815	\N	00:53:00	00:55:00	\N	\N	\N	\N	\N	\N	PRRM        	\N	\N	\N
855	22	EDINBUR	2	00:57:00	\N	\N	01:08:00	\N	7	\N	SL	TFPR        	\N	\N	\N
856	23	ABRDEEN	\N	\N	20:26:00	\N	\N	20:26:00	3	\N	\N	TB          	\N	\N	\N
857	23	ABRDFJN	\N	\N	\N	20:27:00	\N	\N	\N	\N	\N	            	\N	\N	\N
858	23	CRGISTH	\N	\N	\N	20:28:30	\N	\N	\N	\N	\N	            	\N	\N	\N
859	23	ABRD56	\N	\N	\N	20:29:00	\N	\N	\N	\N	\N	            	\N	\N	\N
860	23	ABRD230	\N	\N	\N	20:31:30	\N	\N	\N	\N	\N	            	\N	\N	\N
861	23	ABRD222	\N	\N	\N	20:37:00	\N	\N	\N	\N	\N	            	\N	\N	\N
862	23	SHVN	\N	20:43:00	20:45:00	\N	\N	20:43:00	1	\N	\N	U           	\N	\N	\N
863	23	CAARMNT	\N	\N	\N	20:52:00	\N	\N	\N	\N	\N	            	\N	\N	\N
864	23	LRNCKRK	\N	\N	\N	20:58:30	\N	\N	\N	\N	\N	            	\N	\N	\N
865	23	CRAIGO	\N	\N	\N	21:03:00	\N	\N	\N	\N	\N	            	\N	\N	\N
866	23	MONTRSE	\N	21:07:00	21:08:30	\N	\N	21:06:00	1	\N	\N	U           	\N	\N	\N
867	23	USAN	\N	\N	\N	21:12:30	\N	\N	\N	\N	\N	            	\N	\N	\N
868	23	INVKLOR	\N	\N	\N	21:17:30	\N	\N	\N	\N	\N	            	\N	\N	\N
869	23	ARBROTH	\N	21:23:30	21:25:00	\N	\N	21:23:00	1	\N	\N	U           	\N	\N	\N
870	23	CNST	\N	21:31:30	21:33:00	\N	\N	21:31:00	1	\N	\N	U           	\N	\N	\N
871	23	BRFRY	\N	\N	\N	21:40:00	\N	\N	1	\N	\N	            	1	\N	\N
872	23	CMPRDNJ	\N	\N	\N	21:43:30	\N	\N	\N	\N	\N	            	\N	\N	\N
873	23	DUNDETB	\N	21:46:00	21:56:00	\N	\N	21:54:00	1	\N	\N	U           	\N	\N	\N
874	23	DUNDCJ	\N	\N	\N	21:57:00	\N	\N	\N	\N	\N	            	\N	\N	\N
875	23	TAYBDGS	\N	\N	\N	22:06:00	\N	\N	\N	\N	\N	            	\N	\N	\N
876	23	SFORT26	\N	\N	\N	22:08:30	\N	\N	\N	\N	\N	            	\N	\N	\N
877	23	LEUCHRS	\N	22:12:00	22:14:30	\N	\N	22:12:00	1	\N	\N	U           	\N	\N	\N
878	23	CUPAR	\N	\N	\N	22:22:00	\N	\N	1	\N	\N	            	\N	\N	\N
879	23	LADYBNK	\N	\N	\N	22:27:00	\N	\N	1	\N	\N	            	1	\N	\N
880	23	THRNTNJ	\N	\N	\N	22:36:00	\N	\N	\N	\N	\N	            	\N	1	\N
881	23	THRNUPL	\N	22:38:00	22:47:00	\N	\N	\N	\N	\N	\N	A           	\N	\N	\N
882	23	THRNTSJ	\N	\N	\N	22:48:00	\N	\N	\N	\N	\N	            	\N	\N	\N
883	23	KCLD	\N	22:52:30	22:54:00	\N	\N	22:52:00	1	\N	\N	U           	\N	\N	\N
884	23	BISLND	\N	\N	\N	23:01:30	\N	\N	1	\N	\N	            	\N	\N	\N
885	23	IVRKTHG	\N	23:09:30	23:11:00	\N	\N	23:09:00	1	\N	\N	U           	\N	\N	\N
886	23	DLMYJN	\N	\N	\N	23:17:30	\N	\N	\N	\N	\N	            	1	3	\N
887	23	HAYMRWJ	\N	\N	\N	23:27:00	\N	\N	\N	UN	\N	            	\N	 H	\N
888	23	HAYMRKT	\N	\N	\N	23:28:30	\N	\N	1	UN	\N	            	\N	1	\N
889	23	PRNCSTG	\N	\N	\N	23:31:00	\N	\N	\N	X	\N	            	\N	\N	\N
890	23	EDINBUR	\N	23:33:00	\N	\N	23:33:00	\N	7	\N	X	TFN         	\N	\N	\N
891	24	EDINBUR	\N	\N	23:42:00	\N	\N	23:40:00	11	W	\N	TB          	\N	 H	\N
892	24	PRNCSTG	\N	\N	\N	23:44:00	\N	\N	\N	DS	\N	            	\N	1	\N
893	24	HAYMRKT	\N	\N	\N	23:46:30	\N	\N	4	\N	\N	            	\N	\N	\N
894	24	SLATEFD	\N	\N	\N	23:49:00	\N	\N	\N	\N	\N	            	\N	\N	\N
895	24	MDCLDRJ	\N	\N	\N	23:56:00	\N	\N	\N	\N	\N	            	\N	\N	\N
896	24	COBB712	\N	\N	\N	00:02:00	\N	\N	\N	\N	\N	            	\N	\N	\N
897	24	ACHNGRY	\N	\N	\N	00:04:30	\N	\N	\N	\N	\N	            	\N	\N	\N
898	24	CRSTRSE	\N	\N	\N	00:09:00	\N	\N	\N	\N	\N	            	\N	\N	\N
899	24	CRSTUPL	\N	00:11:30	00:19:30	\N	\N	\N	\N	\N	\N	A PRRM      	\N	\N	\N
900	24	CRSTRS	\N	00:21:00	\N	\N	00:21:00	\N	2	\N	\N	TFN PR      	\N	\N	\N
901	25	GLGC	\N	\N	23:40:00	\N	\N	23:40:00	1	A1	\N	TB          	\N	\N	\N
902	25	GLGCBSJ	\N	\N	\N	23:42:00	\N	\N	\N	1U	\N	            	\N	\N	\N
903	25	EGLNSTJ	\N	\N	\N	23:43:00	\N	\N	\N	UF	\N	            	\N	\N	\N
904	25	LRKFLDJ	\N	\N	\N	23:44:30	\N	\N	\N	FL	\N	            	\N	\N	\N
905	25	SHFD	\N	\N	\N	23:45:30	\N	\N	\N	\N	\N	            	\N	\N	\N
906	25	RTHGNEJ	\N	\N	\N	23:46:30	\N	\N	\N	\N	\N	            	\N	\N	\N
907	25	NWTLWJ	\N	\N	\N	23:48:00	\N	\N	\N	\N	\N	            	\N	\N	\N
908	25	NWTLEJ	\N	\N	\N	23:49:00	\N	\N	\N	\N	\N	            	\N	\N	\N
909	25	UDNGTNJ	\N	\N	\N	23:50:00	\N	\N	\N	\N	\N	            	\N	\N	\N
910	25	MOTHRWL	\N	23:54:00	23:58:00	\N	\N	23:55:00	1	\N	\N	U           	\N	\N	\N
911	25	SHILDMR	\N	\N	\N	00:01:00	\N	\N	2	\N	\N	            	\N	2H	\N
912	25	LAWJ	\N	\N	\N	00:06:30	\N	\N	\N	\N	\N	            	\N	\N	\N
913	25	LANARKJ	\N	\N	\N	00:12:30	\N	\N	\N	\N	\N	            	1	 H	\N
914	25	CRSTRSN	\N	\N	\N	00:16:30	\N	\N	\N	PL	\N	            	\N	\N	\N
915	25	CRSTRS	\N	00:18:00	00:40:00	\N	\N	00:25:00	2	\N	\N	U -U        	\N	\N	\N
916	25	CRSTRSS	\N	\N	\N	00:41:30	\N	\N	\N	\N	\N	            	\N	\N	\N
917	25	ABINGTN	\N	\N	\N	00:54:30	\N	\N	UM	\N	\N	            	\N	\N	1
918	25	BEATCKS	\N	\N	\N	01:01:30	\N	\N	UM	\N	\N	            	\N	\N	\N
919	25	BEATCK	\N	\N	\N	01:09:00	\N	\N	UM	\N	\N	            	\N	\N	\N
920	25	LCKRBIE	\N	\N	\N	01:19:30	\N	\N	2	\N	\N	            	2	\N	\N
921	25	KRKP862	\N	\N	\N	01:31:30	\N	\N	\N	\N	\N	            	\N	\N	\N
922	25	GRETNAJ	\N	\N	\N	01:34:30	\N	\N	\N	\N	\N	            	\N	1	\N
923	25	KGMRJCN	\N	\N	\N	01:40:00	\N	\N	\N	\N	\N	            	\N	\N	\N
924	25	CARLCJN	\N	\N	\N	01:41:00	\N	\N	\N	UML	\N	            	\N	\N	\N
925	25	CARLILE	\N	01:43:00	01:45:00	\N	\N	01:45:00	4	\N	\N	U           	\N	\N	\N
926	25	PNTH	\N	\N	\N	02:00:30	\N	\N	1	\N	\N	            	\N	\N	\N
927	25	EDENVGL	\N	\N	\N	02:03:30	\N	\N	\N	\N	\N	            	\N	\N	\N
928	25	SHAPSMT	\N	\N	\N	02:11:00	\N	\N	\N	\N	\N	            	\N	\N	1
929	25	TEBAY	\N	\N	\N	02:16:00	\N	\N	\N	\N	\N	            	\N	\N	\N
930	25	GRIGG	\N	\N	\N	02:22:30	\N	\N	\N	\N	\N	            	\N	\N	\N
931	25	OXENHLM	\N	\N	\N	02:28:00	\N	\N	1	\N	\N	            	1	\N	\N
932	25	CRNFNJN	\N	\N	\N	02:38:30	\N	\N	\N	\N	\N	            	\N	\N	\N
933	25	MORCMSJ	\N	\N	\N	02:42:00	\N	\N	\N	\N	\N	            	\N	\N	1
934	25	LANCSTR	\N	\N	\N	02:44:30	\N	\N	UFL	\N	\N	            	\N	\N	\N
935	25	GSTANG	\N	\N	\N	02:53:30	\N	\N	\N	\N	\N	            	2	\N	\N
936	25	PRSTNFJ	\N	\N	\N	03:04:30	\N	\N	\N	DFL	\N	            	\N	\N	\N
937	25	PRST	\N	03:06:00	03:15:00	\N	\N	\N	3	DFL	DFL	C A         	\N	\N	\N
938	25	PRSTRJN	\N	\N	\N	03:16:30	\N	\N	\N	FL	\N	            	\N	\N	\N
939	25	EUXTONJ	\N	\N	\N	03:20:30	\N	\N	\N	\N	\N	            	\N	\N	\N
940	25	BALSHWL	\N	\N	\N	03:22:00	\N	\N	\N	\N	\N	            	\N	\N	\N
941	25	WIGANNW	\N	\N	\N	03:27:30	\N	\N	4	\N	\N	            	\N	\N	\N
942	25	WIGASJN	\N	\N	\N	03:28:00	\N	\N	\N	\N	\N	            	\N	\N	\N
943	25	SPRBJN	\N	\N	\N	03:29:00	\N	\N	\N	SL	\N	            	\N	\N	\N
944	25	GOLBRNJ	\N	\N	\N	03:34:00	\N	\N	\N	FL	\N	            	\N	\N	\N
945	25	WINWCKJ	\N	\N	\N	03:37:30	\N	\N	\N	\N	\N	            	\N	\N	\N
946	25	DALAMBR	\N	\N	\N	03:40:00	\N	\N	\N	\N	\N	            	\N	\N	\N
947	25	WRGTNBQ	\N	\N	\N	03:41:30	\N	\N	2	OL	\N	            	\N	\N	\N
948	25	WRGTWOJ	\N	\N	\N	03:44:00	\N	\N	\N	\N	\N	            	\N	\N	\N
949	25	ACGJN	\N	\N	\N	03:46:30	\N	\N	\N	FL	\N	            	1	\N	\N
950	25	WEAVERJ	\N	\N	\N	03:53:30	\N	\N	\N	\N	\N	            	\N	\N	\N
951	25	ACBG	\N	\N	\N	03:55:30	\N	\N	\N	\N	\N	            	\N	\N	\N
952	25	HARTFDJ	\N	\N	\N	03:56:30	\N	\N	\N	\N	\N	            	\N	\N	1
953	25	WNSFD	\N	\N	\N	04:01:30	\N	\N	\N	SL	\N	            	1	\N	\N
954	25	CREWECY	\N	\N	\N	04:08:00	\N	\N	\N	\N	\N	            	\N	\N	\N
955	25	CREWE	\N	\N	\N	04:11:00	\N	\N	UFL	\N	\N	            	\N	\N	\N
956	25	CREWBHJ	\N	\N	\N	04:13:00	\N	\N	\N	\N	\N	            	2	 H	\N
957	25	MADELEY	\N	\N	\N	04:20:30	\N	\N	\N	SL	SL	            	3	\N	\N
958	25	LBRDFJN	\N	\N	\N	04:32:30	\N	\N	\N	\N	\N	            	\N	1	1
959	25	STAFFRD	\N	\N	\N	04:37:30	\N	\N	4	SL	SL	            	\N	\N	\N
960	25	STAFTVJ	\N	\N	\N	04:38:00	\N	\N	\N	\N	\N	            	\N	\N	\N
961	25	WHHSJN	\N	\N	\N	04:40:30	\N	\N	\N	FL	\N	            	\N	\N	\N
962	25	COLWICH	\N	\N	\N	04:43:00	\N	\N	\N	FL	FL	            	\N	\N	\N
963	25	RUGLYNJ	\N	\N	\N	04:45:00	\N	\N	\N	FL	FL	            	\N	\N	1
964	25	LCHTNJ	\N	\N	\N	04:51:30	\N	\N	\N	FL	FL	            	\N	\N	\N
965	25	AMNGTNJ	\N	\N	\N	04:57:30	\N	\N	\N	FL	FL	            	\N	\N	\N
966	25	NNTN	\N	\N	\N	05:07:00	\N	\N	4	FL	FL	            	10	\N	\N
967	25	RUGBTVJ	\N	\N	\N	05:27:30	\N	\N	\N	FL	FL	            	\N	\N	\N
968	25	RUGBY	\N	\N	\N	05:28:00	\N	\N	4	FL	FL	            	\N	1	\N
969	25	HMTNJ	\N	\N	\N	05:30:00	\N	\N	\N	\N	\N	            	\N	\N	\N
970	25	WEEDON	\N	\N	\N	05:38:30	\N	\N	\N	FL	FL	            	10	 H	\N
971	25	HANSLPJ	\N	\N	\N	05:59:30	\N	\N	\N	SL	FL	            	\N	\N	\N
972	25	MKNSCEN	\N	\N	\N	06:05:00	\N	\N	1	SL	SL	            	\N	\N	\N
973	25	DNBGHSJ	\N	\N	\N	06:07:00	\N	\N	\N	\N	\N	            	\N	\N	\N
974	25	BLTCHLY	\N	\N	\N	06:08:00	\N	\N	4	SL	SL	            	\N	4	\N
975	25	LEDBRNJ	\N	\N	\N	06:20:00	\N	\N	\N	FL	SL	            	1	\N	\N
976	25	TRING	\N	\N	\N	06:25:30	\N	\N	2	FL	FL	            	\N	\N	\N
977	25	BONENDJ	\N	\N	\N	06:30:00	\N	\N	\N	FL	FL	            	\N	 H	1
978	25	WATFDJ	\N	06:38:00	06:40:00	\N	06:40:00	\N	7	FL	FL	D           	\N	\N	\N
979	25	HROW	\N	\N	\N	06:45:30	\N	\N	4	FL	FL	            	1	\N	\N
980	25	WMBY	\N	\N	\N	06:49:00	\N	\N	4	\N	\N	            	\N	\N	\N
981	25	WLSDWLJ	\N	\N	\N	06:51:00	\N	\N	\N	FL	FL	            	\N	\N	2H
982	25	CMDNJN	\N	\N	\N	06:56:30	\N	\N	\N	A	\N	            	\N	\N	\N
983	25	CMDNSTH	\N	\N	\N	06:57:00	\N	\N	\N	\N	\N	            	\N	\N	\N
984	25	EUSTON	\N	07:00:00	\N	\N	07:15:00	\N	1	\N	\N	TF          	\N	\N	\N
985	26	IVRNESS	\N	\N	20:45:00	\N	\N	20:45:00	2	\N	\N	TB          	\N	\N	\N
986	26	MILBRNJ	\N	\N	\N	20:46:30	\N	\N	\N	DH	\N	            	\N	\N	\N
987	26	CRAHALL	\N	\N	\N	20:48:00	\N	\N	\N	\N	\N	            	\N	\N	\N
988	26	CULDNMR	\N	\N	\N	20:55:00	\N	\N	\N	\N	\N	            	\N	\N	\N
989	26	MOYY	\N	\N	\N	21:06:30	\N	\N	\N	\N	\N	X           	\N	\N	\N
990	26	TOMATIN	\N	\N	\N	21:10:30	\N	\N	\N	\N	\N	            	\N	\N	\N
991	26	SLOCHD	\N	\N	\N	21:15:00	\N	\N	\N	\N	\N	            	\N	\N	\N
992	26	CARRBDG	\N	\N	\N	21:20:00	\N	\N	1	\N	\N	            	1	\N	\N
993	26	AVIEMRE	\N	21:27:00	21:34:00	\N	\N	21:32:00	1	\N	\N	U           	\N	\N	\N
994	26	KNCRAIG	\N	\N	\N	21:41:00	\N	\N	\N	\N	\N	            	\N	\N	\N
995	26	KGUSSIE	\N	21:46:00	21:50:00	\N	\N	21:48:00	2	\N	\N	U X         	\N	\N	\N
996	26	NWTM	\N	21:54:30	21:56:30	\N	\N	21:54:00	1	\N	\N	U           	\N	\N	\N
997	26	DALWHIN	\N	22:09:00	22:11:00	\N	\N	22:09:00	1	\N	\N	U X         	\N	\N	\N
998	26	DLNSPDL	\N	\N	\N	22:19:00	\N	\N	\N	\N	\N	            	\N	\N	\N
999	26	DLNCRDH	\N	\N	\N	22:24:30	\N	\N	\N	\N	\N	            	1	\N	\N
1000	26	BLARATH	\N	22:35:30	22:37:30	\N	\N	22:35:00	1	\N	\N	U           	\N	\N	\N
1001	26	PTLCHRY	\N	22:47:00	22:49:00	\N	\N	22:47:00	1	\N	\N	U           	\N	\N	\N
1002	26	DUNKELD	\N	23:01:30	23:05:30	\N	\N	23:03:00	1	\N	\N	U           	\N	\N	\N
1003	26	STNY	\N	\N	\N	23:15:00	\N	\N	\N	\N	\N	            	1	\N	\N
1004	26	PERTH	\N	23:23:30	23:28:30	\N	\N	23:26:00	4	\N	\N	U           	\N	\N	\N
1005	26	HILTONJ	\N	\N	\N	23:33:00	\N	\N	\N	\N	\N	            	\N	\N	\N
1006	26	HILT4	\N	\N	\N	23:36:00	\N	\N	\N	\N	\N	            	\N	\N	\N
1007	26	AUCHTDR	\N	\N	\N	23:44:00	\N	\N	\N	\N	\N	            	\N	\N	\N
1008	26	GLNEGLS	\N	23:46:00	23:47:30	\N	\N	23:45:00	1	\N	\N	U           	\N	\N	\N
1009	26	BLFD	\N	\N	\N	23:51:30	\N	\N	\N	\N	\N	            	\N	\N	\N
1010	26	GRNLNNG	\N	\N	\N	23:55:30	\N	\N	\N	\N	\N	            	1	\N	\N
1011	26	DUNANE	\N	00:02:00	00:04:00	\N	\N	00:02:00	1	\N	\N	U           	\N	\N	\N
1012	26	STIRLNG	\N	00:11:30	00:13:30	\N	\N	00:11:00	3	\N	\N	U           	\N	\N	\N
1013	26	LARBERJ	\N	\N	\N	00:21:30	\N	\N	\N	\N	\N	            	\N	\N	\N
1014	26	CRMRSEJ	\N	\N	\N	00:22:30	\N	\N	\N	\N	\N	            	1	\N	\N
1015	26	FALKRKG	\N	00:26:30	00:28:00	\N	\N	00:26:00	1	\N	\N	U           	\N	\N	\N
1016	26	GRNGMTJ	\N	\N	\N	00:30:30	\N	\N	\N	\N	\N	            	\N	\N	\N
1017	26	POLMONT	\N	\N	\N	00:33:30	\N	\N	1	\N	\N	            	\N	\N	\N
1018	26	LNLTHGW	\N	\N	\N	00:37:30	\N	\N	1	\N	\N	            	\N	\N	\N
1019	26	WNCBROJ	\N	\N	\N	00:41:30	\N	\N	\N	\N	\N	            	\N	\N	\N
1020	26	NWBG	\N	\N	\N	00:44:30	\N	\N	\N	\N	\N	            	2	\N	\N
1021	26	HAYMRWJ	\N	\N	\N	00:51:00	\N	\N	\N	US	\N	            	\N	\N	\N
1022	26	HAYMRKT	\N	\N	\N	00:52:00	\N	\N	3	US	\N	            	\N	 H	\N
1023	26	PRNCSTG	\N	\N	\N	00:54:00	\N	\N	\N	X	\N	            	\N	\N	\N
1024	26	EDINBUR	\N	00:56:00	01:24:00	\N	\N	\N	7	W	X	-UL         	\N	\N	\N
1025	26	PRNCSTG	2	\N	\N	01:25:30	\N	\N	\N	DS	\N	            	\N	\N	\N
1026	26	HAYMRKT	2	\N	\N	01:27:00	\N	\N	4	\N	\N	            	\N	\N	\N
1027	26	SLATEFD	\N	\N	\N	01:29:00	\N	\N	\N	\N	\N	            	\N	\N	\N
1028	26	MDCLDRJ	\N	\N	\N	01:36:30	\N	\N	\N	\N	\N	            	\N	\N	\N
1029	26	COBB712	\N	\N	\N	01:42:30	\N	\N	\N	\N	\N	            	\N	\N	\N
1030	26	ACHNGRY	\N	\N	\N	01:45:00	\N	\N	\N	\N	\N	            	\N	\N	\N
1031	26	CRSTRSE	\N	\N	\N	01:49:30	\N	\N	\N	\N	\N	            	1	\N	\N
1032	26	CRSTRSS	\N	\N	\N	01:51:30	\N	\N	\N	\N	\N	            	\N	\N	\N
1033	26	ABINGTN	\N	\N	\N	02:06:00	\N	\N	UM	\N	\N	            	\N	\N	\N
1034	26	BEATCKS	\N	\N	\N	02:12:00	\N	\N	UM	\N	\N	            	\N	\N	\N
1035	26	BEATCK	\N	\N	\N	02:19:30	\N	\N	UM	\N	\N	            	\N	\N	\N
1036	26	LCKRBIE	\N	\N	\N	02:30:00	\N	\N	2	\N	\N	            	2	\N	\N
1037	26	KRKP862	\N	\N	\N	02:42:00	\N	\N	\N	\N	\N	            	\N	\N	\N
1038	26	GRETNAJ	\N	\N	\N	02:45:00	\N	\N	\N	\N	\N	            	\N	\N	\N
1039	26	KGMRJCN	\N	\N	\N	02:49:30	\N	\N	\N	\N	\N	            	\N	\N	\N
1040	26	CARLCJN	\N	\N	\N	02:50:30	\N	\N	\N	UML	\N	            	\N	\N	\N
1041	26	CARLILE	\N	02:52:30	02:54:30	\N	\N	\N	4	\N	\N	S           	\N	\N	\N
1042	26	PNTH	\N	\N	\N	03:10:00	\N	\N	1	\N	\N	            	\N	\N	\N
1043	26	EDENVGL	\N	\N	\N	03:13:00	\N	\N	\N	\N	\N	            	\N	\N	\N
1044	26	SHAPSMT	\N	\N	\N	03:20:30	\N	\N	\N	\N	\N	            	\N	\N	\N
1045	26	TEBAY	\N	\N	\N	03:24:30	\N	\N	\N	\N	\N	            	\N	\N	\N
1046	26	GRIGG	\N	\N	\N	03:31:00	\N	\N	\N	\N	\N	            	\N	\N	\N
1047	26	OXENHLM	\N	\N	\N	03:36:30	\N	\N	1	\N	\N	            	1	\N	\N
1048	26	CRNFNJN	\N	\N	\N	03:47:00	\N	\N	\N	\N	\N	            	\N	\N	\N
1049	26	MORCMSJ	\N	\N	\N	03:50:30	\N	\N	\N	\N	\N	            	\N	\N	\N
1050	26	LANCSTR	\N	\N	\N	03:52:00	\N	\N	UFL	\N	\N	            	\N	\N	\N
1051	26	GSTANG	\N	\N	\N	04:01:00	\N	\N	\N	\N	\N	            	2	\N	\N
1052	26	PRSTNFJ	\N	\N	\N	04:12:00	\N	\N	\N	UFL	\N	            	\N	\N	\N
1053	26	PRST	\N	04:13:30	04:15:30	\N	04:15:00	\N	4	UFL	UFL	D           	\N	\N	\N
1054	26	PRSTRJN	\N	\N	\N	04:17:00	\N	\N	\N	FL	\N	            	\N	\N	\N
1055	26	EUXTONJ	\N	\N	\N	04:21:00	\N	\N	\N	\N	\N	            	\N	\N	\N
1056	26	BALSHWL	\N	\N	\N	04:22:30	\N	\N	\N	\N	\N	            	\N	\N	\N
1057	26	WIGANNW	\N	\N	\N	04:28:00	\N	\N	4	\N	\N	            	\N	\N	\N
1058	26	WIGASJN	\N	\N	\N	04:28:30	\N	\N	\N	\N	\N	            	\N	\N	\N
1059	26	SPRBJN	\N	\N	\N	04:29:00	\N	\N	\N	SL	\N	            	\N	\N	\N
1060	26	GOLBRNJ	\N	\N	\N	04:34:00	\N	\N	\N	FL	\N	            	\N	\N	\N
1061	26	WINWCKJ	\N	\N	\N	04:37:30	\N	\N	\N	\N	\N	            	\N	\N	\N
1062	26	DALAMBR	\N	\N	\N	04:40:00	\N	\N	\N	\N	\N	            	\N	\N	\N
1063	26	WRGTNBQ	\N	\N	\N	04:41:30	\N	\N	2	OL	\N	            	\N	\N	\N
1064	26	WRGTWOJ	\N	\N	\N	04:44:00	\N	\N	\N	\N	\N	            	\N	\N	\N
1065	26	ACGJN	\N	\N	\N	04:46:30	\N	\N	\N	FL	\N	            	1	\N	\N
1066	26	WEAVERJ	\N	\N	\N	04:53:30	\N	\N	\N	\N	\N	            	\N	\N	\N
1067	26	ACBG	\N	\N	\N	04:55:30	\N	\N	\N	\N	\N	            	\N	\N	\N
1068	26	HARTFDJ	\N	\N	\N	04:56:30	\N	\N	\N	\N	\N	            	\N	1H	1
1069	26	WNSFD	\N	\N	\N	05:03:00	\N	\N	\N	SL	\N	            	1	\N	\N
1070	26	CREWECY	\N	\N	\N	05:09:30	\N	\N	\N	\N	\N	            	\N	\N	\N
1071	26	CREWE	\N	05:11:00	05:14:00	\N	05:12:00	\N	5	\N	\N	D           	\N	 H	\N
1072	26	CREWBHJ	\N	\N	\N	05:18:00	\N	\N	\N	\N	\N	            	\N	\N	\N
1073	26	MADELEY	\N	\N	\N	05:23:00	\N	\N	\N	SL	SL	            	1	\N	\N
1074	26	LBRDFJN	\N	\N	\N	05:33:00	\N	\N	\N	\N	\N	            	\N	\N	\N
1075	26	STAFFRD	\N	\N	\N	05:37:00	\N	\N	4	SL	SL	            	\N	 H	\N
1076	26	STAFTVJ	\N	\N	\N	05:38:00	\N	\N	\N	\N	\N	            	\N	\N	\N
1077	26	PNKRDG	\N	\N	\N	05:42:00	\N	\N	\N	\N	\N	            	1	1	\N
1078	26	BSBYJN	\N	\N	\N	05:51:30	\N	\N	\N	\N	\N	            	\N	\N	\N
1079	26	PBLJWM	\N	\N	\N	05:54:30	\N	\N	\N	\N	\N	            	\N	\N	\N
1080	26	DRLSTNJ	\N	\N	\N	05:57:00	\N	\N	\N	\N	\N	            	\N	\N	\N
1081	26	BSCTSTA	\N	\N	\N	05:58:00	\N	\N	\N	\N	\N	            	1	\N	\N
1082	26	PRYBRNJ	\N	\N	\N	06:02:30	\N	\N	\N	\N	\N	            	\N	\N	\N
1083	26	ASTON	\N	\N	\N	06:04:30	\N	\N	2	\N	\N	            	\N	4	\N
1084	26	STECHFD	\N	\N	\N	06:13:30	\N	\N	\N	\N	\N	            	\N	\N	\N
1085	26	BHAMINT	\N	06:18:30	06:20:30	\N	06:20:00	\N	5	\N	\N	D           	\N	\N	\N
1086	26	BKSWELL	\N	\N	\N	06:25:30	\N	\N	\N	\N	\N	            	1	 H	\N
1087	26	COVNTRY	\N	\N	\N	06:31:00	\N	\N	2	\N	\N	            	1	\N	\N
1088	26	RUGBTVJ	\N	\N	\N	06:40:00	\N	\N	\N	FL	\N	            	\N	\N	\N
1089	26	RUGBY	\N	\N	\N	06:41:00	\N	\N	4	FL	FL	            	\N	\N	\N
1090	26	HMTNJ	\N	\N	\N	06:42:00	\N	\N	\N	\N	\N	            	\N	\N	\N
1091	26	WEEDON	\N	\N	\N	06:50:30	\N	\N	\N	FL	FL	            	\N	\N	\N
1092	26	HANSLPJ	\N	\N	\N	07:00:30	\N	\N	\N	FL	FL	            	\N	\N	\N
1093	26	MKNSCEN	\N	\N	\N	07:05:30	\N	\N	4	FL	FL	            	\N	\N	\N
1094	26	BLTCHLY	\N	\N	\N	07:07:30	\N	\N	2	FL	FL	            	\N	\N	\N
1095	26	LEDBRNJ	\N	\N	\N	07:14:30	\N	\N	\N	FL	FL	            	1	\N	\N
1096	26	TRING	\N	\N	\N	07:20:00	\N	\N	2	FL	FL	            	\N	\N	\N
1097	26	BONENDJ	\N	\N	\N	07:24:30	\N	\N	\N	FL	FL	            	\N	\N	\N
1098	26	WATFDJ	\N	\N	\N	07:30:30	\N	\N	7	FL	FL	            	\N	\N	\N
1099	26	HROW	\N	\N	\N	07:35:00	\N	\N	4	FL	FL	            	1	\N	\N
1100	26	WMBY	\N	\N	\N	07:38:30	\N	\N	4	\N	\N	            	\N	\N	\N
1101	26	WLSDWLJ	\N	\N	\N	07:40:30	\N	\N	\N	FL	FL	            	\N	\N	\N
1102	26	CMDNJN	\N	\N	\N	07:43:30	\N	\N	\N	D	\N	            	\N	\N	\N
1103	26	CMDNSTH	\N	\N	\N	07:44:00	\N	\N	\N	\N	\N	            	\N	\N	\N
1104	26	EUSTON	\N	07:47:00	\N	\N	08:00:00	\N	15	\N	\N	TF          	\N	\N	\N
1105	27	EUSTON	\N	\N	21:15:00	\N	\N	21:15:00	1	X	\N	TBK         	\N	\N	\N
1106	27	CMDNSTH	\N	\N	\N	21:18:00	\N	\N	\N	E	\N	            	\N	\N	\N
1107	27	CMDNJN	\N	\N	\N	21:18:30	\N	\N	\N	FL	\N	            	\N	\N	\N
1108	27	WLSDWLJ	\N	\N	\N	21:21:30	\N	\N	\N	FL	FL	            	\N	\N	\N
1109	27	WMBY	\N	\N	\N	21:23:30	\N	\N	3	\N	\N	            	\N	\N	\N
1110	27	HROW	\N	\N	\N	21:26:00	\N	\N	3	FL	FL	            	\N	\N	\N
1111	27	WATFDJ	\N	\N	\N	21:30:30	\N	\N	6	FL	FL	            	\N	\N	\N
1112	27	BONENDJ	\N	\N	\N	21:36:30	\N	\N	\N	FL	FL	            	\N	\N	\N
1113	27	TRING	\N	\N	\N	21:41:00	\N	\N	1	FL	FL	            	\N	\N	\N
1114	27	LEDBRNJ	\N	\N	\N	21:45:30	\N	\N	\N	FL	FL	            	\N	\N	\N
1115	27	BLTCHLY	\N	\N	\N	21:52:30	\N	\N	1	FL	FL	            	\N	\N	\N
1116	27	MKNSCEN	\N	\N	\N	21:55:00	\N	\N	6	FL	FL	            	1	\N	\N
1117	27	HANSLPJ	\N	\N	\N	22:01:00	\N	\N	\N	FL	FL	            	\N	\N	 H
1118	27	WEEDON	\N	\N	\N	22:11:30	\N	\N	\N	FL	FL	            	1	\N	\N
1119	27	HMTNJ	\N	\N	\N	22:21:00	\N	\N	\N	\N	\N	            	\N	\N	\N
1120	27	RUGBY	\N	\N	\N	22:22:00	\N	\N	DFL	FL	FL	            	\N	\N	\N
1121	27	RUGBTVJ	\N	\N	\N	22:22:30	\N	\N	\N	\N	FL	            	1	 H	\N
1122	27	COVNTRY	\N	\N	\N	22:32:00	\N	\N	3	\N	\N	            	\N	\N	\N
1123	27	BKSWELL	\N	\N	\N	22:36:00	\N	\N	\N	\N	\N	            	\N	1	\N
1124	27	BHAMINT	\N	22:41:30	22:44:30	\N	\N	22:42:00	3	\N	\N	U           	\N	\N	\N
1125	27	STECHFD	\N	\N	\N	22:50:00	\N	\N	\N	\N	\N	            	1	\N	\N
1126	27	ASTON	\N	\N	\N	22:56:00	\N	\N	1	\N	\N	            	\N	\N	\N
1127	27	PRYBRNJ	\N	\N	\N	22:58:30	\N	\N	\N	\N	\N	            	\N	\N	\N
1128	27	BSCTSTA	\N	\N	\N	23:02:00	\N	\N	\N	\N	\N	            	1	\N	\N
1129	27	DRLSTNJ	\N	\N	\N	23:04:00	\N	\N	\N	\N	\N	            	\N	\N	\N
1130	27	PBLJWM	\N	\N	\N	23:06:30	\N	\N	\N	\N	\N	            	\N	\N	\N
1131	27	BSBYJN	\N	\N	\N	23:09:00	\N	\N	\N	\N	\N	            	\N	\N	\N
1132	27	PNKRDG	\N	\N	\N	23:17:00	\N	\N	\N	\N	\N	            	1	\N	\N
1133	27	STAFTVJ	\N	\N	\N	23:22:00	\N	\N	\N	SL	\N	            	\N	\N	\N
1134	27	STAFFRD	\N	\N	\N	23:22:30	\N	\N	5	SL	SL	            	\N	\N	\N
1135	27	SLIGHTJ	\N	\N	\N	23:27:00	\N	\N	\N	\N	\N	            	\N	1	\N
1136	27	MADELEY	\N	\N	\N	23:36:00	\N	\N	\N	SL	SL	            	1	2	 H
1137	27	CREWBHJ	\N	\N	\N	23:44:30	\N	\N	\N	\N	\N	            	\N	 H	\N
1138	27	CREWE	\N	23:47:00	23:50:00	\N	\N	23:45:00	6	\N	\N	U K         	\N	\N	\N
1139	27	CREWECY	\N	\N	\N	23:51:30	\N	\N	\N	\N	\N	            	\N	\N	\N
1140	27	WNSFD	\N	\N	\N	23:57:30	\N	\N	\N	FL	\N	            	\N	\N	\N
1141	27	HARTFDJ	\N	\N	\N	00:01:00	\N	\N	\N	\N	\N	            	\N	\N	\N
1142	27	ACBG	\N	\N	\N	00:02:30	\N	\N	\N	\N	\N	            	\N	\N	\N
1143	27	WEAVERJ	\N	\N	\N	00:04:00	\N	\N	\N	\N	\N	            	\N	\N	\N
1144	27	ACGJN	\N	\N	\N	00:11:30	\N	\N	\N	OL	\N	            	\N	\N	\N
1145	27	WRGTWOJ	\N	\N	\N	00:14:00	\N	\N	\N	\N	\N	            	\N	\N	\N
1146	27	WRGTNBQ	\N	\N	\N	00:17:00	\N	\N	3	FL	\N	            	\N	\N	\N
1147	27	DALAMBR	\N	\N	\N	00:18:00	\N	\N	\N	\N	\N	            	\N	\N	\N
1148	27	WINWCKJ	\N	\N	\N	00:20:30	\N	\N	\N	\N	\N	            	\N	\N	\N
1149	27	GOLBRNJ	\N	\N	\N	00:24:00	\N	\N	\N	SL	\N	            	\N	\N	\N
1150	27	SPRBJN	\N	\N	\N	00:28:00	\N	\N	\N	FL	\N	            	\N	\N	\N
1151	27	WIGASJN	\N	\N	\N	00:28:30	\N	\N	\N	\N	\N	            	\N	\N	\N
1152	27	WIGANNW	\N	\N	\N	00:29:00	\N	\N	5	\N	\N	            	\N	 H	1
1153	27	BALSHWL	\N	\N	\N	00:36:00	\N	\N	\N	\N	\N	            	1	\N	\N
1154	27	EUXTONJ	\N	\N	\N	00:38:30	\N	\N	\N	\N	\N	            	1	2	\N
1155	27	PRSTRJN	\N	\N	\N	00:46:00	\N	\N	\N	DFL	\N	            	\N	\N	 H
1156	27	PRST	\N	00:48:00	00:58:00	\N	\N	00:30:00	4	UFL	DFL	U K         	\N	\N	\N
1157	27	PRSTNFJ	\N	\N	\N	00:59:30	\N	\N	\N	\N	\N	            	\N	\N	\N
1158	27	BBGHGL	\N	\N	\N	01:03:30	\N	\N	\N	\N	\N	            	\N	\N	\N
1159	27	GSTANG	\N	\N	\N	01:07:00	\N	\N	\N	\N	\N	            	\N	\N	\N
1160	27	LANCSTR	\N	\N	\N	01:16:30	\N	\N	DFL	\N	\N	            	\N	\N	\N
1161	27	MORCMSJ	\N	\N	\N	01:18:00	\N	\N	\N	\N	\N	            	\N	\N	\N
1162	27	CRNFNJN	\N	\N	\N	01:21:00	\N	\N	\N	\N	\N	            	\N	\N	\N
1163	27	OXENHLM	\N	\N	\N	01:31:00	\N	\N	2	\N	\N	            	\N	\N	\N
1164	27	GRIGG	\N	\N	\N	01:36:30	\N	\N	\N	\N	\N	            	1	\N	\N
1165	27	TEBAY	\N	\N	\N	01:42:00	\N	\N	\N	\N	\N	            	\N	\N	\N
1166	27	SHAPSMT	\N	\N	\N	01:46:00	\N	\N	\N	\N	\N	            	\N	\N	\N
1167	27	SHAPHNS	\N	\N	\N	01:49:00	\N	\N	\N	\N	\N	            	\N	 H	\N
1168	27	PNTH	\N	\N	\N	01:58:00	\N	\N	2	\N	\N	            	2	\N	1
1169	27	CARLILE	\N	02:15:30	02:18:30	\N	\N	\N	3	DML	\N	S           	\N	\N	\N
1170	27	CARLCJN	\N	\N	\N	02:20:30	\N	\N	\N	\N	\N	            	\N	\N	\N
1171	27	KGMRJCN	\N	\N	\N	02:22:00	\N	\N	\N	\N	\N	            	\N	\N	\N
1172	27	FLORSTN	\N	\N	\N	02:25:00	\N	\N	\N	\N	\N	            	\N	\N	\N
1173	27	GRETNAJ	\N	\N	\N	02:27:00	\N	\N	\N	\N	\N	            	\N	\N	\N
1174	27	KRKP863	\N	\N	\N	02:30:00	\N	\N	\N	\N	\N	            	\N	\N	\N
1175	27	LCKRBIE	\N	\N	\N	02:39:30	\N	\N	1	\N	\N	            	\N	\N	\N
1176	27	BEATCK	\N	\N	\N	02:50:30	\N	\N	DM	\N	\N	            	\N	\N	1
1177	27	BEATCKS	\N	\N	\N	02:59:30	\N	\N	DM	\N	\N	            	\N	 H	\N
1178	27	ABINGTN	\N	\N	\N	03:06:00	\N	\N	DM	\N	\N	            	2	\N	\N
1179	27	CRSTRSS	\N	\N	\N	03:20:00	\N	\N	\N	\N	\N	            	\N	\N	\N
1180	27	CRSTRSE	\N	\N	\N	03:21:00	\N	\N	\N	\N	\N	            	\N	\N	\N
1181	27	ACHNGRY	\N	\N	\N	03:25:30	\N	\N	\N	\N	\N	            	\N	\N	\N
1182	27	COBB713	\N	\N	\N	03:28:00	\N	\N	\N	\N	\N	            	\N	\N	\N
1183	27	MDCLDRJ	\N	\N	\N	03:34:00	\N	\N	\N	\N	\N	            	1	\N	\N
1184	27	SLATEFD	\N	\N	\N	03:42:00	\N	\N	\N	\N	\N	            	\N	\N	\N
1185	27	HAYMRKT	\N	\N	\N	03:44:00	\N	\N	3	US	\N	            	\N	\N	\N
1186	27	PRNCSTG	\N	\N	\N	03:45:30	\N	\N	\N	X	\N	            	\N	\N	\N
1187	27	EDINBUR	\N	03:47:00	04:20:00	\N	\N	\N	7	X	X	L -D        	\N	\N	\N
1188	27	PRNCSTG	2	\N	\N	04:21:30	\N	\N	\N	DS	\N	            	\N	\N	\N
1189	27	HAYMRKT	2	\N	\N	04:23:00	\N	\N	4	DS	\N	            	\N	\N	\N
1190	27	HAYMRWJ	\N	\N	\N	04:24:30	\N	\N	\N	\N	DS	            	\N	\N	\N
1191	27	NWBG	\N	\N	\N	04:31:00	\N	\N	\N	\N	\N	            	\N	\N	\N
1192	27	WNCBROJ	\N	\N	\N	04:34:30	\N	\N	\N	\N	\N	            	\N	\N	\N
1193	27	LNLTHGW	\N	\N	\N	04:38:30	\N	\N	2	\N	\N	            	\N	\N	\N
1194	27	POLMONT	\N	\N	\N	04:44:00	\N	\N	2	\N	\N	            	\N	\N	\N
1195	27	GRNGMTJ	\N	\N	\N	04:47:00	\N	\N	\N	\N	\N	            	1	\N	\N
1196	27	CRMRSEJ	\N	\N	\N	04:50:30	\N	\N	\N	\N	\N	            	\N	\N	\N
1197	27	LARBERJ	\N	\N	\N	04:51:30	\N	\N	\N	\N	\N	            	\N	\N	\N
1198	27	STIRLNG	\N	04:58:30	05:00:00	\N	04:59:00	\N	2	\N	\N	D           	\N	\N	\N
1199	27	DUNANE	\N	05:08:00	05:09:30	\N	05:08:00	\N	2	\N	\N	D           	\N	\N	\N
1200	27	DUNA43	\N	\N	\N	05:13:00	\N	\N	\N	\N	\N	            	1	\N	\N
1201	27	GRNLNNG	\N	\N	\N	05:17:30	\N	\N	\N	\N	\N	            	\N	\N	\N
1202	27	BLFD	\N	\N	\N	05:21:30	\N	\N	\N	\N	\N	            	\N	\N	\N
1203	27	GLNEGLS	\N	05:23:30	05:25:00	\N	05:24:00	\N	2	\N	\N	D           	\N	\N	\N
1204	27	AUCHTDR	\N	\N	\N	05:27:30	\N	\N	\N	\N	\N	            	\N	\N	\N
1205	27	HILT19	\N	\N	\N	05:34:30	\N	\N	\N	\N	\N	            	1	\N	\N
1206	27	HILTONJ	\N	\N	\N	05:38:30	\N	\N	\N	\N	\N	            	\N	\N	\N
1207	27	PERTH	\N	05:42:00	05:43:30	\N	05:42:00	\N	7	\N	\N	D           	\N	\N	\N
1208	27	STNY	\N	\N	\N	05:53:00	\N	\N	\N	\N	\N	            	\N	\N	\N
1209	27	DUNKELD	\N	06:02:00	06:03:30	\N	06:02:00	\N	1	\N	\N	D           	\N	\N	\N
1210	27	PTLCHRY	\N	06:16:00	06:17:30	\N	06:16:00	\N	1	\N	\N	D           	\N	\N	\N
1211	27	BLARATH	\N	06:28:00	06:29:30	\N	06:28:00	\N	2	\N	\N	D           	\N	\N	\N
1212	27	DLNCRDH	\N	\N	\N	06:41:30	\N	\N	\N	\N	\N	            	\N	\N	\N
1213	27	DLNSPDL	\N	\N	\N	06:49:30	\N	\N	\N	\N	\N	            	1	\N	\N
1214	27	DALWHIN	\N	06:59:00	07:00:30	\N	06:59:00	\N	2	\N	\N	D           	\N	\N	\N
1215	27	NWTM	\N	07:10:30	07:12:00	\N	07:11:00	\N	1	\N	\N	D           	\N	\N	\N
1216	27	KGUSSIE	\N	07:16:00	07:17:30	\N	07:16:00	07:17:00	1	\N	\N	T           	\N	\N	\N
1217	27	KNCRAIG	\N	07:25:00	07:31:00	\N	\N	\N	\N	\N	\N	A X         	1	\N	\N
1218	27	AVIEMRE	\N	07:38:30	07:43:00	\N	07:39:00	07:43:00	1	\N	\N	T           	\N	\N	\N
1219	27	CARRBDG	\N	07:53:00	07:54:30	\N	07:53:00	07:54:00	1	\N	\N	T           	\N	\N	\N
1220	27	SLOCHD	\N	\N	\N	08:02:30	\N	\N	\N	\N	\N	            	\N	\N	\N
1221	27	TOMATIN	\N	08:08:00	08:16:00	\N	\N	\N	\N	\N	\N	X A         	\N	\N	\N
1222	27	MOYY	\N	\N	\N	08:20:30	\N	\N	\N	\N	\N	            	\N	\N	\N
1223	27	CULDNMR	\N	\N	\N	08:27:00	\N	\N	\N	\N	\N	            	1	\N	\N
1224	27	CRAHALL	\N	\N	\N	08:32:00	\N	\N	\N	DH	\N	            	\N	\N	\N
1225	27	MILBRNJ	\N	\N	\N	08:33:00	\N	\N	\N	\N	DH	            	\N	\N	\N
1226	27	IVRNESS	\N	08:35:00	\N	\N	08:45:00	\N	2	\N	\N	TF          	\N	\N	\N
1227	28	EDINBUR	\N	\N	04:28:00	\N	\N	04:28:00	7	W	\N	TBN         	\N	\N	\N
1228	28	PRNCSTG	\N	\N	\N	04:29:30	\N	\N	\N	DS	\N	            	\N	\N	\N
1229	28	HAYMRKT	\N	\N	\N	04:31:00	\N	\N	4	DS	\N	            	\N	\N	\N
1230	28	HAYMRWJ	\N	\N	\N	04:32:30	\N	\N	\N	\N	DS	            	\N	\N	\N
1231	28	NWBG	\N	\N	\N	04:39:00	\N	\N	\N	\N	\N	            	\N	\N	\N
1232	28	WNCBROJ	\N	\N	\N	04:42:30	\N	\N	\N	\N	\N	            	\N	\N	\N
1233	28	LNLTHGW	\N	\N	\N	04:47:00	\N	\N	2	\N	\N	            	\N	\N	\N
1234	28	POLMONT	\N	\N	\N	04:52:00	\N	\N	2	\N	\N	            	\N	\N	\N
1235	28	GRNGMTJ	\N	\N	\N	04:55:30	\N	\N	\N	\N	\N	            	1	\N	\N
1236	28	CRMRSEJ	\N	\N	\N	04:59:30	\N	\N	\N	\N	\N	            	\N	\N	\N
1237	28	LARBERJ	\N	\N	\N	05:00:30	\N	\N	\N	\N	\N	            	\N	\N	\N
1238	28	STIRLNG	\N	\N	\N	05:07:30	\N	\N	2	\N	\N	            	\N	4	\N
1239	28	DUNANE	\N	\N	\N	05:18:00	\N	\N	2	\N	\N	            	1	\N	\N
1240	28	DUNA43	\N	\N	\N	05:22:00	\N	\N	\N	\N	\N	            	\N	\N	\N
1241	28	GRNLNNG	\N	\N	\N	05:25:30	\N	\N	\N	\N	\N	            	\N	1	\N
1242	28	BLFD	\N	\N	\N	05:30:30	\N	\N	\N	\N	\N	            	\N	\N	\N
1243	28	AUCHTDR	\N	\N	\N	05:34:30	\N	\N	\N	\N	\N	            	\N	\N	\N
1244	28	HILT19	\N	\N	\N	05:41:30	\N	\N	\N	\N	\N	            	1	\N	\N
1245	28	HILTONJ	\N	\N	\N	05:45:30	\N	\N	\N	\N	\N	            	\N	\N	\N
1246	28	PERTH	\N	\N	\N	05:49:30	\N	\N	2	\N	\N	            	\N	\N	\N
1247	28	BHLP	\N	\N	\N	05:52:30	\N	\N	\N	\N	\N	            	\N	\N	\N
1248	28	ERROLLC	\N	\N	\N	06:01:00	\N	\N	\N	\N	\N	            	\N	\N	\N
1249	28	LFGNLC	\N	\N	\N	06:05:00	\N	\N	\N	\N	\N	            	\N	\N	\N
1250	28	DUND697	\N	\N	\N	06:06:00	\N	\N	\N	\N	\N	            	\N	\N	\N
1251	28	DUNDCJ	\N	\N	\N	06:09:00	\N	\N	\N	\N	\N	            	\N	\N	\N
1252	28	DUNDETB	\N	06:10:00	06:12:00	\N	06:11:00	\N	4	\N	\N	D           	\N	\N	\N
1253	28	CMPRDNJ	\N	\N	\N	06:14:30	\N	\N	\N	\N	\N	            	\N	\N	\N
1254	28	BRFRY	\N	\N	\N	06:19:00	\N	\N	2	\N	\N	            	\N	\N	\N
1255	28	CNST	\N	06:24:30	06:26:30	\N	06:26:00	\N	2	\N	\N	D           	\N	\N	\N
1256	28	ARBROTH	\N	06:32:00	06:34:00	\N	06:33:00	\N	2	\N	\N	D           	\N	\N	\N
1257	28	INVKLOR	\N	\N	\N	06:40:30	\N	\N	\N	\N	\N	            	\N	\N	\N
1258	28	USAN	\N	\N	\N	06:45:30	\N	\N	\N	\N	\N	            	\N	\N	\N
1259	28	MONTRSE	\N	06:48:30	06:50:30	\N	06:50:00	\N	2	\N	\N	D           	1	\N	\N
1260	28	CRAIGO	\N	\N	\N	06:56:30	\N	\N	\N	\N	\N	            	\N	\N	\N
1261	28	LRNCKRK	\N	\N	\N	07:01:30	\N	\N	\N	\N	\N	            	\N	\N	\N
1262	28	CAARMNT	\N	\N	\N	07:08:00	\N	\N	\N	\N	\N	            	\N	\N	\N
1263	28	SHVN	\N	07:13:30	07:15:30	\N	07:15:00	\N	2	\N	\N	D           	\N	\N	\N
1264	28	ABRD223	\N	\N	\N	07:21:30	\N	\N	\N	\N	\N	            	\N	\N	\N
1265	28	ABRD229	\N	\N	\N	07:25:00	\N	\N	\N	\N	\N	            	\N	\N	\N
1266	28	ABRD55	\N	\N	\N	07:28:30	\N	\N	\N	\N	\N	            	\N	\N	\N
1267	28	CRGISTH	\N	\N	\N	07:29:30	\N	\N	\N	\N	\N	            	1	\N	\N
1268	28	ABRDFJN	\N	\N	\N	07:32:00	\N	\N	\N	\N	\N	            	\N	\N	\N
1269	28	ABRDEEN	\N	07:34:00	\N	\N	07:50:00	\N	6S	\N	\N	TF          	\N	\N	\N
1270	29	EDINBUR	\N	\N	04:50:00	\N	\N	04:50:00	7	W	\N	TB          	\N	 H	\N
1271	29	PRNCSTG	\N	\N	\N	04:51:30	\N	\N	\N	DS	\N	            	\N	\N	\N
1272	29	HAYMRKT	\N	\N	\N	04:53:00	\N	\N	4	DS	\N	            	\N	\N	\N
1273	29	HAYMRWJ	\N	\N	\N	04:55:00	\N	\N	\N	\N	DS	            	\N	\N	\N
1274	29	NWBG	\N	\N	\N	05:01:00	\N	\N	\N	\N	\N	            	\N	\N	\N
1275	29	UPHALL	\N	\N	\N	05:06:00	\N	\N	\N	\N	\N	            	\N	\N	\N
1276	29	BTHGATE	\N	\N	\N	05:12:00	\N	\N	2	\N	\N	            	\N	\N	\N
1277	29	AIRDRIE	\N	\N	\N	05:26:00	\N	\N	2	\N	\N	            	\N	\N	\N
1278	29	COATBDS	\N	\N	\N	05:29:30	\N	\N	\N	\N	\N	            	\N	\N	\N
1279	29	SHTLSTN	\N	\N	\N	05:36:30	\N	\N	\N	\N	\N	            	\N	\N	\N
1280	29	BLGRVE	\N	\N	\N	05:41:30	\N	\N	1	\N	\N	            	\N	\N	\N
1281	29	GLGQLL	\N	05:47:00	05:48:30	\N	\N	05:48:00	8	\N	\N	U           	\N	\N	\N
1282	29	FNSTNEJ	\N	\N	\N	05:54:00	\N	\N	\N	\N	\N	            	\N	\N	\N
1283	29	HYNDLEJ	\N	\N	\N	05:57:00	\N	\N	\N	\N	\N	            	\N	\N	\N
1284	29	ANSL	\N	\N	\N	05:58:00	\N	\N	2	\N	\N	            	\N	\N	\N
1285	29	WESTRTN	\N	\N	\N	06:00:30	\N	\N	2	\N	\N	            	\N	\N	\N
1286	29	DALMUIR	\N	06:04:30	06:06:00	\N	06:05:00	06:06:00	1	\N	\N	T           	\N	\N	\N
1287	29	DMBRTNC	\N	06:15:30	06:17:00	\N	06:16:00	06:17:00	2	\N	\N	T           	\N	\N	\N
1288	29	DLREOCH	\N	\N	\N	06:18:30	\N	\N	\N	\N	\N	            	\N	\N	\N
1289	29	CRGDRNJ	\N	\N	\N	06:26:30	\N	\N	\N	\N	\N	            	\N	\N	\N
1290	29	HLNSBRU	\N	06:30:30	06:33:30	\N	06:31:00	06:33:00	1	\N	\N	T           	\N	\N	\N
1291	29	GRLCHHD	\N	06:45:30	06:47:00	\N	06:46:00	06:47:00	2	\N	\N	T           	\N	\N	\N
1292	29	GLDL	\N	\N	\N	07:00:00	\N	\N	\N	\N	\N	            	\N	\N	\N
1293	29	ARCHRAT	\N	07:08:00	07:09:30	\N	07:08:00	07:09:00	2	\N	\N	T X         	\N	\N	\N
1294	29	ARDLUI	\N	07:23:30	07:25:00	\N	07:24:00	07:25:00	2	\N	\N	R           	\N	\N	\N
1295	29	CRNLRCH	\N	07:45:00	07:48:00	\N	07:45:00	07:48:00	2	\N	\N	T           	\N	\N	\N
1296	29	TYNDRMU	\N	07:59:00	08:02:00	\N	07:59:00	08:02:00	2	\N	\N	T           	\N	\N	\N
1297	29	BOORCHY	\N	08:16:30	08:18:30	\N	08:17:00	08:18:00	2	\N	\N	T           	\N	\N	\N
1298	29	RANNOCH	\N	08:43:30	08:45:00	\N	08:44:00	08:45:00	1	\N	\N	T X         	\N	\N	\N
1299	29	CORROUR	\N	08:58:00	09:00:00	\N	08:58:00	09:00:00	1	\N	\N	T           	\N	\N	\N
1300	29	TULLOCH	\N	09:19:00	09:21:00	\N	09:19:00	09:21:00	2	\N	\N	T X         	\N	\N	\N
1301	29	ROYBDGE	\N	09:31:30	09:31:30	\N	09:31:00	09:31:00	1	\N	\N	R           	\N	\N	\N
1302	29	SPEANBD	\N	09:38:00	09:39:30	\N	09:38:00	09:39:00	1	\N	\N	T           	\N	\N	\N
1303	29	FRTWJN	\N	\N	\N	09:51:30	\N	\N	\N	\N	\N	            	\N	\N	\N
1304	29	FRTWLM	\N	09:55:00	\N	\N	10:00:00	\N	1	\N	\N	TF          	\N	\N	\N
1305	30	HTRWTM5	\N	\N	23:12:00	\N	\N	23:12:00	4	\N	\N	TB          	\N	\N	\N
1306	30	HTRWAPT	\N	23:15:30	23:19:00	\N	23:16:00	23:19:00	2	\N	\N	T           	\N	\N	\N
1307	30	HTRWTJN	\N	\N	\N	23:22:00	\N	\N	\N	\N	\N	            	\N	\N	\N
1308	30	STKYJN	\N	\N	\N	23:22:30	\N	\N	\N	ML	\N	            	\N	\N	\N
1309	30	HTRWAJN	\N	\N	\N	23:23:00	\N	\N	\N	ML	\N	            	\N	 H	\N
1310	30	STHALL	\N	\N	\N	23:24:30	\N	\N	2	ML	\N	            	\N	1H	\N
1311	30	ACTONW	\N	\N	\N	23:28:00	\N	\N	\N	ML	ML	            	1	2	\N
1312	30	LDBRKJ	\N	\N	\N	23:33:30	\N	\N	\N	3	ML	            	\N	\N	\N
1313	30	PRTOBJP	\N	\N	\N	23:34:30	\N	\N	\N	3	\N	            	\N	\N	\N
1314	30	ROYAOJN	\N	\N	\N	23:36:00	\N	\N	\N	3	\N	            	\N	\N	\N
1315	30	PADTON	\N	23:38:00	\N	\N	23:38:00	\N	10	\N	\N	TF          	\N	\N	\N
1316	32	FRTWLM	\N	\N	19:50:00	\N	\N	19:50:00	2	\N	\N	TB          	\N	\N	\N
1317	32	FRTWJN	\N	\N	\N	19:53:00	\N	\N	\N	\N	\N	            	\N	\N	\N
1318	32	SPEANBD	\N	20:07:00	20:10:00	\N	20:07:00	20:09:00	2	\N	\N	T X         	\N	\N	\N
1319	32	ROYBDGE	\N	20:17:00	20:17:00	\N	20:17:00	20:17:00	1	\N	\N	R           	\N	\N	\N
1320	32	TULLOCH	\N	20:28:00	20:30:00	\N	20:28:00	20:29:00	1	\N	\N	T           	\N	\N	\N
1321	32	CORROUR	\N	20:51:00	20:53:00	\N	20:51:00	20:52:00	1	\N	\N	T           	\N	1	\N
1322	32	RANNOCH	\N	21:06:00	21:09:00	\N	21:06:00	21:08:00	2	\N	\N	T X         	\N	\N	\N
1323	32	BOORCHY	\N	21:35:00	21:37:00	\N	21:35:00	21:36:00	1	\N	\N	T           	\N	\N	\N
1324	32	TYNDRMU	\N	21:52:00	21:55:00	\N	21:52:00	21:54:00	1	\N	\N	T           	\N	\N	\N
1325	32	CRNLRCH	\N	22:07:00	22:09:00	\N	22:07:00	22:08:00	1	\N	\N	T           	\N	\N	\N
1326	32	ARDLUI	\N	22:27:30	22:29:00	\N	22:28:00	22:28:00	1	\N	\N	R           	\N	\N	\N
1327	32	ARCHRAT	\N	22:44:00	22:45:30	\N	22:44:00	22:44:00	1	\N	\N	T           	\N	\N	\N
1328	32	GLDL	\N	\N	\N	22:55:30	\N	\N	\N	\N	\N	            	\N	\N	\N
1329	32	GRLCHHD	\N	23:09:30	23:11:00	\N	23:10:00	23:10:00	1	\N	\N	T           	\N	\N	\N
1330	32	HLNSBRU	\N	23:23:00	23:24:30	\N	23:23:00	23:23:00	1	\N	\N	T           	\N	\N	\N
1331	32	CRGDRNJ	\N	\N	\N	23:28:30	\N	\N	\N	\N	\N	            	\N	\N	\N
1332	32	DLREOCH	\N	\N	\N	23:36:30	\N	\N	\N	\N	\N	            	\N	\N	\N
1333	32	DMBRTNC	\N	23:38:00	23:39:30	\N	23:38:00	23:38:00	1	\N	\N	T           	\N	\N	\N
1334	32	DALMUIR	\N	23:50:00	23:53:30	\N	23:50:00	23:51:00	2	\N	\N	T           	\N	\N	\N
1335	32	WESTRTN	\N	\N	\N	23:59:30	\N	\N	2	\N	\N	            	\N	\N	\N
1336	32	MRYHILL	\N	\N	\N	00:02:00	\N	\N	\N	\N	\N	            	\N	\N	\N
1337	32	CWLRSNJ	\N	\N	\N	00:05:30	\N	\N	\N	\N	\N	            	\N	\N	\N
1338	32	CWLRSEJ	\N	\N	\N	00:07:00	\N	\N	\N	UEG	\N	            	\N	\N	\N
1339	32	BSHB	\N	\N	\N	00:09:30	\N	\N	\N	\N	\N	            	\N	\N	\N
1340	32	LENZIE	\N	\N	\N	00:13:00	\N	\N	\N	\N	\N	            	\N	\N	\N
1341	32	CROY	\N	\N	\N	00:17:00	\N	\N	1	\N	\N	            	\N	\N	\N
1342	32	GNHLUJN	\N	\N	\N	00:21:00	\N	\N	\N	\N	\N	            	\N	\N	\N
1343	32	FALKRKH	\N	\N	\N	00:24:00	\N	\N	1	\N	\N	            	\N	\N	\N
1344	32	POLMONT	\N	\N	\N	00:26:00	\N	\N	1	\N	\N	            	\N	\N	\N
1345	32	LNLTHGW	\N	\N	\N	00:29:30	\N	\N	1	\N	\N	            	\N	 H	\N
1346	32	WNCBROJ	\N	\N	\N	00:34:00	\N	\N	\N	\N	\N	            	\N	 H	\N
1347	32	NWBG	\N	\N	\N	00:37:30	\N	\N	\N	\N	\N	            	2	1	\N
1348	32	HAYMRWJ	\N	\N	\N	00:45:00	\N	\N	\N	US	\N	            	\N	2	\N
1349	32	HAYMRKT	\N	\N	\N	00:48:00	\N	\N	3	US	\N	            	\N	1	\N
1350	32	PRNCSTG	\N	\N	\N	00:50:30	\N	\N	\N	Z	\N	            	\N	\N	\N
1351	32	EDINBUR	\N	\N	\N	00:52:00	\N	\N	1	NL	Z	            	\N	\N	\N
1352	32	EDIN813	\N	00:53:30	00:55:30	\N	\N	\N	\N	\N	\N	PRRM        	\N	\N	\N
1353	32	EDINBUR	2	00:58:00	\N	\N	01:08:00	\N	2	\N	NL	TFPR        	\N	\N	\N
1354	33	ABRDEEN	\N	\N	20:26:00	\N	\N	20:26:00	3	\N	\N	TB          	\N	\N	\N
1355	33	ABRDFJN	\N	\N	\N	20:27:00	\N	\N	\N	\N	\N	            	\N	\N	\N
1356	33	CRGISTH	\N	\N	\N	20:28:30	\N	\N	\N	\N	\N	            	\N	\N	\N
1357	33	ABRD56	\N	\N	\N	20:29:00	\N	\N	\N	\N	\N	            	\N	\N	\N
1358	33	ABRD230	\N	\N	\N	20:31:30	\N	\N	\N	\N	\N	            	\N	\N	\N
1359	33	ABRD222	\N	\N	\N	20:37:00	\N	\N	\N	\N	\N	            	\N	\N	\N
1360	33	SHVN	\N	20:43:00	20:45:00	\N	\N	20:43:00	1	\N	\N	U           	\N	\N	\N
1361	33	CAARMNT	\N	\N	\N	20:52:00	\N	\N	\N	\N	\N	            	\N	\N	\N
1362	33	LRNCKRK	\N	\N	\N	20:58:30	\N	\N	\N	\N	\N	            	\N	\N	\N
1363	33	CRAIGO	\N	\N	\N	21:03:00	\N	\N	\N	\N	\N	            	\N	\N	\N
1364	33	MONTRSE	\N	21:07:00	21:08:30	\N	\N	21:06:00	1	\N	\N	U           	\N	\N	\N
1365	33	USAN	\N	\N	\N	21:12:30	\N	\N	\N	\N	\N	            	\N	\N	\N
1366	33	INVKLOR	\N	\N	\N	21:17:30	\N	\N	\N	\N	\N	            	\N	\N	\N
1367	33	ARBROTH	\N	21:23:30	21:25:00	\N	\N	21:23:00	1	\N	\N	U           	\N	\N	\N
1368	33	CNST	\N	21:31:30	21:33:00	\N	\N	21:31:00	1	\N	\N	U           	\N	\N	\N
1369	33	BRFRY	\N	\N	\N	21:40:00	\N	\N	1	\N	\N	            	1	\N	\N
1370	33	CMPRDNJ	\N	\N	\N	21:43:30	\N	\N	\N	\N	\N	            	\N	\N	\N
1371	33	DUNDETB	\N	21:46:00	21:56:00	\N	\N	21:54:00	1	\N	\N	U           	\N	\N	\N
1372	33	DUNDCJ	\N	\N	\N	21:57:00	\N	\N	\N	\N	\N	            	\N	\N	\N
1373	33	TAYBDGS	\N	\N	\N	22:06:00	\N	\N	\N	\N	\N	            	\N	\N	\N
1374	33	SFORT26	\N	\N	\N	22:08:30	\N	\N	\N	\N	\N	            	\N	\N	\N
1375	33	LEUCHRS	\N	22:12:00	22:14:30	\N	\N	22:12:00	1	\N	\N	U           	\N	\N	\N
1376	33	CUPAR	\N	\N	\N	22:22:00	\N	\N	1	\N	\N	            	\N	\N	\N
1377	33	LADYBNK	\N	\N	\N	22:27:00	\N	\N	1	\N	\N	            	1	\N	\N
1378	33	THRNTNJ	\N	\N	\N	22:36:00	\N	\N	\N	\N	\N	            	\N	1	\N
1379	33	THRNUPL	\N	22:38:00	22:47:00	\N	\N	\N	\N	\N	\N	A           	\N	\N	\N
1380	33	THRNTSJ	\N	\N	\N	22:48:00	\N	\N	\N	\N	\N	            	\N	\N	\N
1381	33	KCLD	\N	22:52:30	22:54:00	\N	\N	22:52:00	1	\N	\N	U           	\N	\N	\N
1382	33	BISLND	\N	\N	\N	23:01:30	\N	\N	1	\N	\N	            	\N	\N	\N
1383	33	IVRKTHG	\N	23:09:30	23:11:00	\N	\N	23:09:00	1	\N	\N	U           	\N	\N	\N
1384	33	DLMYJN	\N	\N	\N	23:17:30	\N	\N	\N	\N	\N	            	1	3	\N
1385	33	HAYMRWJ	\N	\N	\N	23:27:00	\N	\N	\N	UN	\N	            	\N	 H	\N
1386	33	HAYMRKT	\N	\N	\N	23:28:30	\N	\N	1	UN	\N	            	\N	1	\N
1387	33	PRNCSTG	\N	\N	\N	23:31:00	\N	\N	\N	Z	\N	            	\N	\N	\N
1388	33	EDINBUR	\N	23:33:00	\N	\N	23:33:00	\N	2	\N	Z	TFN         	\N	\N	\N
1389	34	EDINBUR	\N	\N	23:42:00	\N	\N	23:40:00	11	W	\N	TB          	\N	 H	\N
1390	34	PRNCSTG	\N	\N	\N	23:44:00	\N	\N	\N	DS	\N	            	\N	1	\N
1391	34	HAYMRKT	\N	\N	\N	23:46:30	\N	\N	4	\N	\N	            	\N	\N	\N
1392	34	SLATEFD	\N	\N	\N	23:49:00	\N	\N	\N	\N	\N	            	\N	\N	\N
1393	34	MDCLDRJ	\N	\N	\N	23:56:00	\N	\N	\N	\N	\N	            	\N	\N	\N
1394	34	COBB712	\N	\N	\N	00:02:00	\N	\N	\N	\N	\N	            	\N	\N	\N
1395	34	ACHNGRY	\N	\N	\N	00:04:30	\N	\N	\N	\N	\N	            	\N	\N	\N
1396	34	CRSTRSE	\N	\N	\N	00:09:00	\N	\N	\N	\N	\N	            	\N	\N	\N
1397	34	CRSTUPL	\N	00:11:30	00:19:30	\N	\N	\N	\N	\N	\N	A PRRM      	\N	\N	\N
1398	34	CRSTRS	\N	00:21:00	\N	\N	00:21:00	\N	2	\N	\N	TFN PR      	\N	\N	\N
1399	35	GLGC	\N	\N	23:40:00	\N	\N	23:40:00	1	A1	\N	TB          	\N	\N	\N
1400	35	GLGCBSJ	\N	\N	\N	23:42:00	\N	\N	\N	1U	\N	            	\N	\N	\N
1401	35	EGLNSTJ	\N	\N	\N	23:43:00	\N	\N	\N	UF	\N	            	\N	\N	\N
1402	35	LRKFLDJ	\N	\N	\N	23:44:30	\N	\N	\N	FL	\N	            	\N	\N	\N
1403	35	SHFD	\N	\N	\N	23:45:30	\N	\N	\N	\N	\N	            	\N	\N	\N
1404	35	RTHGNEJ	\N	\N	\N	23:46:30	\N	\N	\N	\N	\N	            	\N	\N	\N
1405	35	NWTLWJ	\N	\N	\N	23:48:00	\N	\N	\N	\N	\N	            	\N	\N	\N
1406	35	NWTLEJ	\N	\N	\N	23:49:00	\N	\N	\N	\N	\N	            	\N	\N	\N
1407	35	UDNGTNJ	\N	\N	\N	23:50:00	\N	\N	\N	\N	\N	            	\N	\N	\N
1408	35	MOTHRWL	\N	23:54:00	23:58:00	\N	\N	23:55:00	1	\N	\N	U           	\N	\N	\N
1409	35	SHILDMR	\N	\N	\N	00:01:00	\N	\N	2	\N	\N	            	\N	2H	\N
1410	35	LAWJ	\N	\N	\N	00:06:30	\N	\N	\N	\N	\N	            	\N	\N	\N
1411	35	LANARKJ	\N	\N	\N	00:12:30	\N	\N	\N	\N	\N	            	1	 H	\N
1412	35	CRSTRSN	\N	\N	\N	00:16:30	\N	\N	\N	PL	\N	            	\N	\N	\N
1413	35	CRSTRS	\N	00:18:00	00:40:00	\N	\N	00:25:00	2	\N	\N	U -U        	\N	\N	\N
1414	35	CRSTRSS	\N	\N	\N	00:41:30	\N	\N	\N	\N	\N	            	\N	\N	\N
1415	35	ABINGTN	\N	\N	\N	00:54:30	\N	\N	UM	\N	\N	            	\N	\N	1
1416	35	BEATCKS	\N	\N	\N	01:01:30	\N	\N	UM	\N	\N	            	\N	\N	\N
1417	35	BEATCK	\N	\N	\N	01:09:00	\N	\N	UM	\N	\N	            	\N	\N	\N
1418	35	LCKRBIE	\N	\N	\N	01:19:30	\N	\N	2	\N	\N	            	2	\N	\N
1419	35	KRKP862	\N	\N	\N	01:31:30	\N	\N	\N	\N	\N	            	\N	\N	\N
1420	35	GRETNAJ	\N	\N	\N	01:34:30	\N	\N	\N	\N	\N	            	\N	1	\N
1421	35	KGMRJCN	\N	\N	\N	01:40:00	\N	\N	\N	\N	\N	            	\N	\N	\N
1422	35	CARLCJN	\N	\N	\N	01:41:00	\N	\N	\N	UML	\N	            	\N	\N	\N
1423	35	CARLILE	\N	01:43:00	01:45:00	\N	\N	01:45:00	4	\N	\N	U           	\N	\N	\N
1424	35	PNTH	\N	\N	\N	02:00:30	\N	\N	1	\N	\N	            	\N	\N	\N
1425	35	EDENVGL	\N	\N	\N	02:03:30	\N	\N	\N	\N	\N	            	\N	\N	\N
1426	35	SHAPSMT	\N	\N	\N	02:11:00	\N	\N	\N	\N	\N	            	\N	\N	1
1427	35	TEBAY	\N	\N	\N	02:16:00	\N	\N	\N	\N	\N	            	\N	\N	\N
1428	35	GRIGG	\N	\N	\N	02:22:30	\N	\N	\N	\N	\N	            	\N	\N	\N
1429	35	OXENHLM	\N	\N	\N	02:28:00	\N	\N	1	\N	\N	            	1	\N	\N
1430	35	CRNFNJN	\N	\N	\N	02:38:30	\N	\N	\N	\N	\N	            	\N	\N	\N
1431	35	MORCMSJ	\N	\N	\N	02:42:00	\N	\N	\N	\N	\N	            	\N	\N	1
1432	35	LANCSTR	\N	\N	\N	02:44:30	\N	\N	UFL	\N	\N	            	\N	\N	\N
1433	35	GSTANG	\N	\N	\N	02:53:30	\N	\N	\N	\N	\N	            	2	\N	\N
1434	35	PRSTNFJ	\N	\N	\N	03:04:30	\N	\N	\N	DFL	\N	            	\N	\N	\N
1435	35	PRST	\N	03:06:00	03:15:00	\N	\N	\N	3	DFL	DFL	C A         	\N	\N	\N
1436	35	PRSTRJN	\N	\N	\N	03:16:30	\N	\N	\N	FL	\N	            	\N	\N	\N
1437	35	EUXTONJ	\N	\N	\N	03:20:30	\N	\N	\N	\N	\N	            	\N	\N	\N
1438	35	BALSHWL	\N	\N	\N	03:22:00	\N	\N	\N	\N	\N	            	\N	\N	\N
1439	35	WIGANNW	\N	\N	\N	03:27:30	\N	\N	4	\N	\N	            	\N	\N	\N
1440	35	WIGASJN	\N	\N	\N	03:28:00	\N	\N	\N	\N	\N	            	\N	\N	\N
1441	35	SPRBJN	\N	\N	\N	03:29:00	\N	\N	\N	SL	\N	            	\N	\N	\N
1442	35	GOLBRNJ	\N	\N	\N	03:34:00	\N	\N	\N	FL	\N	            	\N	\N	\N
1443	35	WINWCKJ	\N	\N	\N	03:37:30	\N	\N	\N	\N	\N	            	\N	\N	\N
1444	35	DALAMBR	\N	\N	\N	03:40:00	\N	\N	\N	\N	\N	            	\N	\N	\N
1445	35	WRGTNBQ	\N	\N	\N	03:41:30	\N	\N	2	OL	\N	            	\N	\N	\N
1446	35	WRGTWOJ	\N	\N	\N	03:44:00	\N	\N	\N	\N	\N	            	\N	\N	\N
1447	35	ACGJN	\N	\N	\N	03:46:30	\N	\N	\N	FL	\N	            	1	\N	\N
1448	35	WEAVERJ	\N	\N	\N	03:53:30	\N	\N	\N	\N	\N	            	\N	\N	\N
1449	35	ACBG	\N	\N	\N	03:55:30	\N	\N	\N	\N	\N	            	\N	\N	\N
1450	35	HARTFDJ	\N	\N	\N	03:56:30	\N	\N	\N	\N	\N	            	\N	\N	1
1451	35	WNSFD	\N	\N	\N	04:01:30	\N	\N	\N	SL	\N	            	1	\N	\N
1452	35	CREWECY	\N	\N	\N	04:08:00	\N	\N	\N	\N	\N	            	\N	\N	\N
1453	35	CREWE	\N	\N	\N	04:11:00	\N	\N	UFL	\N	\N	            	\N	\N	\N
1454	35	CREWBHJ	\N	\N	\N	04:13:00	\N	\N	\N	\N	\N	            	\N	 H	\N
1455	35	MADELEY	\N	\N	\N	04:18:30	\N	\N	\N	SL	SL	            	1	2	\N
1456	35	LBRDFJN	\N	\N	\N	04:30:30	\N	\N	\N	\N	\N	            	\N	\N	1
1457	35	STAFFRD	\N	\N	\N	04:34:30	\N	\N	4	SL	SL	            	\N	\N	\N
1458	35	STAFTVJ	\N	\N	\N	04:35:00	\N	\N	\N	\N	\N	            	\N	\N	\N
1459	35	WHHSJN	\N	\N	\N	04:37:30	\N	\N	\N	FL	\N	            	\N	 H	\N
1460	35	COLWICH	\N	\N	\N	04:40:30	\N	\N	\N	FL	FL	            	\N	\N	\N
1461	35	RUGLYNJ	\N	\N	\N	04:42:30	\N	\N	\N	FL	FL	            	\N	\N	1
1462	35	LCHTNJ	\N	\N	\N	04:49:00	\N	\N	\N	FL	FL	            	\N	\N	\N
1463	35	AMNGTNJ	\N	\N	\N	04:55:00	\N	\N	\N	FL	FL	            	\N	\N	\N
1464	35	NNTN	\N	\N	\N	05:04:30	\N	\N	4	FL	FL	            	10	\N	\N
1465	35	RUGBTVJ	\N	\N	\N	05:25:00	\N	\N	\N	FL	FL	            	\N	\N	\N
1466	35	RUGBY	\N	\N	\N	05:26:30	\N	\N	4	FL	FL	            	\N	\N	\N
1467	35	HMTNJ	\N	\N	\N	05:27:30	\N	\N	\N	\N	\N	            	\N	\N	\N
1468	35	DVNTYNJ	\N	\N	\N	05:29:30	\N	\N	\N	\N	\N	            	\N	\N	\N
1469	35	LNGBKBY	\N	\N	\N	05:34:00	\N	\N	\N	\N	\N	            	\N	3H	\N
1470	35	NMPTN	\N	\N	\N	05:46:00	\N	\N	UML	\N	\N	            	\N	\N	\N
1471	35	CTENHLJ	\N	\N	\N	05:51:00	\N	\N	\N	\N	\N	            	\N	3H	\N
1472	35	HANSLPJ	\N	\N	\N	05:59:30	\N	\N	\N	SL	\N	            	\N	\N	\N
1473	35	MKNSCEN	\N	\N	\N	06:05:00	\N	\N	1	SL	SL	            	\N	\N	\N
1474	35	DNBGHSJ	\N	\N	\N	06:07:00	\N	\N	\N	\N	\N	            	\N	\N	\N
1475	35	BLTCHLY	\N	\N	\N	06:08:00	\N	\N	4	SL	SL	            	\N	4	\N
1476	35	LEDBRNJ	\N	\N	\N	06:20:00	\N	\N	\N	FL	SL	            	1	\N	\N
1477	35	TRING	\N	\N	\N	06:25:30	\N	\N	2	FL	FL	            	\N	\N	\N
1478	35	BONENDJ	\N	\N	\N	06:30:00	\N	\N	\N	FL	FL	            	\N	 H	1
1479	35	WATFDJ	\N	06:38:00	06:40:00	\N	06:40:00	\N	7	FL	FL	D           	\N	\N	\N
1480	35	HROW	\N	\N	\N	06:45:30	\N	\N	4	FL	FL	            	1	\N	\N
1481	35	WMBY	\N	\N	\N	06:49:00	\N	\N	4	\N	\N	            	\N	\N	\N
1482	35	WLSDWLJ	\N	\N	\N	06:51:00	\N	\N	\N	FL	FL	            	\N	\N	2H
1483	35	CMDNJN	\N	\N	\N	06:56:30	\N	\N	\N	A	\N	            	\N	\N	\N
1484	35	CMDNSTH	\N	\N	\N	06:57:00	\N	\N	\N	\N	\N	            	\N	\N	\N
1485	35	EUSTON	\N	07:00:00	\N	\N	07:15:00	\N	1	\N	\N	TF          	\N	\N	\N
1486	36	IVRNESS	\N	\N	20:45:00	\N	\N	20:45:00	2	\N	\N	TB          	\N	\N	\N
1487	36	MILBRNJ	\N	\N	\N	20:46:30	\N	\N	\N	DH	\N	            	\N	\N	\N
1488	36	CRAHALL	\N	\N	\N	20:48:00	\N	\N	\N	\N	\N	            	\N	\N	\N
1489	36	CULDNMR	\N	\N	\N	20:55:00	\N	\N	\N	\N	\N	            	\N	\N	\N
1490	36	MOYY	\N	\N	\N	21:06:30	\N	\N	\N	\N	\N	X           	\N	\N	\N
1491	36	TOMATIN	\N	\N	\N	21:10:30	\N	\N	\N	\N	\N	            	\N	\N	\N
1492	36	SLOCHD	\N	\N	\N	21:15:00	\N	\N	\N	\N	\N	            	\N	\N	\N
1493	36	CARRBDG	\N	\N	\N	21:20:00	\N	\N	1	\N	\N	            	1	\N	\N
1494	36	AVIEMRE	\N	21:27:00	21:34:00	\N	\N	21:32:00	1	\N	\N	U           	\N	\N	\N
1495	36	KNCRAIG	\N	\N	\N	21:41:00	\N	\N	\N	\N	\N	            	\N	\N	\N
1496	36	KGUSSIE	\N	21:46:00	21:50:00	\N	\N	21:48:00	2	\N	\N	U X         	\N	\N	\N
1497	36	NWTM	\N	21:54:30	21:56:30	\N	\N	21:54:00	1	\N	\N	U           	\N	\N	\N
1498	36	DALWHIN	\N	22:09:00	22:11:00	\N	\N	22:09:00	1	\N	\N	U X         	\N	\N	\N
1499	36	DLNSPDL	\N	\N	\N	22:19:00	\N	\N	\N	\N	\N	            	\N	\N	\N
1500	36	DLNCRDH	\N	\N	\N	22:24:30	\N	\N	\N	\N	\N	            	1	\N	\N
1501	36	BLARATH	\N	22:35:30	22:37:30	\N	\N	22:35:00	1	\N	\N	U           	\N	\N	\N
1502	36	PTLCHRY	\N	22:47:00	22:49:00	\N	\N	22:47:00	1	\N	\N	U           	\N	\N	\N
1503	36	DUNKELD	\N	23:01:30	23:05:30	\N	\N	23:03:00	1	\N	\N	U           	\N	\N	\N
1504	36	STNY	\N	\N	\N	23:15:00	\N	\N	\N	\N	\N	            	1	\N	\N
1505	36	PERTH	\N	23:23:30	23:28:30	\N	\N	23:26:00	4	\N	\N	U           	\N	\N	\N
1506	36	HILTONJ	\N	\N	\N	23:33:00	\N	\N	\N	\N	\N	            	\N	\N	\N
1507	36	HILT4	\N	\N	\N	23:36:00	\N	\N	\N	\N	\N	            	\N	\N	\N
1508	36	AUCHTDR	\N	\N	\N	23:44:00	\N	\N	\N	\N	\N	            	\N	\N	\N
1509	36	GLNEGLS	\N	23:46:00	23:47:30	\N	\N	23:45:00	1	\N	\N	U           	\N	\N	\N
1510	36	BLFD	\N	\N	\N	23:51:30	\N	\N	\N	\N	\N	            	\N	\N	\N
1511	36	GRNLNNG	\N	\N	\N	23:55:30	\N	\N	\N	\N	\N	            	1	\N	\N
1512	36	DUNANE	\N	00:02:00	00:04:00	\N	\N	00:02:00	1	\N	\N	U           	\N	\N	\N
1513	36	STIRLNG	\N	00:11:30	00:13:30	\N	\N	00:11:00	3	\N	\N	U           	\N	\N	\N
1514	36	LARBERJ	\N	\N	\N	00:21:30	\N	\N	\N	\N	\N	            	\N	\N	\N
1515	36	CRMRSEJ	\N	\N	\N	00:22:30	\N	\N	\N	\N	\N	            	1	\N	\N
1516	36	FALKRKG	\N	00:26:30	00:28:00	\N	\N	00:26:00	1	\N	\N	U           	\N	\N	\N
1517	36	GRNGMTJ	\N	\N	\N	00:30:30	\N	\N	\N	\N	\N	            	\N	\N	\N
1518	36	POLMONT	\N	\N	\N	00:33:30	\N	\N	1	\N	\N	            	\N	\N	\N
1519	36	LNLTHGW	\N	\N	\N	00:37:30	\N	\N	1	\N	\N	            	\N	\N	\N
1520	36	WNCBROJ	\N	\N	\N	00:41:30	\N	\N	\N	\N	\N	            	\N	\N	\N
1521	36	NWBG	\N	\N	\N	00:44:30	\N	\N	\N	\N	\N	            	2	\N	\N
1522	36	HAYMRWJ	\N	\N	\N	00:51:00	\N	\N	\N	US	\N	            	\N	\N	\N
1523	36	HAYMRKT	\N	\N	\N	00:52:00	\N	\N	3	US	\N	            	\N	 H	\N
1524	36	PRNCSTG	\N	\N	\N	00:54:00	\N	\N	\N	Z	\N	            	\N	\N	\N
1525	36	EDINBUR	\N	00:56:00	01:24:00	\N	\N	\N	2	Z	Z	-UL         	\N	\N	\N
1526	36	PRNCSTG	2	\N	\N	01:25:30	\N	\N	\N	DS	\N	            	\N	\N	\N
1527	36	HAYMRKT	2	\N	\N	01:27:00	\N	\N	4	\N	\N	            	\N	\N	\N
1528	36	SLATEFD	\N	\N	\N	01:29:00	\N	\N	\N	\N	\N	            	\N	\N	\N
1529	36	MDCLDRJ	\N	\N	\N	01:36:30	\N	\N	\N	\N	\N	            	\N	\N	\N
1530	36	COBB712	\N	\N	\N	01:42:30	\N	\N	\N	\N	\N	            	\N	\N	\N
1531	36	ACHNGRY	\N	\N	\N	01:45:00	\N	\N	\N	\N	\N	            	\N	\N	\N
1532	36	CRSTRSE	\N	\N	\N	01:49:30	\N	\N	\N	\N	\N	            	1	\N	\N
1533	36	CRSTRSS	\N	\N	\N	01:51:30	\N	\N	\N	\N	\N	            	\N	\N	\N
1534	36	ABINGTN	\N	\N	\N	02:06:00	\N	\N	UM	\N	\N	            	\N	\N	\N
1535	36	BEATCKS	\N	\N	\N	02:12:00	\N	\N	UM	\N	\N	            	\N	\N	\N
1536	36	BEATCK	\N	\N	\N	02:19:30	\N	\N	UM	\N	\N	            	\N	\N	\N
1537	36	LCKRBIE	\N	\N	\N	02:30:00	\N	\N	2	\N	\N	            	2	\N	\N
1538	36	KRKP862	\N	\N	\N	02:42:00	\N	\N	\N	\N	\N	            	\N	\N	\N
1539	36	GRETNAJ	\N	\N	\N	02:45:00	\N	\N	\N	\N	\N	            	\N	\N	\N
1540	36	KGMRJCN	\N	\N	\N	02:49:30	\N	\N	\N	\N	\N	            	\N	\N	\N
1541	36	CARLCJN	\N	\N	\N	02:50:30	\N	\N	\N	UML	\N	            	\N	\N	\N
1542	36	CARLILE	\N	02:52:30	02:54:30	\N	\N	\N	4	\N	\N	S           	\N	\N	\N
1543	36	PNTH	\N	\N	\N	03:10:00	\N	\N	1	\N	\N	            	\N	\N	\N
1544	36	EDENVGL	\N	\N	\N	03:13:00	\N	\N	\N	\N	\N	            	\N	\N	\N
1545	36	SHAPSMT	\N	\N	\N	03:20:30	\N	\N	\N	\N	\N	            	\N	\N	\N
1546	36	TEBAY	\N	\N	\N	03:24:30	\N	\N	\N	\N	\N	            	\N	\N	\N
1547	36	GRIGG	\N	\N	\N	03:31:00	\N	\N	\N	\N	\N	            	\N	\N	\N
1548	36	OXENHLM	\N	\N	\N	03:36:30	\N	\N	1	\N	\N	            	1	\N	\N
1549	36	CRNFNJN	\N	\N	\N	03:47:00	\N	\N	\N	\N	\N	            	\N	\N	\N
1550	36	MORCMSJ	\N	\N	\N	03:50:30	\N	\N	\N	\N	\N	            	\N	\N	\N
1551	36	LANCSTR	\N	\N	\N	03:52:00	\N	\N	UFL	\N	\N	            	\N	\N	\N
1552	36	GSTANG	\N	\N	\N	04:01:00	\N	\N	\N	\N	\N	            	2	\N	\N
1553	36	PRSTNFJ	\N	\N	\N	04:12:00	\N	\N	\N	DFL	\N	            	\N	\N	\N
1554	36	PRST	\N	04:13:30	04:15:30	\N	04:15:00	\N	3	DFL	DFL	D           	\N	\N	\N
1555	36	PRSTRJN	\N	\N	\N	04:17:00	\N	\N	\N	FL	\N	            	\N	\N	\N
1556	36	EUXTONJ	\N	\N	\N	04:21:00	\N	\N	\N	\N	\N	            	\N	\N	\N
1557	36	BALSHWL	\N	\N	\N	04:22:30	\N	\N	\N	\N	\N	            	\N	\N	\N
1558	36	WIGANNW	\N	\N	\N	04:28:00	\N	\N	4	\N	\N	            	\N	\N	\N
1559	36	WIGASJN	\N	\N	\N	04:28:30	\N	\N	\N	\N	\N	            	\N	\N	\N
1560	36	SPRBJN	\N	\N	\N	04:29:00	\N	\N	\N	SL	\N	            	\N	\N	\N
1561	36	GOLBRNJ	\N	\N	\N	04:34:00	\N	\N	\N	FL	\N	            	\N	\N	\N
1562	36	WINWCKJ	\N	\N	\N	04:37:30	\N	\N	\N	\N	\N	            	\N	\N	\N
1563	36	DALAMBR	\N	\N	\N	04:40:00	\N	\N	\N	\N	\N	            	\N	\N	\N
1564	36	WRGTNBQ	\N	\N	\N	04:41:30	\N	\N	2	OL	\N	            	\N	\N	\N
1565	36	WRGTWOJ	\N	\N	\N	04:44:00	\N	\N	\N	\N	\N	            	\N	\N	\N
1566	36	ACGJN	\N	\N	\N	04:46:30	\N	\N	\N	FL	\N	            	1	\N	\N
1567	36	WEAVERJ	\N	\N	\N	04:53:30	\N	\N	\N	\N	\N	            	\N	\N	\N
1568	36	ACBG	\N	\N	\N	04:55:30	\N	\N	\N	\N	\N	            	\N	\N	\N
1569	36	HARTFDJ	\N	\N	\N	04:56:30	\N	\N	\N	\N	\N	            	\N	1H	1
1570	36	WNSFD	\N	\N	\N	05:03:00	\N	\N	\N	SL	\N	            	1	\N	\N
1571	36	CREWECY	\N	\N	\N	05:09:30	\N	\N	\N	\N	\N	            	\N	\N	\N
1572	36	CREWE	\N	05:11:00	05:14:00	\N	05:12:00	\N	5	\N	\N	D           	\N	 H	\N
1573	36	CREWBHJ	\N	\N	\N	05:18:00	\N	\N	\N	FL	\N	            	\N	\N	\N
1574	36	MADELEY	\N	\N	\N	05:23:00	\N	\N	\N	FL	FL	            	1	\N	\N
1575	36	NTNB	\N	\N	\N	05:32:00	\N	\N	\N	FL	FL	            	\N	\N	\N
1576	36	STAFFRD	\N	\N	\N	05:37:00	\N	\N	UFL	FL	FL	            	\N	\N	\N
1577	36	STAFFSJ	\N	\N	\N	05:37:30	\N	\N	\N	SL	\N	            	\N	\N	\N
1578	36	STAFTVJ	\N	\N	\N	05:38:00	\N	\N	\N	\N	\N	            	\N	\N	\N
1579	36	PNKRDG	\N	\N	\N	05:42:00	\N	\N	\N	\N	\N	            	1	1	\N
1580	36	BSBYJN	\N	\N	\N	05:51:30	\N	\N	\N	\N	\N	            	\N	\N	\N
1581	36	PBLJWM	\N	\N	\N	05:54:30	\N	\N	\N	\N	\N	            	\N	\N	\N
1582	36	DRLSTNJ	\N	\N	\N	05:57:00	\N	\N	\N	\N	\N	            	\N	\N	\N
1583	36	BSCTSTA	\N	\N	\N	05:58:00	\N	\N	\N	\N	\N	            	1	\N	\N
1584	36	PRYBRNJ	\N	\N	\N	06:02:30	\N	\N	\N	\N	\N	            	\N	\N	\N
1585	36	ASTON	\N	\N	\N	06:04:30	\N	\N	2	\N	\N	            	\N	4	\N
1586	36	STECHFD	\N	\N	\N	06:13:30	\N	\N	\N	\N	\N	            	\N	\N	\N
1587	36	BHAMINT	\N	06:18:30	06:21:00	\N	06:20:00	\N	5	\N	\N	D           	\N	\N	\N
1588	36	BKSWELL	\N	\N	\N	06:26:00	\N	\N	\N	\N	\N	            	1	\N	\N
1589	36	COVNTRY	\N	\N	\N	06:31:00	\N	\N	2	\N	\N	            	1	\N	\N
1590	36	RUGBTVJ	\N	\N	\N	06:40:00	\N	\N	\N	FL	\N	            	\N	\N	\N
1591	36	RUGBY	\N	\N	\N	06:41:00	\N	\N	4	FL	FL	            	\N	\N	\N
1592	36	HMTNJ	\N	\N	\N	06:42:00	\N	\N	\N	\N	\N	            	\N	\N	\N
1593	36	WEEDON	\N	\N	\N	06:50:30	\N	\N	\N	FL	FL	            	\N	\N	\N
1594	36	HANSLPJ	\N	\N	\N	07:00:30	\N	\N	\N	FL	FL	            	\N	\N	\N
1595	36	MKNSCEN	\N	\N	\N	07:05:30	\N	\N	4	FL	FL	            	\N	\N	\N
1596	36	BLTCHLY	\N	\N	\N	07:07:30	\N	\N	2	FL	FL	            	\N	\N	\N
1597	36	LEDBRNJ	\N	\N	\N	07:14:30	\N	\N	\N	FL	FL	            	1	\N	\N
1598	36	TRING	\N	\N	\N	07:20:00	\N	\N	2	FL	FL	            	\N	\N	\N
1599	36	BONENDJ	\N	\N	\N	07:24:30	\N	\N	\N	FL	FL	            	\N	\N	\N
1600	36	WATFDJ	\N	\N	\N	07:30:30	\N	\N	7	FL	FL	            	\N	\N	\N
1601	36	HROW	\N	\N	\N	07:35:00	\N	\N	4	FL	FL	            	1	\N	\N
1602	36	WMBY	\N	\N	\N	07:38:30	\N	\N	4	\N	\N	            	\N	\N	\N
1603	36	WLSDWLJ	\N	\N	\N	07:40:30	\N	\N	\N	FL	FL	            	\N	\N	\N
1604	36	CMDNJN	\N	\N	\N	07:43:30	\N	\N	\N	D	\N	            	\N	\N	\N
1605	36	CMDNSTH	\N	\N	\N	07:44:00	\N	\N	\N	\N	\N	            	\N	\N	\N
1606	36	EUSTON	\N	07:47:00	\N	\N	08:00:00	\N	15	\N	\N	TF          	\N	\N	\N
1607	37	EUSTON	\N	\N	21:15:00	\N	\N	21:15:00	1	X	\N	TBK         	\N	\N	\N
1608	37	CMDNSTH	\N	\N	\N	21:18:00	\N	\N	\N	E	\N	            	\N	\N	\N
1609	37	CMDNJN	\N	\N	\N	21:18:30	\N	\N	\N	FL	\N	            	\N	\N	\N
1610	37	WLSDWLJ	\N	\N	\N	21:21:30	\N	\N	\N	FL	FL	            	\N	\N	\N
1611	37	WMBY	\N	\N	\N	21:23:30	\N	\N	3	\N	\N	            	\N	\N	\N
1612	37	HROW	\N	\N	\N	21:26:00	\N	\N	3	FL	FL	            	\N	\N	\N
1613	37	WATFDJ	\N	\N	\N	21:30:30	\N	\N	6	FL	FL	            	\N	\N	\N
1614	37	BONENDJ	\N	\N	\N	21:36:30	\N	\N	\N	FL	FL	            	\N	\N	\N
1615	37	TRING	\N	\N	\N	21:41:00	\N	\N	1	FL	FL	            	\N	\N	\N
1616	37	LEDBRNJ	\N	\N	\N	21:45:30	\N	\N	\N	FL	FL	            	\N	\N	\N
1617	37	BLTCHLY	\N	\N	\N	21:52:30	\N	\N	1	FL	FL	            	\N	\N	\N
1618	37	MKNSCEN	\N	\N	\N	21:55:00	\N	\N	6	FL	FL	            	1	\N	\N
1619	37	HANSLPJ	\N	\N	\N	22:01:00	\N	\N	\N	FL	FL	            	\N	\N	 H
1620	37	WEEDON	\N	\N	\N	22:11:30	\N	\N	\N	FL	FL	            	1	\N	\N
1621	37	HMTNJ	\N	\N	\N	22:21:00	\N	\N	\N	\N	\N	            	\N	\N	\N
1622	37	RUGBY	\N	\N	\N	22:22:00	\N	\N	DFL	FL	FL	            	\N	\N	\N
1623	37	RUGBTVJ	\N	\N	\N	22:22:30	\N	\N	\N	\N	FL	            	1	 H	\N
1624	37	COVNTRY	\N	\N	\N	22:32:00	\N	\N	3	\N	\N	            	\N	\N	\N
1625	37	BKSWELL	\N	\N	\N	22:36:00	\N	\N	\N	\N	\N	            	\N	1	\N
1626	37	BHAMINT	\N	22:41:30	22:44:30	\N	\N	22:42:00	3	\N	\N	U           	\N	\N	\N
1627	37	STECHFD	\N	\N	\N	22:50:00	\N	\N	\N	\N	\N	            	1	\N	\N
1628	37	ASTON	\N	\N	\N	22:56:00	\N	\N	1	\N	\N	            	\N	\N	\N
1629	37	PRYBRNJ	\N	\N	\N	22:58:30	\N	\N	\N	\N	\N	            	\N	\N	\N
1630	37	BSCTSTA	\N	\N	\N	23:02:00	\N	\N	\N	\N	\N	            	1	\N	\N
1631	37	DRLSTNJ	\N	\N	\N	23:04:00	\N	\N	\N	\N	\N	            	\N	\N	\N
1632	37	PBLJWM	\N	\N	\N	23:06:30	\N	\N	\N	\N	\N	            	\N	\N	\N
1633	37	BSBYJN	\N	\N	\N	23:09:00	\N	\N	\N	\N	\N	            	\N	\N	\N
1634	37	PNKRDG	\N	\N	\N	23:17:00	\N	\N	\N	\N	\N	            	1	\N	\N
1635	37	STAFTVJ	\N	\N	\N	23:22:00	\N	\N	\N	SL	\N	            	\N	\N	\N
1636	37	STAFFRD	\N	\N	\N	23:22:30	\N	\N	5	SL	SL	            	\N	\N	\N
1637	37	SLIGHTJ	\N	\N	\N	23:27:00	\N	\N	\N	\N	\N	            	\N	\N	\N
1638	37	MADELEY	\N	\N	\N	23:35:00	\N	\N	\N	SL	SL	            	1	2	 H
1639	37	CREWBHJ	\N	\N	\N	23:43:30	\N	\N	\N	\N	\N	            	\N	1H	\N
1640	37	CREWE	\N	23:47:00	23:50:00	\N	\N	23:45:00	6	\N	\N	U K         	\N	\N	\N
1641	37	CREWECY	\N	\N	\N	23:51:30	\N	\N	\N	\N	\N	            	\N	\N	\N
1642	37	WNSFD	\N	\N	\N	23:57:30	\N	\N	\N	FL	\N	            	\N	\N	\N
1643	37	HARTFDJ	\N	\N	\N	00:01:00	\N	\N	\N	\N	\N	            	\N	\N	\N
1644	37	ACBG	\N	\N	\N	00:02:30	\N	\N	\N	\N	\N	            	\N	\N	\N
1645	37	WEAVERJ	\N	\N	\N	00:04:00	\N	\N	\N	\N	\N	            	\N	\N	\N
1646	37	ACGJN	\N	\N	\N	00:11:30	\N	\N	\N	OL	\N	            	\N	\N	\N
1647	37	WRGTWOJ	\N	\N	\N	00:14:00	\N	\N	\N	\N	\N	            	\N	\N	\N
1648	37	WRGTNBQ	\N	\N	\N	00:17:00	\N	\N	3	FL	\N	            	\N	\N	\N
1649	37	DALAMBR	\N	\N	\N	00:18:00	\N	\N	\N	\N	\N	            	\N	\N	\N
1650	37	WINWCKJ	\N	\N	\N	00:20:30	\N	\N	\N	\N	\N	            	\N	\N	\N
1651	37	GOLBRNJ	\N	\N	\N	00:24:00	\N	\N	\N	SL	\N	            	\N	\N	\N
1652	37	SPRBJN	\N	\N	\N	00:28:00	\N	\N	\N	FL	\N	            	\N	\N	\N
1653	37	WIGASJN	\N	\N	\N	00:28:30	\N	\N	\N	\N	\N	            	\N	\N	\N
1654	37	WIGANNW	\N	\N	\N	00:29:00	\N	\N	5	\N	\N	            	\N	 H	1
1655	37	BALSHWL	\N	\N	\N	00:36:00	\N	\N	\N	\N	\N	            	1	\N	\N
1656	37	EUXTONJ	\N	\N	\N	00:38:30	\N	\N	\N	\N	\N	            	1	2	\N
1657	37	PRSTRJN	\N	\N	\N	00:46:00	\N	\N	\N	DFL	\N	            	\N	1	 H
1658	37	PRST	\N	00:49:00	00:58:00	\N	\N	00:30:00	3	DFL	DFL	U K         	\N	\N	\N
1659	37	PRSTNFJ	\N	\N	\N	00:59:30	\N	\N	\N	\N	\N	            	\N	\N	\N
1660	37	BBGHGL	\N	\N	\N	01:03:30	\N	\N	\N	\N	\N	            	\N	\N	\N
1661	37	GSTANG	\N	\N	\N	01:07:00	\N	\N	\N	\N	\N	            	\N	\N	\N
1662	37	LANCSTR	\N	\N	\N	01:16:30	\N	\N	DFL	\N	\N	            	\N	\N	\N
1663	37	MORCMSJ	\N	\N	\N	01:18:00	\N	\N	\N	\N	\N	            	\N	\N	\N
1664	37	CRNFNJN	\N	\N	\N	01:21:00	\N	\N	\N	\N	\N	            	\N	\N	\N
1665	37	OXENHLM	\N	\N	\N	01:31:00	\N	\N	2	\N	\N	            	\N	\N	\N
1666	37	GRIGG	\N	\N	\N	01:36:30	\N	\N	\N	\N	\N	            	1	\N	\N
1667	37	TEBAY	\N	\N	\N	01:42:00	\N	\N	\N	\N	\N	            	\N	\N	\N
1668	37	SHAPSMT	\N	\N	\N	01:46:00	\N	\N	\N	\N	\N	            	\N	\N	\N
1669	37	SHAPHNS	\N	\N	\N	01:49:00	\N	\N	\N	\N	\N	            	\N	 H	\N
1670	37	PNTH	\N	\N	\N	01:58:00	\N	\N	2	\N	\N	            	2	\N	1
1671	37	CARLILE	\N	02:15:30	02:18:30	\N	\N	\N	3	DML	\N	S           	\N	\N	\N
1672	37	CARLCJN	\N	\N	\N	02:20:30	\N	\N	\N	\N	\N	            	\N	\N	\N
1673	37	KGMRJCN	\N	\N	\N	02:22:00	\N	\N	\N	\N	\N	            	\N	\N	\N
1674	37	FLORSTN	\N	\N	\N	02:25:00	\N	\N	\N	\N	\N	            	\N	\N	\N
1675	37	GRETNAJ	\N	\N	\N	02:27:00	\N	\N	\N	\N	\N	            	\N	\N	\N
1676	37	KRKP863	\N	\N	\N	02:30:00	\N	\N	\N	\N	\N	            	\N	\N	\N
1677	37	LCKRBIE	\N	\N	\N	02:39:30	\N	\N	1	\N	\N	            	\N	\N	\N
1678	37	BEATCK	\N	\N	\N	02:50:30	\N	\N	DM	\N	\N	            	\N	\N	1
1679	37	BEATCKS	\N	\N	\N	02:59:30	\N	\N	DM	\N	\N	            	\N	 H	\N
1680	37	ABINGTN	\N	\N	\N	03:06:00	\N	\N	DM	\N	\N	            	2	\N	\N
1681	37	CRSTRSS	\N	\N	\N	03:20:00	\N	\N	\N	\N	\N	            	\N	\N	\N
1682	37	CRSTRSE	\N	\N	\N	03:21:00	\N	\N	\N	\N	\N	            	\N	\N	\N
1683	37	ACHNGRY	\N	\N	\N	03:25:30	\N	\N	\N	\N	\N	            	\N	\N	\N
1684	37	COBB713	\N	\N	\N	03:28:00	\N	\N	\N	\N	\N	            	\N	\N	\N
1685	37	MDCLDRJ	\N	\N	\N	03:34:00	\N	\N	\N	\N	\N	            	1	\N	\N
1686	37	SLATEFD	\N	\N	\N	03:42:00	\N	\N	\N	\N	\N	            	\N	\N	\N
1687	37	HAYMRKT	\N	\N	\N	03:44:00	\N	\N	3	US	\N	            	\N	\N	\N
1688	37	PRNCSTG	\N	\N	\N	03:45:30	\N	\N	\N	Z	\N	            	\N	\N	\N
1689	37	EDINBUR	\N	03:47:00	04:20:00	\N	\N	\N	2	Z	Z	L -D        	\N	\N	\N
1690	37	PRNCSTG	2	\N	\N	04:21:30	\N	\N	\N	DS	\N	            	\N	\N	\N
1691	37	HAYMRKT	2	\N	\N	04:23:00	\N	\N	4	DS	\N	            	\N	\N	\N
1692	37	HAYMRWJ	\N	\N	\N	04:24:30	\N	\N	\N	\N	DS	            	\N	\N	\N
1693	37	NWBG	\N	\N	\N	04:31:00	\N	\N	\N	\N	\N	            	\N	\N	\N
1694	37	WNCBROJ	\N	\N	\N	04:34:30	\N	\N	\N	\N	\N	            	\N	\N	\N
1695	37	LNLTHGW	\N	\N	\N	04:38:30	\N	\N	2	\N	\N	            	\N	\N	\N
1696	37	POLMONT	\N	\N	\N	04:44:00	\N	\N	2	\N	\N	            	\N	\N	\N
1697	37	GRNGMTJ	\N	\N	\N	04:47:00	\N	\N	\N	\N	\N	            	1	\N	\N
1698	37	CRMRSEJ	\N	\N	\N	04:50:30	\N	\N	\N	\N	\N	            	\N	\N	\N
1699	37	LARBERJ	\N	\N	\N	04:51:30	\N	\N	\N	\N	\N	            	\N	\N	\N
1700	37	STIRLNG	\N	04:58:30	05:00:00	\N	04:59:00	\N	2	\N	\N	D           	\N	\N	\N
1701	37	DUNANE	\N	05:08:00	05:09:30	\N	05:08:00	\N	2	\N	\N	D           	\N	\N	\N
1702	37	DUNA43	\N	\N	\N	05:13:00	\N	\N	\N	\N	\N	            	1	\N	\N
1703	37	GRNLNNG	\N	\N	\N	05:17:30	\N	\N	\N	\N	\N	            	\N	\N	\N
1704	37	BLFD	\N	\N	\N	05:21:30	\N	\N	\N	\N	\N	            	\N	\N	\N
1705	37	GLNEGLS	\N	05:23:30	05:25:00	\N	05:24:00	\N	2	\N	\N	D           	\N	\N	\N
1706	37	AUCHTDR	\N	\N	\N	05:27:30	\N	\N	\N	\N	\N	            	\N	\N	\N
1707	37	HILT19	\N	\N	\N	05:34:30	\N	\N	\N	\N	\N	            	1	\N	\N
1708	37	HILTONJ	\N	\N	\N	05:38:30	\N	\N	\N	\N	\N	            	\N	\N	\N
1709	37	PERTH	\N	05:42:00	05:43:30	\N	05:42:00	\N	7	\N	\N	D           	\N	\N	\N
1710	37	STNY	\N	\N	\N	05:53:00	\N	\N	\N	\N	\N	            	\N	\N	\N
1711	37	DUNKELD	\N	06:02:00	06:03:30	\N	06:02:00	\N	1	\N	\N	D           	\N	\N	\N
1712	37	PTLCHRY	\N	06:16:00	06:17:30	\N	06:16:00	\N	1	\N	\N	D           	\N	\N	\N
1713	37	BLARATH	\N	06:28:00	06:29:30	\N	06:28:00	\N	2	\N	\N	D           	\N	\N	\N
1714	37	DLNCRDH	\N	\N	\N	06:41:30	\N	\N	\N	\N	\N	            	\N	\N	\N
1715	37	DLNSPDL	\N	\N	\N	06:49:30	\N	\N	\N	\N	\N	            	1	\N	\N
1716	37	DALWHIN	\N	06:59:00	07:00:30	\N	06:59:00	\N	2	\N	\N	D           	\N	\N	\N
1717	37	NWTM	\N	07:10:30	07:12:00	\N	07:11:00	\N	1	\N	\N	D           	\N	\N	\N
1718	37	KGUSSIE	\N	07:16:00	07:17:30	\N	07:16:00	07:17:00	1	\N	\N	T           	\N	\N	\N
1719	37	KNCRAIG	\N	07:25:00	07:31:00	\N	\N	\N	\N	\N	\N	A X         	1	\N	\N
1720	37	AVIEMRE	\N	07:38:30	07:43:00	\N	07:39:00	07:43:00	1	\N	\N	T           	\N	\N	\N
1721	37	CARRBDG	\N	07:53:00	07:54:30	\N	07:53:00	07:54:00	1	\N	\N	T           	\N	\N	\N
1722	37	SLOCHD	\N	\N	\N	08:02:30	\N	\N	\N	\N	\N	            	\N	\N	\N
1723	37	TOMATIN	\N	08:08:00	08:16:00	\N	\N	\N	\N	\N	\N	X A         	\N	\N	\N
1724	37	MOYY	\N	\N	\N	08:20:30	\N	\N	\N	\N	\N	            	\N	\N	\N
1725	37	CULDNMR	\N	\N	\N	08:27:00	\N	\N	\N	\N	\N	            	1	\N	\N
1726	37	CRAHALL	\N	\N	\N	08:32:00	\N	\N	\N	DH	\N	            	\N	\N	\N
1727	37	MILBRNJ	\N	\N	\N	08:33:00	\N	\N	\N	\N	DH	            	\N	\N	\N
1728	37	IVRNESS	\N	08:35:00	\N	\N	08:45:00	\N	2	\N	\N	TF          	\N	\N	\N
1729	38	EDINBUR	\N	\N	04:28:00	\N	\N	04:28:00	2	Z	\N	TBN         	\N	\N	\N
1730	38	PRNCSTG	\N	\N	\N	04:29:30	\N	\N	\N	DS	\N	            	\N	\N	\N
1731	38	HAYMRKT	\N	\N	\N	04:31:00	\N	\N	4	DS	\N	            	\N	\N	\N
1732	38	HAYMRWJ	\N	\N	\N	04:32:30	\N	\N	\N	\N	DS	            	\N	\N	\N
1733	38	NWBG	\N	\N	\N	04:39:00	\N	\N	\N	\N	\N	            	\N	\N	\N
1734	38	WNCBROJ	\N	\N	\N	04:42:30	\N	\N	\N	\N	\N	            	\N	\N	\N
1735	38	LNLTHGW	\N	\N	\N	04:47:00	\N	\N	2	\N	\N	            	\N	\N	\N
1736	38	POLMONT	\N	\N	\N	04:52:00	\N	\N	2	\N	\N	            	\N	\N	\N
1737	38	GRNGMTJ	\N	\N	\N	04:55:30	\N	\N	\N	\N	\N	            	1	\N	\N
1738	38	CRMRSEJ	\N	\N	\N	04:59:30	\N	\N	\N	\N	\N	            	\N	\N	\N
1739	38	LARBERJ	\N	\N	\N	05:00:30	\N	\N	\N	\N	\N	            	\N	\N	\N
1740	38	STIRLNG	\N	\N	\N	05:07:30	\N	\N	2	\N	\N	            	\N	4	\N
1741	38	DUNANE	\N	\N	\N	05:18:00	\N	\N	2	\N	\N	            	1	\N	\N
1742	38	DUNA43	\N	\N	\N	05:22:00	\N	\N	\N	\N	\N	            	\N	\N	\N
1743	38	GRNLNNG	\N	\N	\N	05:25:30	\N	\N	\N	\N	\N	            	\N	1	\N
1744	38	BLFD	\N	\N	\N	05:30:30	\N	\N	\N	\N	\N	            	\N	\N	\N
1745	38	AUCHTDR	\N	\N	\N	05:34:30	\N	\N	\N	\N	\N	            	\N	\N	\N
1746	38	HILT19	\N	\N	\N	05:41:30	\N	\N	\N	\N	\N	            	1	\N	\N
1747	38	HILTONJ	\N	\N	\N	05:45:30	\N	\N	\N	\N	\N	            	\N	\N	\N
1748	38	PERTH	\N	\N	\N	05:49:30	\N	\N	2	\N	\N	            	\N	\N	\N
1749	38	BHLP	\N	\N	\N	05:52:30	\N	\N	\N	\N	\N	            	\N	\N	\N
1750	38	ERROLLC	\N	\N	\N	06:01:00	\N	\N	\N	\N	\N	            	\N	\N	\N
1751	38	LFGNLC	\N	\N	\N	06:05:00	\N	\N	\N	\N	\N	            	\N	\N	\N
1752	38	DUND697	\N	\N	\N	06:06:00	\N	\N	\N	\N	\N	            	\N	\N	\N
1753	38	DUNDCJ	\N	\N	\N	06:09:00	\N	\N	\N	\N	\N	            	\N	\N	\N
1754	38	DUNDETB	\N	06:10:00	06:12:00	\N	06:11:00	\N	4	\N	\N	D           	\N	\N	\N
1755	38	CMPRDNJ	\N	\N	\N	06:14:30	\N	\N	\N	\N	\N	            	\N	\N	\N
1756	38	BRFRY	\N	\N	\N	06:19:00	\N	\N	2	\N	\N	            	\N	\N	\N
1757	38	CNST	\N	06:24:30	06:26:30	\N	06:26:00	\N	2	\N	\N	D           	\N	\N	\N
1758	38	ARBROTH	\N	06:32:00	06:34:00	\N	06:33:00	\N	2	\N	\N	D           	\N	\N	\N
1759	38	INVKLOR	\N	\N	\N	06:40:30	\N	\N	\N	\N	\N	            	\N	\N	\N
1760	38	USAN	\N	\N	\N	06:45:30	\N	\N	\N	\N	\N	            	\N	\N	\N
1761	38	MONTRSE	\N	06:48:30	06:50:30	\N	06:50:00	\N	2	\N	\N	D           	1	\N	\N
1762	38	CRAIGO	\N	\N	\N	06:56:30	\N	\N	\N	\N	\N	            	\N	\N	\N
1763	38	LRNCKRK	\N	\N	\N	07:01:30	\N	\N	\N	\N	\N	            	\N	\N	\N
1764	38	CAARMNT	\N	\N	\N	07:08:00	\N	\N	\N	\N	\N	            	\N	\N	\N
1765	38	SHVN	\N	07:13:30	07:15:30	\N	07:15:00	\N	2	\N	\N	D           	\N	\N	\N
1766	38	ABRD223	\N	\N	\N	07:21:30	\N	\N	\N	\N	\N	            	\N	\N	\N
1767	38	ABRD229	\N	\N	\N	07:25:00	\N	\N	\N	\N	\N	            	\N	\N	\N
1768	38	ABRD55	\N	\N	\N	07:28:30	\N	\N	\N	\N	\N	            	\N	\N	\N
1769	38	CRGISTH	\N	\N	\N	07:29:30	\N	\N	\N	\N	\N	            	1	\N	\N
1770	38	ABRDFJN	\N	\N	\N	07:32:00	\N	\N	\N	\N	\N	            	\N	\N	\N
1771	38	ABRDEEN	\N	07:34:00	\N	\N	07:50:00	\N	6S	\N	\N	TF          	\N	\N	\N
1772	39	EDINBUR	\N	\N	04:50:00	\N	\N	04:50:00	2	Z	\N	TB          	\N	\N	\N
1773	39	PRNCSTG	\N	\N	\N	04:51:30	\N	\N	\N	DS	\N	            	\N	\N	\N
1774	39	HAYMRKT	\N	\N	\N	04:53:00	\N	\N	4	DS	\N	            	\N	\N	\N
1775	39	HAYMRWJ	\N	\N	\N	04:55:00	\N	\N	\N	\N	DS	            	\N	\N	\N
1776	39	NWBG	\N	\N	\N	05:01:00	\N	\N	\N	\N	\N	            	\N	\N	\N
1777	39	UPHALL	\N	\N	\N	05:06:00	\N	\N	\N	\N	\N	            	\N	\N	\N
1778	39	BTHGATE	\N	\N	\N	05:12:00	\N	\N	2	\N	\N	            	\N	\N	\N
1779	39	AIRDRIE	\N	\N	\N	05:26:00	\N	\N	2	\N	\N	            	\N	\N	\N
1780	39	COATBDS	\N	\N	\N	05:29:30	\N	\N	\N	\N	\N	            	\N	\N	\N
1781	39	SHTLSTN	\N	\N	\N	05:36:30	\N	\N	\N	\N	\N	            	\N	\N	\N
1782	39	BLGRVE	\N	\N	\N	05:41:30	\N	\N	1	\N	\N	            	\N	\N	\N
1783	39	GLGQLL	\N	05:47:00	05:48:30	\N	\N	05:48:00	8	\N	\N	U           	\N	\N	\N
1784	39	FNSTNEJ	\N	\N	\N	05:54:00	\N	\N	\N	\N	\N	            	\N	\N	\N
1785	39	HYNDLEJ	\N	\N	\N	05:57:00	\N	\N	\N	\N	\N	            	\N	\N	\N
1786	39	ANSL	\N	\N	\N	05:58:00	\N	\N	2	\N	\N	            	\N	\N	\N
1787	39	WESTRTN	\N	\N	\N	06:00:30	\N	\N	2	\N	\N	            	\N	\N	\N
1788	39	DALMUIR	\N	06:04:30	06:06:00	\N	06:05:00	06:06:00	1	\N	\N	T           	\N	\N	\N
1789	39	DMBRTNC	\N	06:15:30	06:17:00	\N	06:16:00	06:17:00	2	\N	\N	T           	\N	\N	\N
1790	39	DLREOCH	\N	\N	\N	06:18:30	\N	\N	\N	\N	\N	            	\N	\N	\N
1791	39	CRGDRNJ	\N	\N	\N	06:26:30	\N	\N	\N	\N	\N	            	\N	\N	\N
1792	39	HLNSBRU	\N	06:30:30	06:33:30	\N	06:31:00	06:33:00	1	\N	\N	T           	\N	\N	\N
1793	39	GRLCHHD	\N	06:45:30	06:47:00	\N	06:46:00	06:47:00	2	\N	\N	T           	\N	\N	\N
1794	39	GLDL	\N	\N	\N	07:00:00	\N	\N	\N	\N	\N	            	\N	\N	\N
1795	39	ARCHRAT	\N	07:08:00	07:09:30	\N	07:08:00	07:09:00	2	\N	\N	T X         	\N	\N	\N
1796	39	ARDLUI	\N	07:23:30	07:25:00	\N	07:24:00	07:25:00	2	\N	\N	R           	\N	\N	\N
1797	39	CRNLRCH	\N	07:45:00	07:48:00	\N	07:45:00	07:48:00	2	\N	\N	T           	\N	\N	\N
1798	39	TYNDRMU	\N	07:59:00	08:02:00	\N	07:59:00	08:02:00	2	\N	\N	T           	\N	\N	\N
1799	39	BOORCHY	\N	08:16:30	08:18:30	\N	08:17:00	08:18:00	2	\N	\N	T           	\N	\N	\N
1800	39	RANNOCH	\N	08:43:30	08:45:00	\N	08:44:00	08:45:00	1	\N	\N	T X         	\N	\N	\N
1801	39	CORROUR	\N	08:58:00	09:00:00	\N	08:58:00	09:00:00	1	\N	\N	T           	\N	\N	\N
1802	39	TULLOCH	\N	09:19:00	09:21:00	\N	09:19:00	09:21:00	2	\N	\N	T X         	\N	\N	\N
1803	39	ROYBDGE	\N	09:31:30	09:31:30	\N	09:31:00	09:31:00	1	\N	\N	R           	\N	\N	\N
1804	39	SPEANBD	\N	09:38:00	09:39:30	\N	09:38:00	09:39:00	1	\N	\N	T           	\N	\N	\N
1805	39	FRTWJN	\N	\N	\N	09:51:30	\N	\N	\N	\N	\N	            	\N	\N	\N
1806	39	FRTWLM	\N	09:55:00	\N	\N	10:00:00	\N	1	\N	\N	TF          	\N	\N	\N
1807	40	HTRWTM5	\N	\N	23:12:00	\N	\N	23:12:00	4	\N	\N	TB          	\N	\N	\N
1808	40	HTRWAPT	\N	23:15:30	23:19:00	\N	23:16:00	23:19:00	2	\N	\N	T           	\N	\N	\N
1809	40	HTRWTJN	\N	\N	\N	23:22:00	\N	\N	\N	\N	\N	            	\N	\N	\N
1810	40	STKYJN	\N	\N	\N	23:22:30	\N	\N	\N	ML	\N	            	\N	\N	\N
1811	40	HTRWAJN	\N	\N	\N	23:23:00	\N	\N	\N	ML	\N	            	\N	1	\N
1812	40	STHALL	\N	\N	\N	23:25:00	\N	\N	2	ML	\N	            	\N	1	\N
1813	40	ACTONW	\N	\N	\N	23:28:00	\N	\N	\N	ML	ML	            	1	1H	\N
1814	40	LDBRKJ	\N	\N	\N	23:33:00	\N	\N	\N	3	ML	            	\N	\N	\N
1815	40	PRTOBJP	\N	\N	\N	23:34:00	\N	\N	\N	3	\N	            	\N	\N	\N
1816	40	ROYAOJN	\N	\N	\N	23:35:00	\N	\N	\N	3	\N	            	\N	\N	\N
1817	40	PADTON	\N	23:36:00	\N	\N	23:36:00	\N	6	\N	\N	TF          	\N	\N	\N
1818	41	FRTWLM	\N	\N	19:50:00	\N	\N	19:50:00	2	\N	\N	TB          	\N	\N	\N
1819	41	FRTWJN	\N	\N	\N	19:53:00	\N	\N	\N	\N	\N	            	\N	\N	\N
1820	41	SPEANBD	\N	20:07:00	20:10:00	\N	20:07:00	20:09:00	2	\N	\N	T X         	\N	\N	\N
1821	41	ROYBDGE	\N	20:17:00	20:17:00	\N	20:17:00	20:17:00	1	\N	\N	R           	\N	\N	\N
1822	41	TULLOCH	\N	20:28:00	20:30:00	\N	20:28:00	20:29:00	1	\N	\N	T           	\N	\N	\N
1823	41	CORROUR	\N	20:51:00	20:53:00	\N	20:51:00	20:52:00	1	\N	\N	T           	\N	1	\N
1824	41	RANNOCH	\N	21:06:00	21:09:00	\N	21:06:00	21:08:00	2	\N	\N	T X         	\N	\N	\N
1825	41	BOORCHY	\N	21:35:00	21:37:00	\N	21:35:00	21:36:00	1	\N	\N	T           	\N	\N	\N
1826	41	TYNDRMU	\N	21:52:00	21:55:00	\N	21:52:00	21:54:00	1	\N	\N	T           	\N	\N	\N
1827	41	CRNLRCH	\N	22:07:00	22:09:00	\N	22:07:00	22:08:00	1	\N	\N	T           	\N	\N	\N
1828	41	ARDLUI	\N	22:27:30	22:29:00	\N	22:28:00	22:28:00	1	\N	\N	R           	\N	\N	\N
1829	41	ARCHRAT	\N	22:44:00	22:45:30	\N	22:44:00	22:44:00	1	\N	\N	T           	\N	\N	\N
1830	41	GLDL	\N	\N	\N	22:55:30	\N	\N	\N	\N	\N	            	\N	\N	\N
1831	41	GRLCHHD	\N	23:09:30	23:11:00	\N	23:10:00	23:10:00	1	\N	\N	T           	\N	\N	\N
1832	41	HLNSBRU	\N	23:23:00	23:24:30	\N	23:23:00	23:23:00	1	\N	\N	T           	\N	\N	\N
1833	41	CRGDRNJ	\N	\N	\N	23:28:30	\N	\N	\N	\N	\N	            	\N	\N	\N
1834	41	DLREOCH	\N	\N	\N	23:36:30	\N	\N	\N	\N	\N	            	\N	\N	\N
1835	41	DMBRTNC	\N	23:38:00	23:39:30	\N	23:38:00	23:38:00	1	\N	\N	T           	\N	\N	\N
1836	41	DALMUIR	\N	23:50:00	23:53:30	\N	23:50:00	23:51:00	2	\N	\N	T           	\N	\N	\N
1837	41	WESTRTN	\N	\N	\N	23:59:30	\N	\N	2	\N	\N	            	\N	\N	\N
1838	41	MRYHILL	\N	\N	\N	00:02:00	\N	\N	\N	\N	\N	            	\N	\N	\N
1839	41	CWLRSNJ	\N	\N	\N	00:05:30	\N	\N	\N	\N	\N	            	\N	\N	\N
1840	41	CWLRSEJ	\N	\N	\N	00:07:00	\N	\N	\N	UEG	\N	            	\N	\N	\N
1841	41	BSHB	\N	\N	\N	00:09:30	\N	\N	\N	\N	\N	            	\N	\N	\N
1842	41	LENZIE	\N	\N	\N	00:13:00	\N	\N	\N	\N	\N	            	\N	\N	\N
1843	41	CROY	\N	\N	\N	00:17:00	\N	\N	1	\N	\N	            	\N	\N	\N
1844	41	GNHLUJN	\N	\N	\N	00:21:00	\N	\N	\N	\N	\N	            	\N	\N	\N
1845	41	FALKRKH	\N	\N	\N	00:24:00	\N	\N	1	\N	\N	            	\N	\N	\N
1846	41	POLMONT	\N	\N	\N	00:26:00	\N	\N	1	\N	\N	            	\N	\N	\N
1847	41	LNLTHGW	\N	\N	\N	00:29:30	\N	\N	1	\N	\N	            	\N	 H	\N
1848	41	WNCBROJ	\N	\N	\N	00:34:00	\N	\N	\N	\N	\N	            	\N	 H	\N
1849	41	NWBG	\N	\N	\N	00:37:30	\N	\N	\N	\N	\N	            	2	1	\N
1850	41	HAYMRWJ	\N	\N	\N	00:45:00	\N	\N	\N	US	\N	            	\N	2	\N
1851	41	HAYMRKT	\N	\N	\N	00:48:00	\N	\N	3	US	\N	            	\N	\N	\N
1852	41	PRNCSTG	\N	\N	\N	00:49:30	\N	\N	\N	W	\N	            	\N	\N	\N
1853	41	EDINBUR	\N	\N	\N	00:51:30	\N	\N	10	SL	W	            	\N	\N	\N
1854	41	EDIN815	\N	00:53:00	00:55:00	\N	\N	\N	\N	\N	\N	PRRM        	\N	\N	\N
1855	41	EDINBUR	2	00:57:00	\N	\N	01:08:00	\N	7	\N	SL	TFPR        	\N	\N	\N
1856	42	ABRDEEN	\N	\N	20:26:00	\N	\N	20:26:00	3	\N	\N	TB          	\N	\N	\N
1857	42	ABRDFJN	\N	\N	\N	20:27:00	\N	\N	\N	\N	\N	            	\N	\N	\N
1858	42	CRGISTH	\N	\N	\N	20:28:30	\N	\N	\N	\N	\N	            	\N	\N	\N
1859	42	ABRD56	\N	\N	\N	20:29:00	\N	\N	\N	\N	\N	            	\N	\N	\N
1860	42	ABRD230	\N	\N	\N	20:31:30	\N	\N	\N	\N	\N	            	\N	\N	\N
1861	42	ABRD222	\N	\N	\N	20:37:00	\N	\N	\N	\N	\N	            	\N	\N	\N
1862	42	SHVN	\N	20:43:00	20:45:00	\N	\N	20:43:00	1	\N	\N	U           	\N	\N	\N
1863	42	CAARMNT	\N	\N	\N	20:52:00	\N	\N	\N	\N	\N	            	\N	\N	\N
1864	42	LRNCKRK	\N	\N	\N	20:58:30	\N	\N	\N	\N	\N	            	\N	\N	\N
1865	42	CRAIGO	\N	\N	\N	21:03:00	\N	\N	\N	\N	\N	            	\N	\N	\N
1866	42	MONTRSE	\N	21:07:00	21:08:30	\N	\N	21:06:00	1	\N	\N	U           	\N	\N	\N
1867	42	USAN	\N	\N	\N	21:12:30	\N	\N	\N	\N	\N	            	\N	\N	\N
1868	42	INVKLOR	\N	\N	\N	21:17:30	\N	\N	\N	\N	\N	            	\N	\N	\N
1869	42	ARBROTH	\N	21:23:30	21:25:00	\N	\N	21:23:00	1	\N	\N	U           	\N	\N	\N
1870	42	CNST	\N	21:31:30	21:33:00	\N	\N	21:31:00	1	\N	\N	U           	\N	\N	\N
1871	42	BRFRY	\N	\N	\N	21:40:00	\N	\N	1	\N	\N	            	1	\N	\N
1872	42	CMPRDNJ	\N	\N	\N	21:43:30	\N	\N	\N	\N	\N	            	\N	\N	\N
1873	42	DUNDETB	\N	21:46:00	21:56:00	\N	\N	21:54:00	1	\N	\N	U           	\N	\N	\N
1874	42	DUNDCJ	\N	\N	\N	21:57:00	\N	\N	\N	\N	\N	            	\N	\N	\N
1875	42	TAYBDGS	\N	\N	\N	22:06:00	\N	\N	\N	\N	\N	            	\N	\N	\N
1876	42	SFORT26	\N	\N	\N	22:08:30	\N	\N	\N	\N	\N	            	\N	\N	\N
1877	42	LEUCHRS	\N	22:12:00	22:14:30	\N	\N	22:12:00	1	\N	\N	U           	\N	\N	\N
1878	42	CUPAR	\N	\N	\N	22:22:00	\N	\N	1	\N	\N	            	\N	\N	\N
1879	42	LADYBNK	\N	\N	\N	22:27:00	\N	\N	1	\N	\N	            	1	\N	\N
1880	42	THRNTNJ	\N	\N	\N	22:36:00	\N	\N	\N	\N	\N	            	\N	1	\N
1881	42	THRNUPL	\N	22:38:00	22:47:00	\N	\N	\N	\N	\N	\N	A           	\N	\N	\N
1882	42	THRNTSJ	\N	\N	\N	22:48:00	\N	\N	\N	\N	\N	            	\N	\N	\N
1883	42	KCLD	\N	22:52:30	22:54:00	\N	\N	22:52:00	1	\N	\N	U           	\N	\N	\N
1884	42	BISLND	\N	\N	\N	23:01:30	\N	\N	1	\N	\N	            	\N	\N	\N
1885	42	IVRKTHG	\N	23:09:30	23:11:00	\N	\N	23:09:00	1	\N	\N	U           	\N	\N	\N
1886	42	DLMYJN	\N	\N	\N	23:17:30	\N	\N	\N	\N	\N	            	1	3	\N
1887	42	HAYMRWJ	\N	\N	\N	23:27:00	\N	\N	\N	UN	\N	            	\N	 H	\N
1888	42	HAYMRKT	\N	\N	\N	23:28:30	\N	\N	1	UN	\N	            	\N	1	\N
1889	42	PRNCSTG	\N	\N	\N	23:31:00	\N	\N	\N	X	\N	            	\N	\N	\N
1890	42	EDINBUR	\N	23:33:00	\N	\N	23:33:00	\N	7	\N	X	TFN         	\N	\N	\N
1891	43	EDINBUR	\N	\N	23:42:00	\N	\N	23:40:00	11	W	\N	TB          	\N	 H	\N
1892	43	PRNCSTG	\N	\N	\N	23:44:00	\N	\N	\N	DS	\N	            	\N	1	\N
1893	43	HAYMRKT	\N	\N	\N	23:46:30	\N	\N	4	\N	\N	            	\N	\N	\N
1894	43	SLATEFD	\N	\N	\N	23:49:00	\N	\N	\N	\N	\N	            	\N	\N	\N
1895	43	MDCLDRJ	\N	\N	\N	23:56:00	\N	\N	\N	\N	\N	            	\N	\N	\N
1896	43	COBB712	\N	\N	\N	00:02:00	\N	\N	\N	\N	\N	            	\N	\N	\N
1897	43	ACHNGRY	\N	\N	\N	00:04:30	\N	\N	\N	\N	\N	            	\N	\N	\N
1898	43	CRSTRSE	\N	\N	\N	00:09:00	\N	\N	\N	\N	\N	            	\N	\N	\N
1899	43	CRSTUPL	\N	00:11:30	00:19:30	\N	\N	\N	\N	\N	\N	A PRRM      	\N	\N	\N
1900	43	CRSTRS	\N	00:21:00	\N	\N	00:21:00	\N	2	\N	\N	TFN PR      	\N	\N	\N
1901	44	GLGC	\N	\N	23:40:00	\N	\N	23:40:00	1	A1	\N	TB          	\N	\N	\N
1902	44	GLGCBSJ	\N	\N	\N	23:42:00	\N	\N	\N	1U	\N	            	\N	\N	\N
1903	44	EGLNSTJ	\N	\N	\N	23:43:00	\N	\N	\N	UF	\N	            	\N	\N	\N
1904	44	LRKFLDJ	\N	\N	\N	23:44:30	\N	\N	\N	FL	\N	            	\N	\N	\N
1905	44	SHFD	\N	\N	\N	23:45:30	\N	\N	\N	\N	\N	            	\N	\N	\N
1906	44	RTHGNEJ	\N	\N	\N	23:46:30	\N	\N	\N	\N	\N	            	\N	\N	\N
1907	44	NWTLWJ	\N	\N	\N	23:48:00	\N	\N	\N	\N	\N	            	\N	\N	\N
1908	44	NWTLEJ	\N	\N	\N	23:49:00	\N	\N	\N	\N	\N	            	\N	\N	\N
1909	44	UDNGTNJ	\N	\N	\N	23:50:00	\N	\N	\N	\N	\N	            	\N	\N	\N
1910	44	MOTHRWL	\N	23:54:00	23:58:00	\N	\N	23:55:00	1	\N	\N	U           	\N	\N	\N
1911	44	SHILDMR	\N	\N	\N	00:01:00	\N	\N	2	\N	\N	            	\N	2H	\N
1912	44	LAWJ	\N	\N	\N	00:06:30	\N	\N	\N	\N	\N	            	\N	\N	\N
1913	44	LANARKJ	\N	\N	\N	00:12:30	\N	\N	\N	\N	\N	            	1	 H	\N
1914	44	CRSTRSN	\N	\N	\N	00:16:30	\N	\N	\N	PL	\N	            	\N	\N	\N
1915	44	CRSTRS	\N	00:18:00	00:40:00	\N	\N	00:25:00	2	\N	\N	U -U        	\N	\N	\N
1916	44	CRSTRSS	\N	\N	\N	00:41:30	\N	\N	\N	\N	\N	            	\N	\N	\N
1917	44	ABINGTN	\N	\N	\N	00:54:30	\N	\N	UM	\N	\N	            	\N	\N	1
1918	44	BEATCKS	\N	\N	\N	01:01:30	\N	\N	UM	\N	\N	            	\N	\N	\N
1919	44	BEATCK	\N	\N	\N	01:09:00	\N	\N	UM	\N	\N	            	\N	\N	\N
1920	44	LCKRBIE	\N	\N	\N	01:19:30	\N	\N	2	\N	\N	            	2	\N	\N
1921	44	KRKP862	\N	\N	\N	01:31:30	\N	\N	\N	\N	\N	            	\N	\N	\N
1922	44	GRETNAJ	\N	\N	\N	01:34:30	\N	\N	\N	\N	\N	            	\N	1	\N
1923	44	KGMRJCN	\N	\N	\N	01:40:00	\N	\N	\N	\N	\N	            	\N	\N	\N
1924	44	CARLCJN	\N	\N	\N	01:41:00	\N	\N	\N	UML	\N	            	\N	\N	\N
1925	44	CARLILE	\N	01:43:00	01:45:00	\N	\N	01:45:00	4	\N	\N	U           	\N	\N	\N
1926	44	PNTH	\N	\N	\N	02:00:30	\N	\N	1	\N	\N	            	\N	\N	\N
1927	44	EDENVGL	\N	\N	\N	02:03:30	\N	\N	\N	\N	\N	            	\N	\N	\N
1928	44	SHAPSMT	\N	\N	\N	02:11:00	\N	\N	\N	\N	\N	            	\N	\N	1
1929	44	TEBAY	\N	\N	\N	02:16:00	\N	\N	\N	\N	\N	            	\N	\N	\N
1930	44	GRIGG	\N	\N	\N	02:22:30	\N	\N	\N	\N	\N	            	\N	\N	\N
1931	44	OXENHLM	\N	\N	\N	02:28:00	\N	\N	1	\N	\N	            	1	\N	\N
1932	44	CRNFNJN	\N	\N	\N	02:38:30	\N	\N	\N	\N	\N	            	\N	\N	\N
1933	44	MORCMSJ	\N	\N	\N	02:42:00	\N	\N	\N	\N	\N	            	\N	\N	1
1934	44	LANCSTR	\N	\N	\N	02:44:30	\N	\N	UFL	\N	\N	            	\N	\N	\N
1935	44	GSTANG	\N	\N	\N	02:53:30	\N	\N	\N	\N	\N	            	2	\N	\N
1936	44	PRSTNFJ	\N	\N	\N	03:04:30	\N	\N	\N	DFL	\N	            	\N	\N	\N
1937	44	PRST	\N	03:06:00	03:15:00	\N	\N	\N	3	DFL	DFL	C A         	\N	\N	\N
1938	44	PRSTRJN	\N	\N	\N	03:16:30	\N	\N	\N	SL	\N	            	\N	\N	\N
1939	44	FRNGTNC	\N	\N	\N	03:18:00	\N	\N	\N	\N	\N	            	\N	\N	\N
1940	44	EUXTONJ	\N	\N	\N	03:21:30	\N	\N	\N	\N	\N	            	\N	\N	\N
1941	44	BALSHWL	\N	\N	\N	03:23:00	\N	\N	\N	FL	\N	            	\N	\N	\N
1942	44	WIGANNW	\N	\N	\N	03:28:30	\N	\N	4	\N	\N	            	\N	\N	\N
1943	44	WIGASJN	\N	\N	\N	03:29:00	\N	\N	\N	\N	\N	            	\N	\N	\N
1944	44	SPRBJN	\N	\N	\N	03:30:00	\N	\N	\N	SL	\N	            	\N	\N	\N
1945	44	GOLBRNJ	\N	\N	\N	03:35:00	\N	\N	\N	FL	\N	            	\N	\N	\N
1946	44	WINWCKJ	\N	\N	\N	03:38:30	\N	\N	\N	\N	\N	            	\N	\N	\N
1947	44	DALAMBR	\N	\N	\N	03:41:00	\N	\N	\N	\N	\N	            	\N	\N	\N
1948	44	WRGTNBQ	\N	\N	\N	03:42:30	\N	\N	2	OL	\N	            	\N	\N	\N
1949	44	WRGTWOJ	\N	\N	\N	03:45:00	\N	\N	\N	\N	\N	            	\N	\N	\N
1950	44	ACGJN	\N	\N	\N	03:47:30	\N	\N	\N	FL	\N	            	1	\N	\N
1951	44	WEAVERJ	\N	\N	\N	03:54:30	\N	\N	\N	\N	\N	            	\N	\N	\N
1952	44	ACBG	\N	\N	\N	03:56:30	\N	\N	\N	\N	\N	            	\N	\N	\N
1953	44	HARTFDJ	\N	\N	\N	03:57:30	\N	\N	\N	\N	\N	            	\N	\N	1
1954	44	WNSFD	\N	\N	\N	04:02:30	\N	\N	\N	SL	\N	            	1	\N	\N
1955	44	CREWECY	\N	\N	\N	04:09:00	\N	\N	\N	\N	\N	            	\N	\N	\N
1956	44	CREWE	\N	\N	\N	04:12:00	\N	\N	UFL	\N	\N	            	\N	\N	\N
1957	44	CREWBHJ	\N	\N	\N	04:14:00	\N	\N	\N	\N	\N	            	\N	\N	\N
1958	44	MADELEY	\N	\N	\N	04:19:00	\N	\N	\N	SL	SL	            	1	1H	\N
1959	44	LBRDFJN	\N	\N	\N	04:30:30	\N	\N	\N	\N	\N	            	\N	\N	1
1960	44	STAFFRD	\N	\N	\N	04:34:30	\N	\N	4	SL	SL	            	\N	\N	\N
1961	44	STAFTVJ	\N	\N	\N	04:35:00	\N	\N	\N	\N	\N	            	\N	\N	\N
1962	44	PNKRDG	\N	\N	\N	04:39:00	\N	\N	\N	\N	\N	            	1	\N	\N
1963	44	BSBYJN	\N	\N	\N	04:47:30	\N	\N	\N	\N	\N	            	\N	2	\N
1964	44	PBLJWM	\N	\N	\N	04:52:30	\N	\N	\N	\N	\N	            	\N	1	\N
1965	44	DRLSTNJ	\N	\N	\N	04:56:00	\N	\N	\N	\N	\N	            	\N	\N	\N
1966	44	BSCTSTA	\N	\N	\N	04:57:00	\N	\N	\N	\N	\N	            	\N	1	\N
1967	44	PRYBRNJ	\N	\N	\N	05:01:30	\N	\N	\N	\N	\N	            	\N	\N	\N
1968	44	ASTON	\N	\N	\N	05:03:30	\N	\N	2	\N	\N	            	\N	\N	\N
1969	44	STECHFD	\N	\N	\N	05:08:30	\N	\N	\N	\N	\N	            	\N	\N	\N
1970	44	BHAMINT	\N	\N	\N	05:12:30	\N	\N	4	\N	\N	            	\N	\N	\N
1971	44	BKSWELL	\N	\N	\N	05:16:30	\N	\N	\N	\N	\N	            	\N	\N	\N
1972	44	COVNTRY	\N	\N	\N	05:20:30	\N	\N	2	\N	\N	            	1	\N	\N
1973	44	RUGBTVJ	\N	\N	\N	05:29:30	\N	\N	\N	UNL	\N	            	\N	\N	\N
1974	44	RUGBY	\N	\N	\N	05:31:00	\N	\N	4	FL	UNL	            	\N	\N	\N
1975	44	HMTNJ	\N	\N	\N	05:32:00	\N	\N	\N	\N	\N	            	\N	\N	\N
1976	44	WEEDON	\N	\N	\N	05:40:30	\N	\N	\N	FL	FL	            	10	\N	\N
1977	44	HANSLPJ	\N	\N	\N	06:01:00	\N	\N	\N	SL	FL	            	\N	\N	\N
1978	44	MKNSCEN	\N	\N	\N	06:06:30	\N	\N	1	SL	SL	            	\N	\N	\N
1979	44	DNBGHSJ	\N	\N	\N	06:08:30	\N	\N	\N	\N	\N	            	\N	\N	\N
1980	44	BLTCHLY	\N	\N	\N	06:09:30	\N	\N	4	SL	SL	            	\N	2H	\N
1981	44	LEDBRNJ	\N	\N	\N	06:20:00	\N	\N	\N	FL	SL	            	1	\N	\N
1982	44	TRING	\N	\N	\N	06:25:30	\N	\N	2	FL	FL	            	\N	\N	\N
1983	44	BONENDJ	\N	\N	\N	06:30:00	\N	\N	\N	FL	FL	            	\N	 H	1
1984	44	WATFDJ	\N	06:38:00	06:40:00	\N	06:40:00	\N	7	FL	FL	D           	\N	\N	\N
1985	44	HROW	\N	\N	\N	06:45:30	\N	\N	4	FL	FL	            	1	\N	\N
1986	44	WMBY	\N	\N	\N	06:49:00	\N	\N	4	\N	\N	            	\N	\N	\N
1987	44	WLSDWLJ	\N	\N	\N	06:51:00	\N	\N	\N	FL	FL	            	\N	\N	2H
1988	44	CMDNJN	\N	\N	\N	06:56:30	\N	\N	\N	A	\N	            	\N	\N	\N
1989	44	CMDNSTH	\N	\N	\N	06:57:00	\N	\N	\N	\N	\N	            	\N	\N	\N
1990	44	EUSTON	\N	07:00:00	\N	\N	07:15:00	\N	1	\N	\N	TF          	\N	\N	\N
1991	45	IVRNESS	\N	\N	20:45:00	\N	\N	20:45:00	2	\N	\N	TB          	\N	\N	\N
1992	45	MILBRNJ	\N	\N	\N	20:46:30	\N	\N	\N	DH	\N	            	\N	\N	\N
1993	45	CRAHALL	\N	\N	\N	20:48:00	\N	\N	\N	\N	\N	            	\N	\N	\N
1994	45	CULDNMR	\N	\N	\N	20:55:00	\N	\N	\N	\N	\N	            	\N	\N	\N
1995	45	MOYY	\N	\N	\N	21:06:30	\N	\N	\N	\N	\N	X           	\N	\N	\N
1996	45	TOMATIN	\N	\N	\N	21:10:30	\N	\N	\N	\N	\N	            	\N	\N	\N
1997	45	SLOCHD	\N	\N	\N	21:15:00	\N	\N	\N	\N	\N	            	\N	\N	\N
1998	45	CARRBDG	\N	\N	\N	21:20:00	\N	\N	1	\N	\N	            	1	\N	\N
1999	45	AVIEMRE	\N	21:27:00	21:34:00	\N	\N	21:32:00	1	\N	\N	U           	\N	\N	\N
2000	45	KNCRAIG	\N	\N	\N	21:41:00	\N	\N	\N	\N	\N	            	\N	\N	\N
2001	45	KGUSSIE	\N	21:46:00	21:50:00	\N	\N	21:48:00	2	\N	\N	U X         	\N	\N	\N
2002	45	NWTM	\N	21:54:30	21:56:30	\N	\N	21:54:00	1	\N	\N	U           	\N	\N	\N
2003	45	DALWHIN	\N	22:09:00	22:11:00	\N	\N	22:09:00	1	\N	\N	U X         	\N	\N	\N
2004	45	DLNSPDL	\N	\N	\N	22:19:00	\N	\N	\N	\N	\N	            	\N	\N	\N
2005	45	DLNCRDH	\N	\N	\N	22:24:30	\N	\N	\N	\N	\N	            	1	\N	\N
2006	45	BLARATH	\N	22:35:30	22:37:30	\N	\N	22:35:00	1	\N	\N	U           	\N	\N	\N
2007	45	PTLCHRY	\N	22:47:00	22:49:00	\N	\N	22:47:00	1	\N	\N	U           	\N	\N	\N
2008	45	DUNKELD	\N	23:01:30	23:05:30	\N	\N	23:03:00	1	\N	\N	U           	\N	\N	\N
2009	45	STNY	\N	\N	\N	23:15:00	\N	\N	\N	\N	\N	            	1	\N	\N
2010	45	PERTH	\N	23:23:30	23:28:30	\N	\N	23:26:00	4	\N	\N	U           	\N	\N	\N
2011	45	HILTONJ	\N	\N	\N	23:33:00	\N	\N	\N	\N	\N	            	\N	\N	\N
2012	45	HILT4	\N	\N	\N	23:36:00	\N	\N	\N	\N	\N	            	\N	\N	\N
2013	45	AUCHTDR	\N	\N	\N	23:44:00	\N	\N	\N	\N	\N	            	\N	\N	\N
2014	45	GLNEGLS	\N	23:46:00	23:47:30	\N	\N	23:45:00	1	\N	\N	U           	\N	\N	\N
2015	45	BLFD	\N	\N	\N	23:51:30	\N	\N	\N	\N	\N	            	\N	\N	\N
2016	45	GRNLNNG	\N	\N	\N	23:55:30	\N	\N	\N	\N	\N	            	1	\N	\N
2017	45	DUNANE	\N	00:02:00	00:04:00	\N	\N	00:02:00	1	\N	\N	U           	\N	\N	\N
2018	45	STIRLNG	\N	00:11:30	00:13:30	\N	\N	00:11:00	3	\N	\N	U           	\N	\N	\N
2019	45	LARBERJ	\N	\N	\N	00:21:30	\N	\N	\N	\N	\N	            	\N	\N	\N
2020	45	CRMRSEJ	\N	\N	\N	00:22:30	\N	\N	\N	\N	\N	            	1	\N	\N
2021	45	FALKRKG	\N	00:26:30	00:28:00	\N	\N	00:26:00	1	\N	\N	U           	\N	\N	\N
2022	45	GRNGMTJ	\N	\N	\N	00:30:30	\N	\N	\N	\N	\N	            	\N	\N	\N
2023	45	POLMONT	\N	\N	\N	00:33:30	\N	\N	1	\N	\N	            	\N	\N	\N
2024	45	LNLTHGW	\N	\N	\N	00:37:30	\N	\N	1	\N	\N	            	\N	\N	\N
2025	45	WNCBROJ	\N	\N	\N	00:41:30	\N	\N	\N	\N	\N	            	\N	\N	\N
2026	45	NWBG	\N	\N	\N	00:44:30	\N	\N	\N	\N	\N	            	2	\N	\N
2027	45	HAYMRWJ	\N	\N	\N	00:51:00	\N	\N	\N	US	\N	            	\N	\N	\N
2028	45	HAYMRKT	\N	\N	\N	00:52:00	\N	\N	3	US	\N	            	\N	 H	\N
2029	45	PRNCSTG	\N	\N	\N	00:54:00	\N	\N	\N	X	\N	            	\N	\N	\N
2030	45	EDINBUR	\N	00:56:00	01:24:00	\N	\N	\N	7	W	X	-UL         	\N	\N	\N
2031	45	PRNCSTG	2	\N	\N	01:25:30	\N	\N	\N	DS	\N	            	\N	\N	\N
2032	45	HAYMRKT	2	\N	\N	01:27:00	\N	\N	4	\N	\N	            	\N	\N	\N
2033	45	SLATEFD	\N	\N	\N	01:29:00	\N	\N	\N	\N	\N	            	\N	\N	\N
2034	45	MDCLDRJ	\N	\N	\N	01:36:30	\N	\N	\N	\N	\N	            	\N	\N	\N
2035	45	COBB712	\N	\N	\N	01:42:30	\N	\N	\N	\N	\N	            	\N	\N	\N
2036	45	ACHNGRY	\N	\N	\N	01:45:00	\N	\N	\N	\N	\N	            	\N	\N	\N
2037	45	CRSTRSE	\N	\N	\N	01:49:30	\N	\N	\N	\N	\N	            	1	\N	\N
2038	45	CRSTRSS	\N	\N	\N	01:51:30	\N	\N	\N	\N	\N	            	\N	\N	\N
2039	45	ABINGTN	\N	\N	\N	02:06:00	\N	\N	UM	\N	\N	            	\N	\N	\N
2040	45	BEATCKS	\N	\N	\N	02:12:00	\N	\N	UM	\N	\N	            	\N	\N	\N
2041	45	BEATCK	\N	\N	\N	02:19:30	\N	\N	UM	\N	\N	            	\N	\N	\N
2042	45	LCKRBIE	\N	\N	\N	02:30:00	\N	\N	2	\N	\N	            	2	\N	\N
2043	45	KRKP862	\N	\N	\N	02:42:00	\N	\N	\N	\N	\N	            	\N	\N	\N
2044	45	GRETNAJ	\N	\N	\N	02:45:00	\N	\N	\N	\N	\N	            	\N	\N	\N
2045	45	KGMRJCN	\N	\N	\N	02:49:30	\N	\N	\N	\N	\N	            	\N	\N	\N
2046	45	CARLCJN	\N	\N	\N	02:50:30	\N	\N	\N	UML	\N	            	\N	\N	\N
2047	45	CARLILE	\N	02:52:30	02:54:30	\N	\N	\N	4	\N	\N	S           	\N	\N	\N
2048	45	PNTH	\N	\N	\N	03:10:00	\N	\N	1	\N	\N	            	\N	\N	\N
2049	45	EDENVGL	\N	\N	\N	03:13:00	\N	\N	\N	\N	\N	            	\N	\N	\N
2050	45	SHAPSMT	\N	\N	\N	03:20:30	\N	\N	\N	\N	\N	            	\N	\N	\N
2051	45	TEBAY	\N	\N	\N	03:24:30	\N	\N	\N	\N	\N	            	\N	\N	\N
2052	45	GRIGG	\N	\N	\N	03:31:00	\N	\N	\N	\N	\N	            	\N	\N	\N
2053	45	OXENHLM	\N	\N	\N	03:36:30	\N	\N	1	\N	\N	            	1	\N	\N
2054	45	CRNFNJN	\N	\N	\N	03:47:00	\N	\N	\N	\N	\N	            	\N	\N	\N
2055	45	MORCMSJ	\N	\N	\N	03:50:30	\N	\N	\N	\N	\N	            	\N	\N	\N
2056	45	LANCSTR	\N	\N	\N	03:52:00	\N	\N	UFL	\N	\N	            	\N	\N	\N
2057	45	GSTANG	\N	\N	\N	04:01:00	\N	\N	\N	\N	\N	            	2	\N	\N
2058	45	PRSTNFJ	\N	\N	\N	04:12:00	\N	\N	\N	UFL	\N	            	\N	\N	\N
2059	45	PRST	\N	04:13:30	04:15:30	\N	04:15:00	\N	4	UFL	UFL	D           	\N	\N	\N
2060	45	PRSTRJN	\N	\N	\N	04:17:00	\N	\N	\N	SL	\N	            	\N	\N	\N
2061	45	FRNGTNC	\N	\N	\N	04:18:30	\N	\N	\N	\N	\N	            	\N	\N	\N
2062	45	EUXTONJ	\N	\N	\N	04:22:00	\N	\N	\N	\N	\N	            	\N	\N	\N
2063	45	BALSHWL	\N	\N	\N	04:23:30	\N	\N	\N	FL	\N	            	\N	\N	\N
2064	45	WIGANNW	\N	\N	\N	04:29:00	\N	\N	4	\N	\N	            	\N	\N	\N
2065	45	WIGASJN	\N	\N	\N	04:29:30	\N	\N	\N	\N	\N	            	\N	\N	\N
2066	45	SPRBJN	\N	\N	\N	04:30:00	\N	\N	\N	SL	\N	            	\N	\N	\N
2067	45	GOLBRNJ	\N	\N	\N	04:35:00	\N	\N	\N	FL	\N	            	\N	\N	\N
2068	45	WINWCKJ	\N	\N	\N	04:38:30	\N	\N	\N	\N	\N	            	\N	\N	\N
2069	45	DALAMBR	\N	\N	\N	04:41:00	\N	\N	\N	\N	\N	            	\N	\N	\N
2070	45	WRGTNBQ	\N	\N	\N	04:42:30	\N	\N	2	OL	\N	            	\N	\N	\N
2071	45	WRGTWOJ	\N	\N	\N	04:45:00	\N	\N	\N	\N	\N	            	\N	\N	\N
2072	45	ACGJN	\N	\N	\N	04:47:30	\N	\N	\N	FL	\N	            	1	\N	\N
2073	45	WEAVERJ	\N	\N	\N	04:54:30	\N	\N	\N	\N	\N	            	\N	\N	\N
2074	45	ACBG	\N	\N	\N	04:56:30	\N	\N	\N	\N	\N	            	\N	\N	\N
2075	45	HARTFDJ	\N	\N	\N	04:57:30	\N	\N	\N	\N	\N	            	\N	 H	1
2076	45	WNSFD	\N	\N	\N	05:03:00	\N	\N	\N	SL	\N	            	1	\N	\N
2077	45	CREWECY	\N	\N	\N	05:09:30	\N	\N	\N	\N	\N	            	\N	\N	\N
2078	45	CREWE	\N	05:11:00	05:14:00	\N	05:12:00	\N	5	\N	\N	D           	\N	 H	\N
2079	45	CREWBHJ	\N	\N	\N	05:18:00	\N	\N	\N	FL	\N	            	\N	\N	\N
2080	45	MADELEY	\N	\N	\N	05:23:00	\N	\N	\N	FL	FL	            	1	\N	\N
2081	45	NTNB	\N	\N	\N	05:32:00	\N	\N	\N	FL	FL	            	\N	\N	\N
2082	45	STAFFRD	\N	\N	\N	05:37:00	\N	\N	UFL	FL	FL	            	\N	\N	\N
2083	45	STAFFSJ	\N	\N	\N	05:37:30	\N	\N	\N	SL	\N	            	\N	\N	\N
2084	45	STAFTVJ	\N	\N	\N	05:38:00	\N	\N	\N	\N	\N	            	\N	\N	\N
2085	45	PNKRDG	\N	\N	\N	05:42:00	\N	\N	\N	\N	\N	            	1	1	\N
2086	45	BSBYJN	\N	\N	\N	05:51:30	\N	\N	\N	\N	\N	            	\N	\N	\N
2087	45	PBLJWM	\N	\N	\N	05:54:30	\N	\N	\N	\N	\N	            	\N	\N	\N
2088	45	DRLSTNJ	\N	\N	\N	05:57:00	\N	\N	\N	\N	\N	            	\N	\N	\N
2089	45	BSCTSTA	\N	\N	\N	05:58:00	\N	\N	\N	\N	\N	            	1	\N	\N
2090	45	PRYBRNJ	\N	\N	\N	06:02:30	\N	\N	\N	\N	\N	            	\N	\N	\N
2091	45	ASTON	\N	\N	\N	06:04:30	\N	\N	2	\N	\N	            	\N	4	\N
2092	45	STECHFD	\N	\N	\N	06:13:30	\N	\N	\N	\N	\N	            	\N	\N	\N
2093	45	BHAMINT	\N	06:18:30	06:20:30	\N	06:20:00	\N	5	\N	\N	D           	\N	\N	\N
2094	45	BKSWELL	\N	\N	\N	06:25:30	\N	\N	\N	\N	\N	            	1	 H	\N
2095	45	COVNTRY	\N	\N	\N	06:31:00	\N	\N	2	\N	\N	            	1	\N	\N
2096	45	RUGBTVJ	\N	\N	\N	06:40:00	\N	\N	\N	FL	\N	            	\N	\N	\N
2097	45	RUGBY	\N	\N	\N	06:41:00	\N	\N	4	FL	FL	            	\N	\N	\N
2098	45	HMTNJ	\N	\N	\N	06:42:00	\N	\N	\N	\N	\N	            	\N	\N	\N
2099	45	WEEDON	\N	\N	\N	06:50:30	\N	\N	\N	FL	FL	            	\N	\N	\N
2100	45	HANSLPJ	\N	\N	\N	07:00:30	\N	\N	\N	FL	FL	            	\N	\N	\N
2101	45	MKNSCEN	\N	\N	\N	07:05:30	\N	\N	4	FL	FL	            	\N	\N	\N
2102	45	BLTCHLY	\N	\N	\N	07:07:30	\N	\N	2	FL	FL	            	\N	\N	\N
2103	45	LEDBRNJ	\N	\N	\N	07:14:30	\N	\N	\N	FL	FL	            	1	\N	\N
2104	45	TRING	\N	\N	\N	07:20:00	\N	\N	2	FL	FL	            	\N	\N	\N
2105	45	BONENDJ	\N	\N	\N	07:24:30	\N	\N	\N	FL	FL	            	\N	\N	\N
2106	45	WATFDJ	\N	\N	\N	07:30:30	\N	\N	7	FL	FL	            	\N	\N	\N
2107	45	HROW	\N	\N	\N	07:35:00	\N	\N	4	FL	FL	            	1	\N	\N
2108	45	WMBY	\N	\N	\N	07:38:30	\N	\N	4	\N	\N	            	\N	\N	\N
2109	45	WLSDWLJ	\N	\N	\N	07:40:30	\N	\N	\N	FL	FL	            	\N	\N	\N
2110	45	CMDNJN	\N	\N	\N	07:43:30	\N	\N	\N	D	\N	            	\N	\N	\N
2111	45	CMDNSTH	\N	\N	\N	07:44:00	\N	\N	\N	\N	\N	            	\N	\N	\N
2112	45	EUSTON	\N	07:47:00	\N	\N	08:00:00	\N	15	\N	\N	TF          	\N	\N	\N
2113	46	EUSTON	\N	\N	21:15:00	\N	\N	21:15:00	1	X	\N	TBK         	\N	\N	\N
2114	46	CMDNSTH	\N	\N	\N	21:18:00	\N	\N	\N	E	\N	            	\N	\N	\N
2115	46	CMDNJN	\N	\N	\N	21:18:30	\N	\N	\N	FL	\N	            	\N	\N	\N
2116	46	WLSDWLJ	\N	\N	\N	21:21:30	\N	\N	\N	FL	FL	            	\N	\N	\N
2117	46	WMBY	\N	\N	\N	21:23:30	\N	\N	3	\N	\N	            	\N	\N	\N
2118	46	HROW	\N	\N	\N	21:26:00	\N	\N	3	FL	FL	            	\N	\N	\N
2119	46	WATFDJ	\N	\N	\N	21:30:30	\N	\N	6	FL	FL	            	\N	\N	\N
2120	46	BONENDJ	\N	\N	\N	21:36:30	\N	\N	\N	FL	FL	            	\N	\N	\N
2121	46	TRING	\N	\N	\N	21:41:00	\N	\N	1	FL	FL	            	\N	\N	\N
2122	46	LEDBRNJ	\N	\N	\N	21:45:30	\N	\N	\N	FL	FL	            	\N	\N	\N
2123	46	BLTCHLY	\N	\N	\N	21:52:30	\N	\N	1	FL	FL	            	\N	\N	\N
2124	46	MKNSCEN	\N	\N	\N	21:55:00	\N	\N	6	FL	FL	            	1	\N	\N
2125	46	HANSLPJ	\N	\N	\N	22:01:00	\N	\N	\N	FL	FL	            	\N	\N	 H
2126	46	WEEDON	\N	\N	\N	22:11:30	\N	\N	\N	FL	FL	            	1	\N	\N
2127	46	HMTNJ	\N	\N	\N	22:21:00	\N	\N	\N	\N	\N	            	\N	\N	\N
2128	46	RUGBY	\N	\N	\N	22:22:00	\N	\N	DFL	FL	FL	            	\N	\N	\N
2129	46	RUGBTVJ	\N	\N	\N	22:22:30	\N	\N	\N	\N	FL	            	1	 H	\N
2130	46	COVNTRY	\N	\N	\N	22:32:00	\N	\N	3	\N	\N	            	\N	\N	\N
2131	46	BKSWELL	\N	\N	\N	22:36:00	\N	\N	\N	\N	\N	            	\N	1	\N
2132	46	BHAMINT	\N	22:41:30	22:44:30	\N	\N	22:42:00	3	\N	\N	U           	\N	\N	\N
2133	46	STECHFD	\N	\N	\N	22:50:00	\N	\N	\N	\N	\N	            	1	\N	\N
2134	46	ASTON	\N	\N	\N	22:56:00	\N	\N	1	\N	\N	            	\N	\N	\N
2135	46	PRYBRNJ	\N	\N	\N	22:58:30	\N	\N	\N	\N	\N	            	\N	\N	\N
2136	46	BSCTSTA	\N	\N	\N	23:02:00	\N	\N	\N	\N	\N	            	1	\N	\N
2137	46	DRLSTNJ	\N	\N	\N	23:04:00	\N	\N	\N	\N	\N	            	\N	\N	\N
2138	46	PBLJWM	\N	\N	\N	23:06:30	\N	\N	\N	\N	\N	            	\N	\N	\N
2139	46	BSBYJN	\N	\N	\N	23:09:00	\N	\N	\N	\N	\N	            	\N	\N	\N
2140	46	PNKRDG	\N	\N	\N	23:17:00	\N	\N	\N	\N	\N	            	1	\N	\N
2141	46	STAFTVJ	\N	\N	\N	23:22:00	\N	\N	\N	SL	\N	            	\N	\N	\N
2142	46	STAFFRD	\N	\N	\N	23:22:30	\N	\N	5	SL	SL	            	\N	\N	\N
2143	46	STAFFDJ	\N	\N	\N	23:23:00	\N	\N	\N	FL	\N	            	\N	\N	\N
2144	46	NTNB	\N	\N	\N	23:27:00	\N	\N	\N	FL	FL	            	\N	\N	\N
2145	46	MADELEY	\N	\N	\N	23:35:00	\N	\N	\N	FL	FL	            	1	2	 H
2146	46	CREWBHJ	\N	\N	\N	23:43:30	\N	\N	\N	SL	\N	            	\N	1H	\N
2147	46	CREWE	\N	23:47:00	23:50:00	\N	\N	23:45:00	6	\N	\N	U K         	\N	\N	\N
2148	46	CREWECY	\N	\N	\N	23:51:30	\N	\N	\N	\N	\N	            	\N	\N	\N
2149	46	WNSFD	\N	\N	\N	23:57:30	\N	\N	\N	FL	\N	            	\N	\N	\N
2150	46	HARTFDJ	\N	\N	\N	00:01:00	\N	\N	\N	\N	\N	            	\N	\N	\N
2151	46	ACBG	\N	\N	\N	00:02:30	\N	\N	\N	\N	\N	            	\N	\N	\N
2152	46	WEAVERJ	\N	\N	\N	00:04:00	\N	\N	\N	\N	\N	            	\N	\N	\N
2153	46	ACGJN	\N	\N	\N	00:11:30	\N	\N	\N	OL	\N	            	\N	\N	\N
2154	46	WRGTWOJ	\N	\N	\N	00:14:00	\N	\N	\N	\N	\N	            	\N	\N	\N
2155	46	WRGTNBQ	\N	\N	\N	00:17:00	\N	\N	3	FL	\N	            	\N	\N	\N
2156	46	DALAMBR	\N	\N	\N	00:18:00	\N	\N	\N	\N	\N	            	\N	\N	\N
2157	46	WINWCKJ	\N	\N	\N	00:20:30	\N	\N	\N	\N	\N	            	\N	\N	\N
2158	46	GOLBRNJ	\N	\N	\N	00:24:00	\N	\N	\N	SL	\N	            	\N	\N	\N
2159	46	SPRBJN	\N	\N	\N	00:28:00	\N	\N	\N	FL	\N	            	\N	\N	\N
2160	46	WIGASJN	\N	\N	\N	00:28:30	\N	\N	\N	\N	\N	            	\N	\N	\N
2161	46	WIGANNW	\N	\N	\N	00:29:00	\N	\N	5	\N	\N	            	\N	 H	1
2162	46	BALSHWL	\N	\N	\N	00:36:00	\N	\N	\N	SL	\N	            	1	\N	\N
2163	46	EUXTONJ	\N	\N	\N	00:40:00	\N	\N	\N	\N	\N	            	\N	\N	\N
2164	46	FRNGTNC	\N	\N	\N	00:44:00	\N	\N	\N	\N	\N	            	\N	\N	\N
2165	46	PRSTRJN	\N	\N	\N	00:46:00	\N	\N	\N	DFL	\N	            	\N	\N	 H
2166	46	PRST	\N	00:48:00	00:58:00	\N	\N	00:30:00	4	UFL	DFL	U K         	\N	\N	\N
2167	46	PRSTNFJ	\N	\N	\N	00:59:30	\N	\N	\N	\N	\N	            	\N	\N	\N
2168	46	BBGHGL	\N	\N	\N	01:03:30	\N	\N	\N	\N	\N	            	\N	\N	\N
2169	46	GSTANG	\N	\N	\N	01:07:00	\N	\N	\N	\N	\N	            	\N	\N	\N
2170	46	LANCSTR	\N	\N	\N	01:16:30	\N	\N	DFL	\N	\N	            	\N	\N	\N
2171	46	MORCMSJ	\N	\N	\N	01:18:00	\N	\N	\N	\N	\N	            	\N	\N	\N
2172	46	CRNFNJN	\N	\N	\N	01:21:00	\N	\N	\N	\N	\N	            	\N	\N	\N
2173	46	OXENHLM	\N	\N	\N	01:31:00	\N	\N	2	\N	\N	            	\N	\N	\N
2174	46	GRIGG	\N	\N	\N	01:36:30	\N	\N	\N	\N	\N	            	1	\N	\N
2175	46	TEBAY	\N	\N	\N	01:42:00	\N	\N	\N	\N	\N	            	\N	\N	\N
2176	46	SHAPSMT	\N	\N	\N	01:46:00	\N	\N	\N	\N	\N	            	\N	\N	\N
2177	46	SHAPHNS	\N	\N	\N	01:49:00	\N	\N	\N	\N	\N	            	\N	 H	\N
2178	46	PNTH	\N	\N	\N	01:58:00	\N	\N	2	\N	\N	            	2	\N	1
2179	46	CARLILE	\N	02:15:30	02:18:30	\N	\N	\N	3	DML	\N	S           	\N	\N	\N
2180	46	CARLCJN	\N	\N	\N	02:20:30	\N	\N	\N	\N	\N	            	\N	\N	\N
2181	46	KGMRJCN	\N	\N	\N	02:22:00	\N	\N	\N	\N	\N	            	\N	\N	\N
2182	46	FLORSTN	\N	\N	\N	02:25:00	\N	\N	\N	\N	\N	            	\N	\N	\N
2183	46	GRETNAJ	\N	\N	\N	02:27:00	\N	\N	\N	\N	\N	            	\N	\N	\N
2184	46	KRKP863	\N	\N	\N	02:30:00	\N	\N	\N	\N	\N	            	\N	\N	\N
2185	46	LCKRBIE	\N	\N	\N	02:39:30	\N	\N	1	\N	\N	            	\N	\N	\N
2186	46	BEATCK	\N	\N	\N	02:50:30	\N	\N	DM	\N	\N	            	\N	\N	1
2187	46	BEATCKS	\N	\N	\N	02:59:30	\N	\N	DM	\N	\N	            	\N	 H	\N
2188	46	ABINGTN	\N	\N	\N	03:06:00	\N	\N	DM	\N	\N	            	2	\N	\N
2189	46	CRSTRSS	\N	\N	\N	03:20:00	\N	\N	\N	\N	\N	            	\N	\N	\N
2190	46	CRSTRSE	\N	\N	\N	03:21:00	\N	\N	\N	\N	\N	            	\N	\N	\N
2191	46	ACHNGRY	\N	\N	\N	03:25:30	\N	\N	\N	\N	\N	            	\N	\N	\N
2192	46	COBB713	\N	\N	\N	03:28:00	\N	\N	\N	\N	\N	            	\N	\N	\N
2193	46	MDCLDRJ	\N	\N	\N	03:34:00	\N	\N	\N	\N	\N	            	1	\N	\N
2194	46	SLATEFD	\N	\N	\N	03:42:00	\N	\N	\N	\N	\N	            	\N	\N	\N
2195	46	HAYMRKT	\N	\N	\N	03:44:00	\N	\N	3	US	\N	            	\N	\N	\N
2196	46	PRNCSTG	\N	\N	\N	03:45:30	\N	\N	\N	X	\N	            	\N	\N	\N
2197	46	EDINBUR	\N	03:47:00	04:20:00	\N	\N	\N	7	X	X	L -D        	\N	\N	\N
2198	46	PRNCSTG	2	\N	\N	04:21:30	\N	\N	\N	DS	\N	            	\N	\N	\N
2199	46	HAYMRKT	2	\N	\N	04:23:00	\N	\N	4	DS	\N	            	\N	\N	\N
2200	46	HAYMRWJ	\N	\N	\N	04:24:30	\N	\N	\N	\N	DS	            	\N	\N	\N
2201	46	NWBG	\N	\N	\N	04:31:00	\N	\N	\N	\N	\N	            	\N	\N	\N
2202	46	WNCBROJ	\N	\N	\N	04:34:30	\N	\N	\N	\N	\N	            	\N	\N	\N
2203	46	LNLTHGW	\N	\N	\N	04:38:30	\N	\N	2	\N	\N	            	\N	\N	\N
2204	46	POLMONT	\N	\N	\N	04:44:00	\N	\N	2	\N	\N	            	\N	\N	\N
2205	46	GRNGMTJ	\N	\N	\N	04:47:00	\N	\N	\N	\N	\N	            	1	\N	\N
2206	46	CRMRSEJ	\N	\N	\N	04:50:30	\N	\N	\N	\N	\N	            	\N	\N	\N
2207	46	LARBERJ	\N	\N	\N	04:51:30	\N	\N	\N	\N	\N	            	\N	\N	\N
2208	46	STIRLNG	\N	04:58:30	05:00:00	\N	04:59:00	\N	2	\N	\N	D           	\N	\N	\N
2209	46	DUNANE	\N	05:08:00	05:09:30	\N	05:08:00	\N	2	\N	\N	D           	\N	\N	\N
2210	46	DUNA43	\N	\N	\N	05:13:00	\N	\N	\N	\N	\N	            	1	\N	\N
2211	46	GRNLNNG	\N	\N	\N	05:17:30	\N	\N	\N	\N	\N	            	\N	\N	\N
2212	46	BLFD	\N	\N	\N	05:21:30	\N	\N	\N	\N	\N	            	\N	\N	\N
2213	46	GLNEGLS	\N	05:23:30	05:25:00	\N	05:24:00	\N	2	\N	\N	D           	\N	\N	\N
2214	46	AUCHTDR	\N	\N	\N	05:27:30	\N	\N	\N	\N	\N	            	\N	\N	\N
2215	46	HILT19	\N	\N	\N	05:34:30	\N	\N	\N	\N	\N	            	1	\N	\N
2216	46	HILTONJ	\N	\N	\N	05:38:30	\N	\N	\N	\N	\N	            	\N	\N	\N
2217	46	PERTH	\N	05:42:00	05:43:30	\N	05:42:00	\N	7	\N	\N	D           	\N	\N	\N
2218	46	STNY	\N	\N	\N	05:53:00	\N	\N	\N	\N	\N	            	\N	\N	\N
2219	46	DUNKELD	\N	06:02:00	06:03:30	\N	06:02:00	\N	1	\N	\N	D           	\N	\N	\N
2220	46	PTLCHRY	\N	06:16:00	06:17:30	\N	06:16:00	\N	1	\N	\N	D           	\N	\N	\N
2221	46	BLARATH	\N	06:28:00	06:29:30	\N	06:28:00	\N	2	\N	\N	D           	\N	\N	\N
2222	46	DLNCRDH	\N	\N	\N	06:41:30	\N	\N	\N	\N	\N	            	\N	\N	\N
2223	46	DLNSPDL	\N	\N	\N	06:49:30	\N	\N	\N	\N	\N	            	1	\N	\N
2224	46	DALWHIN	\N	06:59:00	07:00:30	\N	06:59:00	\N	2	\N	\N	D           	\N	\N	\N
2225	46	NWTM	\N	07:10:30	07:12:00	\N	07:11:00	\N	1	\N	\N	D           	\N	\N	\N
2226	46	KGUSSIE	\N	07:16:00	07:17:30	\N	07:16:00	07:17:00	1	\N	\N	T           	\N	\N	\N
2227	46	KNCRAIG	\N	07:25:00	07:31:00	\N	\N	\N	\N	\N	\N	A X         	1	\N	\N
2228	46	AVIEMRE	\N	07:38:30	07:43:00	\N	07:39:00	07:43:00	1	\N	\N	T           	\N	\N	\N
2229	46	CARRBDG	\N	07:53:00	07:54:30	\N	07:53:00	07:54:00	1	\N	\N	T           	\N	\N	\N
2230	46	SLOCHD	\N	\N	\N	08:02:30	\N	\N	\N	\N	\N	            	\N	\N	\N
2231	46	TOMATIN	\N	08:08:00	08:16:00	\N	\N	\N	\N	\N	\N	X A         	\N	\N	\N
2232	46	MOYY	\N	\N	\N	08:20:30	\N	\N	\N	\N	\N	            	\N	\N	\N
2233	46	CULDNMR	\N	\N	\N	08:27:00	\N	\N	\N	\N	\N	            	1	\N	\N
2234	46	CRAHALL	\N	\N	\N	08:32:00	\N	\N	\N	DH	\N	            	\N	\N	\N
2235	46	MILBRNJ	\N	\N	\N	08:33:00	\N	\N	\N	\N	DH	            	\N	\N	\N
2236	46	IVRNESS	\N	08:35:00	\N	\N	08:45:00	\N	2	\N	\N	TF          	\N	\N	\N
2237	47	EDINBUR	\N	\N	04:28:00	\N	\N	04:28:00	7	W	\N	TBN         	\N	\N	\N
2238	47	PRNCSTG	\N	\N	\N	04:29:30	\N	\N	\N	DS	\N	            	\N	\N	\N
2239	47	HAYMRKT	\N	\N	\N	04:31:00	\N	\N	4	DS	\N	            	\N	\N	\N
2240	47	HAYMRWJ	\N	\N	\N	04:32:30	\N	\N	\N	\N	DS	            	\N	\N	\N
2241	47	NWBG	\N	\N	\N	04:39:00	\N	\N	\N	\N	\N	            	\N	\N	\N
2242	47	WNCBROJ	\N	\N	\N	04:42:30	\N	\N	\N	\N	\N	            	\N	\N	\N
2243	47	LNLTHGW	\N	\N	\N	04:47:00	\N	\N	2	\N	\N	            	\N	\N	\N
2244	47	POLMONT	\N	\N	\N	04:52:00	\N	\N	2	\N	\N	            	\N	\N	\N
2245	47	GRNGMTJ	\N	\N	\N	04:55:30	\N	\N	\N	\N	\N	            	1	\N	\N
2246	47	CRMRSEJ	\N	\N	\N	04:59:30	\N	\N	\N	\N	\N	            	\N	\N	\N
2247	47	LARBERJ	\N	\N	\N	05:00:30	\N	\N	\N	\N	\N	            	\N	\N	\N
2248	47	STIRLNG	\N	\N	\N	05:07:30	\N	\N	2	\N	\N	            	\N	4	\N
2249	47	DUNANE	\N	\N	\N	05:18:00	\N	\N	2	\N	\N	            	1	\N	\N
2250	47	DUNA43	\N	\N	\N	05:22:00	\N	\N	\N	\N	\N	            	\N	\N	\N
2251	47	GRNLNNG	\N	\N	\N	05:25:30	\N	\N	\N	\N	\N	            	\N	1	\N
2252	47	BLFD	\N	\N	\N	05:30:30	\N	\N	\N	\N	\N	            	\N	\N	\N
2253	47	AUCHTDR	\N	\N	\N	05:34:30	\N	\N	\N	\N	\N	            	\N	\N	\N
2254	47	HILT19	\N	\N	\N	05:41:30	\N	\N	\N	\N	\N	            	1	\N	\N
2255	47	HILTONJ	\N	\N	\N	05:45:30	\N	\N	\N	\N	\N	            	\N	\N	\N
2256	47	PERTH	\N	\N	\N	05:49:30	\N	\N	2	\N	\N	            	\N	\N	\N
2257	47	BHLP	\N	\N	\N	05:52:30	\N	\N	\N	\N	\N	            	\N	\N	\N
2258	47	ERROLLC	\N	\N	\N	06:01:00	\N	\N	\N	\N	\N	            	\N	\N	\N
2259	47	LFGNLC	\N	\N	\N	06:05:00	\N	\N	\N	\N	\N	            	\N	\N	\N
2260	47	DUND697	\N	\N	\N	06:06:00	\N	\N	\N	\N	\N	            	\N	\N	\N
2261	47	DUNDCJ	\N	\N	\N	06:09:00	\N	\N	\N	\N	\N	            	\N	\N	\N
2262	47	DUNDETB	\N	06:10:00	06:12:00	\N	06:11:00	\N	4	\N	\N	D           	\N	\N	\N
2263	47	CMPRDNJ	\N	\N	\N	06:14:30	\N	\N	\N	\N	\N	            	\N	\N	\N
2264	47	BRFRY	\N	\N	\N	06:19:00	\N	\N	2	\N	\N	            	\N	\N	\N
2265	47	CNST	\N	06:24:30	06:26:30	\N	06:26:00	\N	2	\N	\N	D           	\N	\N	\N
2266	47	ARBROTH	\N	06:32:00	06:34:00	\N	06:33:00	\N	2	\N	\N	D           	\N	\N	\N
2267	47	INVKLOR	\N	\N	\N	06:40:30	\N	\N	\N	\N	\N	            	\N	\N	\N
2268	47	USAN	\N	\N	\N	06:45:30	\N	\N	\N	\N	\N	            	\N	\N	\N
2269	47	MONTRSE	\N	06:48:30	06:50:30	\N	06:50:00	\N	2	\N	\N	D           	1	\N	\N
2270	47	CRAIGO	\N	\N	\N	06:56:30	\N	\N	\N	\N	\N	            	\N	\N	\N
2271	47	LRNCKRK	\N	\N	\N	07:01:30	\N	\N	\N	\N	\N	            	\N	\N	\N
2272	47	CAARMNT	\N	\N	\N	07:08:00	\N	\N	\N	\N	\N	            	\N	\N	\N
2273	47	SHVN	\N	07:13:30	07:15:30	\N	07:15:00	\N	2	\N	\N	D           	\N	\N	\N
2274	47	ABRD223	\N	\N	\N	07:21:30	\N	\N	\N	\N	\N	            	\N	\N	\N
2275	47	ABRD229	\N	\N	\N	07:25:00	\N	\N	\N	\N	\N	            	\N	\N	\N
2276	47	ABRD55	\N	\N	\N	07:28:30	\N	\N	\N	\N	\N	            	\N	\N	\N
2277	47	CRGISTH	\N	\N	\N	07:29:30	\N	\N	\N	\N	\N	            	1	\N	\N
2278	47	ABRDFJN	\N	\N	\N	07:32:00	\N	\N	\N	\N	\N	            	\N	\N	\N
2279	47	ABRDEEN	\N	07:34:00	\N	\N	07:50:00	\N	6S	\N	\N	TF          	\N	\N	\N
2280	48	EDINBUR	\N	\N	04:50:00	\N	\N	04:50:00	7	W	\N	TB          	\N	 H	\N
2281	48	PRNCSTG	\N	\N	\N	04:51:30	\N	\N	\N	DS	\N	            	\N	\N	\N
2282	48	HAYMRKT	\N	\N	\N	04:53:00	\N	\N	4	DS	\N	            	\N	\N	\N
2283	48	HAYMRWJ	\N	\N	\N	04:55:00	\N	\N	\N	\N	DS	            	\N	\N	\N
2284	48	NWBG	\N	\N	\N	05:01:00	\N	\N	\N	\N	\N	            	\N	\N	\N
2285	48	UPHALL	\N	\N	\N	05:06:00	\N	\N	\N	\N	\N	            	\N	\N	\N
2286	48	BTHGATE	\N	\N	\N	05:12:00	\N	\N	2	\N	\N	            	\N	\N	\N
2287	48	AIRDRIE	\N	\N	\N	05:26:00	\N	\N	2	\N	\N	            	\N	\N	\N
2288	48	COATBDS	\N	\N	\N	05:29:30	\N	\N	\N	\N	\N	            	\N	\N	\N
2289	48	SHTLSTN	\N	\N	\N	05:36:30	\N	\N	\N	\N	\N	            	\N	\N	\N
2290	48	BLGRVE	\N	\N	\N	05:41:30	\N	\N	1	\N	\N	            	\N	\N	\N
2291	48	GLGQLL	\N	05:47:00	05:48:30	\N	\N	05:48:00	8	\N	\N	U           	\N	\N	\N
2292	48	FNSTNEJ	\N	\N	\N	05:54:00	\N	\N	\N	\N	\N	            	\N	\N	\N
2293	48	HYNDLEJ	\N	\N	\N	05:57:00	\N	\N	\N	\N	\N	            	\N	\N	\N
2294	48	ANSL	\N	\N	\N	05:58:00	\N	\N	2	\N	\N	            	\N	\N	\N
2295	48	WESTRTN	\N	\N	\N	06:00:30	\N	\N	2	\N	\N	            	\N	\N	\N
2296	48	DALMUIR	\N	06:04:30	06:06:00	\N	06:05:00	06:06:00	1	\N	\N	T           	\N	\N	\N
2297	48	DMBRTNC	\N	06:15:30	06:17:00	\N	06:16:00	06:17:00	2	\N	\N	T           	\N	\N	\N
2298	48	DLREOCH	\N	\N	\N	06:18:30	\N	\N	\N	\N	\N	            	\N	\N	\N
2299	48	CRGDRNJ	\N	\N	\N	06:26:30	\N	\N	\N	\N	\N	            	\N	\N	\N
2300	48	HLNSBRU	\N	06:30:30	06:33:30	\N	06:31:00	06:33:00	1	\N	\N	T           	\N	\N	\N
2301	48	GRLCHHD	\N	06:45:30	06:47:00	\N	06:46:00	06:47:00	2	\N	\N	T           	\N	\N	\N
2302	48	GLDL	\N	\N	\N	07:00:00	\N	\N	\N	\N	\N	            	\N	\N	\N
2303	48	ARCHRAT	\N	07:08:00	07:09:30	\N	07:08:00	07:09:00	2	\N	\N	T X         	\N	\N	\N
2304	48	ARDLUI	\N	07:23:30	07:25:00	\N	07:24:00	07:25:00	2	\N	\N	R           	\N	\N	\N
2305	48	CRNLRCH	\N	07:45:00	07:48:00	\N	07:45:00	07:48:00	2	\N	\N	T           	\N	\N	\N
2306	48	TYNDRMU	\N	07:59:00	08:02:00	\N	07:59:00	08:02:00	2	\N	\N	T           	\N	\N	\N
2307	48	BOORCHY	\N	08:16:30	08:18:30	\N	08:17:00	08:18:00	2	\N	\N	T           	\N	\N	\N
2308	48	RANNOCH	\N	08:43:30	08:45:00	\N	08:44:00	08:45:00	1	\N	\N	T X         	\N	\N	\N
2309	48	CORROUR	\N	08:58:00	09:00:00	\N	08:58:00	09:00:00	1	\N	\N	T           	\N	\N	\N
2310	48	TULLOCH	\N	09:19:00	09:21:00	\N	09:19:00	09:21:00	2	\N	\N	T X         	\N	\N	\N
2311	48	ROYBDGE	\N	09:31:30	09:31:30	\N	09:31:00	09:31:00	1	\N	\N	R           	\N	\N	\N
2312	48	SPEANBD	\N	09:38:00	09:39:30	\N	09:38:00	09:39:00	1	\N	\N	T           	\N	\N	\N
2313	48	FRTWJN	\N	\N	\N	09:51:30	\N	\N	\N	\N	\N	            	\N	\N	\N
2314	48	FRTWLM	\N	09:55:00	\N	\N	10:00:00	\N	1	\N	\N	TF          	\N	\N	\N
2315	49	HTRWTM5	\N	\N	23:12:00	\N	\N	23:12:00	4	\N	\N	TB          	\N	\N	\N
2316	49	HTRWAPT	\N	23:15:30	23:19:00	\N	23:16:00	23:19:00	2	\N	\N	T           	\N	\N	\N
2317	49	HTRWTJN	\N	\N	\N	23:22:00	\N	\N	\N	\N	\N	            	\N	\N	\N
2318	49	STKYJN	\N	\N	\N	23:22:30	\N	\N	\N	ML	\N	            	\N	\N	\N
2319	49	HTRWAJN	\N	\N	\N	23:23:00	\N	\N	\N	ML	\N	            	\N	 H	\N
2320	49	STHALL	\N	\N	\N	23:24:30	\N	\N	2	ML	\N	            	\N	1H	\N
2321	49	ACTONW	\N	\N	\N	23:28:00	\N	\N	\N	ML	ML	            	1	1H	\N
2322	49	LDBRKJ	\N	\N	\N	23:33:00	\N	\N	\N	3	ML	            	\N	\N	\N
2323	49	PRTOBJP	\N	\N	\N	23:34:00	\N	\N	\N	3	\N	            	\N	\N	\N
2324	49	ROYAOJN	\N	\N	\N	23:35:00	\N	\N	\N	3	\N	            	\N	\N	\N
2325	49	PADTON	\N	23:36:00	\N	\N	23:36:00	\N	5	\N	\N	TF          	\N	\N	\N
2326	50	PENZNCE	\N	\N	21:15:00	\N	\N	21:15:00	4	\N	\N	TB          	\N	\N	\N
2327	50	LNGROCK	\N	\N	\N	21:19:00	\N	\N	\N	\N	\N	X           	\N	\N	\N
2328	50	STERTH	\N	21:23:00	21:25:00	\N	\N	21:25:00	2	\N	\N	U           	\N	\N	\N
2329	50	CBORSR6	\N	\N	\N	21:32:00	\N	\N	\N	\N	\N	            	\N	\N	\N
2330	50	CBORNE	\N	21:35:00	21:37:00	\N	\N	21:37:00	2	\N	\N	U           	\N	\N	\N
2331	50	CBORR10	\N	\N	\N	21:41:30	\N	\N	\N	\N	\N	            	\N	\N	1
2332	50	REDRUTH	\N	21:43:30	21:46:30	\N	\N	21:46:00	2	\N	\N	U           	\N	\N	\N
2333	50	REDRR14	\N	\N	\N	21:52:00	\N	\N	\N	\N	\N	            	\N	\N	\N
2334	50	PNWTHRJ	\N	\N	\N	21:56:00	\N	\N	\N	\N	\N	            	\N	\N	\N
2335	50	TRURO	\N	21:57:30	22:00:30	\N	\N	22:00:00	3	\N	\N	U           	\N	\N	\N
2336	50	PROBUS	\N	\N	\N	22:06:30	\N	\N	\N	\N	\N	            	\N	\N	\N
2337	50	BGLWJN	\N	\N	\N	22:13:30	\N	\N	\N	\N	\N	            	\N	\N	\N
2338	50	STAUSTL	\N	22:16:00	22:19:00	\N	\N	22:19:00	2	\N	\N	U           	\N	\N	\N
2339	50	PARR	\N	\N	\N	22:24:00	\N	\N	2	\N	\N	            	\N	\N	\N
2340	50	LSTWTHL	\N	\N	\N	22:29:00	\N	\N	1	\N	\N	            	\N	\N	\N
2341	50	BODMNPW	\N	22:33:00	22:35:00	\N	\N	22:35:00	2	\N	\N	U           	\N	\N	\N
2342	50	LRGN	\N	\N	\N	22:41:00	\N	\N	\N	\N	\N	            	\N	\N	\N
2343	50	STPNCVE	\N	\N	\N	22:42:30	\N	\N	\N	\N	\N	            	\N	\N	\N
2344	50	LISKARD	\N	22:48:00	22:50:00	\N	\N	22:50:00	2	\N	\N	U           	\N	\N	\N
2345	50	MENH259	\N	\N	\N	22:56:00	\N	\N	\N	\N	\N	            	\N	\N	\N
2346	50	STGRMNS	\N	\N	\N	22:59:30	\N	\N	2	\N	\N	            	\N	\N	\N
2347	50	SASH	\N	\N	\N	23:05:00	\N	\N	2	\N	\N	            	\N	\N	\N
2348	50	STBDXJN	\N	\N	\N	23:09:00	\N	\N	\N	\N	\N	            	1	\N	\N
2349	50	PLYMTH	\N	23:15:00	23:20:00	\N	\N	23:20:00	4	\N	\N	U           	\N	\N	\N
2350	50	LIPSONJ	\N	\N	\N	23:23:00	\N	\N	\N	\N	\N	            	\N	\N	\N
2351	50	TVSTCKJ	\N	\N	\N	23:24:30	\N	\N	\N	\N	\N	            	\N	\N	\N
2352	50	HEMERDN	\N	\N	\N	23:28:30	\N	\N	\N	\N	\N	            	\N	\N	\N
2353	50	IVYBDGE	\N	\N	\N	23:33:30	\N	\N	2	\N	\N	            	\N	\N	\N
2354	50	AISHXO	\N	\N	\N	23:38:00	\N	\N	\N	\N	\N	            	\N	\N	\N
2355	50	RTRY	\N	\N	\N	23:41:00	\N	\N	\N	\N	\N	            	\N	\N	\N
2356	50	TOTNES	\N	23:46:00	23:48:00	\N	23:46:00	23:48:00	2	\N	\N	T           	\N	\N	\N
2357	50	DAINTNT	\N	\N	\N	23:55:00	\N	\N	\N	\N	\N	            	\N	\N	\N
2358	50	NABTWJ	\N	\N	\N	23:58:30	\N	\N	\N	\N	\N	            	\N	\N	\N
2359	50	NABT	\N	23:59:30	00:01:30	\N	23:59:00	00:01:00	3	\N	\N	T           	\N	\N	\N
2360	50	TEINMTH	\N	\N	\N	00:07:30	\N	\N	2	\N	\N	            	\N	\N	\N
2361	50	DAWLISH	\N	\N	\N	00:10:30	\N	\N	2	\N	\N	            	\N	\N	\N
2362	50	DAWLSHW	\N	\N	\N	00:12:00	\N	\N	\N	\N	\N	            	1	\N	\N
2363	50	EXETRSD	\N	00:23:00	01:07:00	\N	00:23:00	01:07:00	3	\N	\N	T           	\N	\N	\N
2364	50	CWLYBDG	\N	\N	\N	01:10:00	\N	\N	\N	\N	\N	            	\N	\N	\N
2365	50	TIVILP	\N	\N	\N	01:21:00	\N	\N	\N	\N	\N	            	\N	\N	\N
2366	50	TIVIPW	\N	\N	\N	01:22:30	\N	\N	2	\N	\N	            	\N	\N	\N
2367	50	TIVITNL	\N	\N	\N	01:25:30	\N	\N	\N	\N	\N	            	1	\N	\N
2368	50	NTNFTZN	\N	\N	\N	01:34:00	\N	\N	\N	\N	\N	            	\N	\N	\N
2369	50	TAUNTON	\N	\N	\N	01:35:30	\N	\N	4	\N	\N	            	\N	\N	\N
2370	50	COGLOAD	\N	\N	\N	01:39:30	\N	\N	\N	\N	\N	            	\N	\N	\N
2371	50	BRDGWTR	\N	\N	\N	01:45:00	\N	\N	\N	\N	\N	            	\N	\N	\N
2372	50	UPHILLJ	\N	\N	\N	01:55:00	\N	\N	\N	\N	\N	            	\N	\N	\N
2373	50	WORLEJ	\N	\N	\N	01:57:30	\N	\N	\N	\N	\N	            	\N	\N	\N
2374	50	PARSNST	\N	\N	\N	02:09:30	\N	\N	2	ML	\N	            	1	\N	\N
2375	50	BRSTLWJ	\N	\N	\N	02:13:30	\N	\N	\N	UM	\N	            	\N	\N	\N
2376	50	BRSTLTM	\N	\N	\N	02:15:30	\N	\N	7	UF	\N	            	\N	\N	\N
2377	50	BRSTLEJ	\N	\N	\N	02:16:30	\N	\N	\N	UM	\N	            	\N	\N	\N
2378	50	NSMRSTJ	\N	\N	\N	02:17:30	\N	\N	\N	\N	\N	            	\N	\N	\N
2379	50	BATHSPA	\N	\N	\N	02:27:00	\N	\N	2	\N	\N	            	\N	\N	\N
2380	50	BTHMPTJ	\N	\N	\N	02:30:00	\N	\N	\N	\N	\N	            	\N	\N	\N
2381	50	THNGLEJ	\N	\N	\N	02:37:30	\N	\N	\N	\N	\N	            	\N	\N	\N
2382	50	CHIPNHM	\N	\N	\N	02:38:00	\N	\N	2	\N	\N	            	\N	1H	\N
2383	50	WTNBSTJ	\N	\N	\N	02:48:30	\N	\N	\N	\N	\N	            	1	\N	\N
2384	50	SDON	\N	02:55:30	03:22:30	\N	\N	\N	1	\N	\N	S           	\N	\N	\N
2385	50	UFNGTN	\N	\N	\N	03:32:30	\N	\N	\N	\N	\N	            	\N	\N	\N
2386	50	CHALLOW	\N	\N	\N	03:34:30	\N	\N	\N	\N	\N	            	\N	\N	\N
2387	50	WANTRD	\N	\N	\N	03:37:30	\N	\N	\N	\N	\N	            	\N	2	\N
2388	50	FOXHALJ	\N	\N	\N	03:45:30	\N	\N	\N	RL	\N	            	1	\N	\N
2389	50	DIDCOTP	\N	\N	\N	03:47:30	\N	\N	4	RL	\N	            	\N	\N	\N
2390	50	DIDCTEJ	\N	\N	\N	03:48:00	\N	\N	\N	ML	\N	            	\N	1	\N
2391	50	GORASTR	\N	\N	\N	03:54:00	\N	\N	\N	ML	\N	            	\N	\N	\N
2392	50	RDNGHLJ	\N	\N	\N	04:02:00	\N	\N	\N	ML	\N	            	1	\N	\N
2393	50	RDNGSTN	\N	04:05:00	04:18:00	\N	04:05:00	\N	10	DML	\N	D -U        	\N	\N	\N
2394	50	RDNGKBJ	\N	\N	\N	04:20:00	\N	\N	\N	ML	\N	            	\N	 H	\N
2395	50	TWYFORD	\N	\N	\N	04:24:30	\N	\N	2	ML	\N	            	\N	1	\N
2396	50	MDNHEAD	\N	\N	\N	04:31:00	\N	\N	2	ML	\N	            	\N	1H	\N
2397	50	SLOUGH	\N	\N	\N	04:37:00	\N	\N	3	ML	\N	            	\N	\N	\N
2398	50	STKYJN	\N	\N	\N	04:42:30	\N	\N	\N	ML	ML	            	\N	 H	\N
2399	50	HTRWAJN	\N	\N	\N	04:43:30	\N	\N	\N	ML	\N	            	2	\N	\N
2400	50	STHALL	\N	\N	\N	04:47:00	\N	\N	2	ML	\N	            	\N	1	\N
2401	50	ACTONW	\N	\N	\N	04:51:30	\N	\N	\N	ML	ML	            	1	4	\N
2402	50	LDBRKJ	\N	\N	\N	05:00:00	\N	\N	\N	3	ML	            	\N	\N	\N
2403	50	PRTOBJP	\N	\N	\N	05:01:30	\N	\N	\N	3	\N	            	\N	\N	\N
2404	50	ROYAOJN	\N	\N	\N	05:02:30	\N	\N	\N	2	\N	            	\N	\N	\N
2405	50	PADTON	\N	05:04:00	\N	\N	05:04:00	\N	1	\N	\N	TF          	\N	\N	\N
2406	51	FRTWLM	\N	\N	19:50:00	\N	\N	19:50:00	2	\N	\N	TB          	\N	\N	\N
2407	51	FRTWJN	\N	\N	\N	19:53:00	\N	\N	\N	\N	\N	            	\N	\N	\N
2408	51	SPEANBD	\N	20:07:00	20:10:00	\N	20:07:00	20:09:00	2	\N	\N	T X         	\N	\N	\N
2409	51	ROYBDGE	\N	20:17:00	20:17:00	\N	20:17:00	20:17:00	1	\N	\N	R           	\N	\N	\N
2410	51	TULLOCH	\N	20:28:00	20:30:00	\N	20:28:00	20:29:00	1	\N	\N	T           	\N	\N	\N
2411	51	CORROUR	\N	20:51:00	20:53:00	\N	20:51:00	20:52:00	1	\N	\N	T           	\N	1	\N
2412	51	RANNOCH	\N	21:06:00	21:09:00	\N	21:06:00	21:08:00	2	\N	\N	T X         	\N	\N	\N
2413	51	BOORCHY	\N	21:35:00	21:37:00	\N	21:35:00	21:36:00	1	\N	\N	T           	\N	\N	\N
2414	51	TYNDRMU	\N	21:52:00	21:55:00	\N	21:52:00	21:54:00	1	\N	\N	T           	\N	\N	\N
2415	51	CRNLRCH	\N	22:07:00	22:09:00	\N	22:07:00	22:08:00	1	\N	\N	T           	\N	\N	\N
2416	51	ARDLUI	\N	22:27:30	22:29:00	\N	22:28:00	22:28:00	1	\N	\N	R           	\N	\N	\N
2417	51	ARCHRAT	\N	22:44:00	22:45:30	\N	22:44:00	22:44:00	1	\N	\N	T           	\N	\N	\N
2418	51	GLDL	\N	\N	\N	22:55:30	\N	\N	\N	\N	\N	            	\N	\N	\N
2419	51	GRLCHHD	\N	23:09:30	23:11:00	\N	23:10:00	23:10:00	1	\N	\N	T           	\N	\N	\N
2420	51	HLNSBRU	\N	23:23:00	23:24:30	\N	23:23:00	23:23:00	1	\N	\N	T           	\N	\N	\N
2421	51	CRGDRNJ	\N	\N	\N	23:28:30	\N	\N	\N	\N	\N	            	\N	\N	\N
2422	51	DLREOCH	\N	\N	\N	23:36:30	\N	\N	\N	\N	\N	            	\N	\N	\N
2423	51	DMBRTNC	\N	23:38:00	23:39:30	\N	23:38:00	23:38:00	1	\N	\N	T           	\N	\N	\N
2424	51	DALMUIR	\N	23:50:00	23:53:30	\N	23:50:00	23:51:00	2	\N	\N	T           	\N	\N	\N
2425	51	WESTRTN	\N	\N	\N	23:59:30	\N	\N	2	\N	\N	            	\N	\N	\N
2426	51	MRYHILL	\N	\N	\N	00:02:00	\N	\N	\N	\N	\N	            	\N	\N	\N
2427	51	CWLRSNJ	\N	\N	\N	00:05:30	\N	\N	\N	\N	\N	            	\N	\N	\N
2428	51	CWLRSEJ	\N	\N	\N	00:07:00	\N	\N	\N	UEG	\N	            	\N	\N	\N
2429	51	BSHB	\N	\N	\N	00:09:30	\N	\N	\N	\N	\N	            	\N	\N	\N
2430	51	LENZIE	\N	\N	\N	00:13:00	\N	\N	\N	\N	\N	            	\N	\N	\N
2431	51	CROY	\N	\N	\N	00:17:00	\N	\N	1	\N	\N	            	\N	\N	\N
2432	51	GNHLUJN	\N	\N	\N	00:21:00	\N	\N	\N	\N	\N	            	\N	\N	\N
2433	51	FALKRKH	\N	\N	\N	00:24:00	\N	\N	1	\N	\N	            	\N	\N	\N
2434	51	POLMONT	\N	\N	\N	00:26:00	\N	\N	1	\N	\N	            	\N	\N	\N
2435	51	LNLTHGW	\N	\N	\N	00:29:30	\N	\N	1	\N	\N	            	\N	 H	\N
2436	51	WNCBROJ	\N	\N	\N	00:34:00	\N	\N	\N	\N	\N	            	\N	 H	\N
2437	51	NWBG	\N	\N	\N	00:37:30	\N	\N	\N	\N	\N	            	2	1	\N
2438	51	HAYMRWJ	\N	\N	\N	00:45:00	\N	\N	\N	US	\N	            	\N	2	\N
2439	51	HAYMRKT	\N	\N	\N	00:48:00	\N	\N	3	US	\N	            	\N	1	\N
2440	51	PRNCSTG	\N	\N	\N	00:50:30	\N	\N	\N	Z	\N	            	\N	\N	\N
2441	51	EDINBUR	\N	\N	\N	00:52:00	\N	\N	1	NL	Z	            	\N	\N	\N
2442	51	EDIN813	\N	00:53:30	00:55:30	\N	\N	\N	\N	\N	\N	PRRM        	\N	\N	\N
2443	51	EDINBUR	2	00:58:00	\N	\N	01:08:00	\N	2	\N	NL	TFPR        	\N	\N	\N
2444	52	ABRDEEN	\N	\N	20:26:00	\N	\N	20:26:00	3	\N	\N	TB          	\N	\N	\N
2445	52	ABRDFJN	\N	\N	\N	20:27:00	\N	\N	\N	\N	\N	            	\N	\N	\N
2446	52	CRGISTH	\N	\N	\N	20:28:30	\N	\N	\N	\N	\N	            	\N	\N	\N
2447	52	ABRD56	\N	\N	\N	20:29:00	\N	\N	\N	\N	\N	            	\N	\N	\N
2448	52	ABRD230	\N	\N	\N	20:31:30	\N	\N	\N	\N	\N	            	\N	\N	\N
2449	52	ABRD222	\N	\N	\N	20:37:00	\N	\N	\N	\N	\N	            	\N	\N	\N
2450	52	SHVN	\N	20:43:00	20:45:00	\N	\N	20:43:00	1	\N	\N	U           	\N	\N	\N
2451	52	CAARMNT	\N	\N	\N	20:52:00	\N	\N	\N	\N	\N	            	\N	\N	\N
2452	52	LRNCKRK	\N	\N	\N	20:58:30	\N	\N	\N	\N	\N	            	\N	\N	\N
2453	52	CRAIGO	\N	\N	\N	21:03:00	\N	\N	\N	\N	\N	            	\N	\N	\N
2454	52	MONTRSE	\N	21:07:00	21:08:30	\N	\N	21:06:00	1	\N	\N	U           	\N	\N	\N
2455	52	USAN	\N	\N	\N	21:12:30	\N	\N	\N	\N	\N	            	\N	\N	\N
2456	52	INVKLOR	\N	\N	\N	21:17:30	\N	\N	\N	\N	\N	            	\N	\N	\N
2457	52	ARBROTH	\N	21:23:30	21:25:00	\N	\N	21:23:00	1	\N	\N	U           	\N	\N	\N
2458	52	CNST	\N	21:31:30	21:33:00	\N	\N	21:31:00	1	\N	\N	U           	\N	\N	\N
2459	52	BRFRY	\N	\N	\N	21:40:00	\N	\N	1	\N	\N	            	1	\N	\N
2460	52	CMPRDNJ	\N	\N	\N	21:43:30	\N	\N	\N	\N	\N	            	\N	\N	\N
2461	52	DUNDETB	\N	21:46:00	21:56:00	\N	\N	21:54:00	1	\N	\N	U           	\N	\N	\N
2462	52	DUNDCJ	\N	\N	\N	21:57:00	\N	\N	\N	\N	\N	            	\N	\N	\N
2463	52	TAYBDGS	\N	\N	\N	22:06:00	\N	\N	\N	\N	\N	            	\N	\N	\N
2464	52	SFORT26	\N	\N	\N	22:08:30	\N	\N	\N	\N	\N	            	\N	\N	\N
2465	52	LEUCHRS	\N	22:12:00	22:14:30	\N	\N	22:12:00	1	\N	\N	U           	\N	\N	\N
2466	52	CUPAR	\N	\N	\N	22:22:00	\N	\N	1	\N	\N	            	\N	\N	\N
2467	52	LADYBNK	\N	\N	\N	22:27:00	\N	\N	1	\N	\N	            	1	\N	\N
2468	52	THRNTNJ	\N	\N	\N	22:36:00	\N	\N	\N	\N	\N	            	\N	1	\N
2469	52	THRNUPL	\N	22:38:00	22:47:00	\N	\N	\N	\N	\N	\N	A           	\N	\N	\N
2470	52	THRNTSJ	\N	\N	\N	22:48:00	\N	\N	\N	\N	\N	            	\N	\N	\N
2471	52	KCLD	\N	22:52:30	22:54:00	\N	\N	22:52:00	1	\N	\N	U           	\N	\N	\N
2472	52	BISLND	\N	\N	\N	23:01:30	\N	\N	1	\N	\N	            	\N	\N	\N
2473	52	IVRKTHG	\N	23:09:30	23:11:00	\N	\N	23:09:00	1	\N	\N	U           	\N	\N	\N
2474	52	DLMYJN	\N	\N	\N	23:17:30	\N	\N	\N	\N	\N	            	1	3	\N
2475	52	HAYMRWJ	\N	\N	\N	23:27:00	\N	\N	\N	UN	\N	            	\N	 H	\N
2476	52	HAYMRKT	\N	\N	\N	23:28:30	\N	\N	1	UN	\N	            	\N	1	\N
2477	52	PRNCSTG	\N	\N	\N	23:31:00	\N	\N	\N	Z	\N	            	\N	\N	\N
2478	52	EDINBUR	\N	23:33:00	\N	\N	23:33:00	\N	2	\N	Z	TFN         	\N	\N	\N
2479	53	EDINBUR	\N	\N	23:42:00	\N	\N	23:40:00	11	W	\N	TB          	\N	 H	\N
2480	53	PRNCSTG	\N	\N	\N	23:44:00	\N	\N	\N	DS	\N	            	\N	1	\N
2481	53	HAYMRKT	\N	\N	\N	23:46:30	\N	\N	4	\N	\N	            	\N	\N	\N
2482	53	SLATEFD	\N	\N	\N	23:49:00	\N	\N	\N	\N	\N	            	\N	\N	\N
2483	53	MDCLDRJ	\N	\N	\N	23:56:00	\N	\N	\N	\N	\N	            	\N	\N	\N
2484	53	COBB712	\N	\N	\N	00:02:00	\N	\N	\N	\N	\N	            	\N	\N	\N
2485	53	ACHNGRY	\N	\N	\N	00:04:30	\N	\N	\N	\N	\N	            	\N	\N	\N
2486	53	CRSTRSE	\N	\N	\N	00:09:00	\N	\N	\N	\N	\N	            	\N	\N	\N
2487	53	CRSTUPL	\N	00:11:30	00:19:30	\N	\N	\N	\N	\N	\N	A PRRM      	\N	\N	\N
2488	53	CRSTRS	\N	00:21:00	\N	\N	00:21:00	\N	2	\N	\N	TFN PR      	\N	\N	\N
2489	54	GLGC	\N	\N	23:40:00	\N	\N	23:40:00	1	A1	\N	TB          	\N	\N	\N
2490	54	GLGCBSJ	\N	\N	\N	23:42:00	\N	\N	\N	1U	\N	            	\N	\N	\N
2491	54	EGLNSTJ	\N	\N	\N	23:43:00	\N	\N	\N	UF	\N	            	\N	\N	\N
2492	54	LRKFLDJ	\N	\N	\N	23:44:30	\N	\N	\N	FL	\N	            	\N	\N	\N
2493	54	SHFD	\N	\N	\N	23:45:30	\N	\N	\N	\N	\N	            	\N	\N	\N
2494	54	RTHGNEJ	\N	\N	\N	23:46:30	\N	\N	\N	\N	\N	            	\N	\N	\N
2495	54	NWTLWJ	\N	\N	\N	23:48:00	\N	\N	\N	\N	\N	            	\N	\N	\N
2496	54	NWTLEJ	\N	\N	\N	23:49:00	\N	\N	\N	\N	\N	            	\N	\N	\N
2497	54	UDNGTNJ	\N	\N	\N	23:50:00	\N	\N	\N	\N	\N	            	\N	\N	\N
2498	54	MOTHRWL	\N	23:54:00	23:58:00	\N	\N	23:55:00	1	\N	\N	U           	\N	\N	\N
2499	54	SHILDMR	\N	\N	\N	00:01:00	\N	\N	2	\N	\N	            	\N	2H	\N
2500	54	LAWJ	\N	\N	\N	00:06:30	\N	\N	\N	\N	\N	            	\N	\N	\N
2501	54	LANARKJ	\N	\N	\N	00:12:30	\N	\N	\N	\N	\N	            	1	 H	\N
2502	54	CRSTRSN	\N	\N	\N	00:16:30	\N	\N	\N	PL	\N	            	\N	\N	\N
2503	54	CRSTRS	\N	00:18:00	00:40:00	\N	\N	00:25:00	2	\N	\N	U -U        	\N	\N	\N
2504	54	CRSTRSS	\N	\N	\N	00:41:30	\N	\N	\N	\N	\N	            	\N	\N	\N
2505	54	ABINGTN	\N	\N	\N	00:54:30	\N	\N	UM	\N	\N	            	\N	\N	1
2506	54	BEATCKS	\N	\N	\N	01:01:30	\N	\N	UM	\N	\N	            	\N	\N	\N
2507	54	BEATCK	\N	\N	\N	01:09:00	\N	\N	UM	\N	\N	            	\N	\N	\N
2508	54	LCKRBIE	\N	\N	\N	01:19:30	\N	\N	2	\N	\N	            	2	\N	\N
2509	54	KRKP862	\N	\N	\N	01:31:30	\N	\N	\N	\N	\N	            	\N	\N	\N
2510	54	GRETNAJ	\N	\N	\N	01:34:30	\N	\N	\N	\N	\N	            	\N	1	\N
2511	54	KGMRJCN	\N	\N	\N	01:40:00	\N	\N	\N	\N	\N	            	\N	\N	\N
2512	54	CARLCJN	\N	\N	\N	01:41:00	\N	\N	\N	UML	\N	            	\N	\N	\N
2513	54	CARLILE	\N	01:43:00	01:45:00	\N	\N	01:45:00	4	\N	\N	U           	\N	\N	\N
2514	54	PNTH	\N	\N	\N	02:00:30	\N	\N	1	\N	\N	            	\N	\N	\N
2515	54	EDENVGL	\N	\N	\N	02:03:30	\N	\N	\N	\N	\N	            	\N	\N	\N
2516	54	SHAPSMT	\N	\N	\N	02:11:00	\N	\N	\N	\N	\N	            	\N	\N	1
2517	54	TEBAY	\N	\N	\N	02:16:00	\N	\N	\N	\N	\N	            	\N	\N	\N
2518	54	GRIGG	\N	\N	\N	02:22:30	\N	\N	\N	\N	\N	            	\N	\N	\N
2519	54	OXENHLM	\N	\N	\N	02:28:00	\N	\N	1	\N	\N	            	1	\N	\N
2520	54	CRNFNJN	\N	\N	\N	02:38:30	\N	\N	\N	\N	\N	            	\N	\N	\N
2521	54	MORCMSJ	\N	\N	\N	02:42:00	\N	\N	\N	\N	\N	            	\N	\N	1
2522	54	LANCSTR	\N	\N	\N	02:44:30	\N	\N	UFL	\N	\N	            	\N	\N	\N
2523	54	GSTANG	\N	\N	\N	02:53:30	\N	\N	\N	\N	\N	            	2	\N	\N
2524	54	PRSTNFJ	\N	\N	\N	03:04:30	\N	\N	\N	DFL	\N	            	\N	\N	\N
2525	54	PRST	\N	03:06:00	03:08:00	\N	\N	\N	3	DFL	DFL	C A         	\N	\N	\N
2526	54	PRSTRJN	\N	\N	\N	03:09:30	\N	\N	\N	FL	\N	            	\N	\N	\N
2527	54	EUXTONJ	\N	\N	\N	03:13:30	\N	\N	\N	\N	\N	            	\N	\N	\N
2528	54	BALSHWL	\N	\N	\N	03:15:00	\N	\N	\N	\N	\N	            	\N	\N	\N
2529	54	WIGANNW	\N	\N	\N	03:20:30	\N	\N	4	\N	\N	            	\N	\N	\N
2530	54	WIGASJN	\N	\N	\N	03:21:00	\N	\N	\N	\N	\N	            	\N	\N	\N
2531	54	SPRBJN	\N	\N	\N	03:22:00	\N	\N	\N	\N	\N	            	\N	\N	\N
2532	54	GOLBRNJ	\N	\N	\N	03:25:30	\N	\N	\N	\N	\N	            	\N	\N	\N
2533	54	WINWCKJ	\N	\N	\N	03:29:00	\N	\N	\N	\N	\N	            	\N	\N	\N
2534	54	DALAMBR	\N	\N	\N	03:31:30	\N	\N	\N	\N	\N	            	\N	\N	\N
2535	54	WRGTNBQ	\N	\N	\N	03:33:00	\N	\N	2	OL	\N	            	\N	\N	\N
2536	54	WRGTWOJ	\N	\N	\N	03:35:30	\N	\N	\N	\N	\N	            	\N	\N	\N
2537	54	ACGJN	\N	\N	\N	03:38:00	\N	\N	\N	FL	\N	            	1	\N	\N
2538	54	WEAVERJ	\N	\N	\N	03:45:00	\N	\N	\N	\N	\N	            	\N	\N	\N
2539	54	ACBG	\N	\N	\N	03:47:00	\N	\N	\N	\N	\N	            	\N	\N	\N
2540	54	HARTFDJ	\N	\N	\N	03:48:00	\N	\N	\N	\N	\N	            	\N	3	\N
2541	54	WNSFD	\N	\N	\N	03:55:00	\N	\N	\N	SL	\N	            	1	2H	\N
2542	54	CREWECY	\N	\N	\N	04:04:00	\N	\N	\N	\N	\N	            	\N	\N	\N
2543	54	CREWE	\N	\N	\N	04:07:00	\N	\N	UFL	\N	\N	            	\N	\N	\N
2544	54	CREWBHJ	\N	\N	\N	04:09:00	\N	\N	\N	\N	\N	            	2	\N	\N
2545	54	MADELEY	\N	\N	\N	04:16:00	\N	\N	\N	SL	SL	            	3	\N	\N
2546	54	LBRDFJN	\N	\N	\N	04:28:00	\N	\N	\N	\N	\N	            	\N	\N	\N
2547	54	STAFFRD	\N	\N	\N	04:31:00	\N	\N	4	SL	SL	            	\N	\N	\N
2548	54	STAFTVJ	\N	\N	\N	04:31:30	\N	\N	\N	\N	\N	            	\N	\N	\N
2549	54	PNKRDG	\N	\N	\N	04:35:30	\N	\N	\N	\N	\N	            	\N	\N	\N
2550	54	BSBYJN	\N	\N	\N	04:43:00	\N	\N	\N	\N	\N	            	\N	\N	\N
2551	54	PBLJWM	\N	\N	\N	04:46:00	\N	\N	\N	\N	\N	            	\N	1	\N
2552	54	DRLSTNJ	\N	\N	\N	04:49:30	\N	\N	\N	\N	\N	            	\N	\N	\N
2553	54	BSCTSTA	\N	\N	\N	04:50:30	\N	\N	\N	\N	\N	            	\N	4H	\N
2554	54	PRYBRNJ	\N	\N	\N	04:58:30	\N	\N	\N	\N	\N	            	\N	\N	\N
2555	54	ASTON	\N	\N	\N	05:00:30	\N	\N	2	\N	\N	            	\N	\N	\N
2556	54	STECHFD	\N	\N	\N	05:05:30	\N	\N	\N	\N	\N	            	\N	\N	\N
2557	54	BHAMINT	\N	\N	\N	05:09:30	\N	\N	4	\N	\N	            	\N	\N	\N
2558	54	BKSWELL	\N	\N	\N	05:13:30	\N	\N	\N	\N	\N	            	\N	\N	\N
2559	54	COVNTRY	\N	\N	\N	05:17:30	\N	\N	2	\N	\N	            	\N	1H	\N
2560	54	RUGBTVJ	\N	\N	\N	05:27:00	\N	\N	\N	FL	\N	            	\N	\N	\N
2561	54	RUGBY	\N	\N	\N	05:28:00	\N	\N	4	FL	FL	            	\N	1	\N
2562	54	HMTNJ	\N	\N	\N	05:30:00	\N	\N	\N	\N	\N	            	\N	\N	\N
2563	54	WEEDON	\N	\N	\N	05:38:30	\N	\N	\N	FL	FL	            	10	 H	\N
2564	54	HANSLPJ	\N	\N	\N	05:59:30	\N	\N	\N	SL	FL	            	\N	\N	\N
2565	54	MKNSCEN	\N	\N	\N	06:05:00	\N	\N	1	SL	SL	            	\N	\N	\N
2566	54	DNBGHSJ	\N	\N	\N	06:07:00	\N	\N	\N	\N	\N	            	\N	\N	\N
2567	54	BLTCHLY	\N	\N	\N	06:08:00	\N	\N	4	SL	SL	            	\N	4	\N
2568	54	LEDBRNJ	\N	\N	\N	06:20:00	\N	\N	\N	FL	SL	            	1	\N	\N
2569	54	TRING	\N	\N	\N	06:25:30	\N	\N	2	FL	FL	            	\N	\N	\N
2570	54	BONENDJ	\N	\N	\N	06:30:00	\N	\N	\N	FL	FL	            	\N	 H	1
2571	54	WATFDJ	\N	06:38:00	06:40:00	\N	06:40:00	\N	7	FL	FL	D           	\N	\N	\N
2572	54	HROW	\N	\N	\N	06:45:30	\N	\N	4	FL	FL	            	1	\N	\N
2573	54	WMBY	\N	\N	\N	06:49:00	\N	\N	4	\N	\N	            	\N	\N	\N
2574	54	WLSDWLJ	\N	\N	\N	06:51:00	\N	\N	\N	FL	FL	            	\N	\N	2H
2575	54	CMDNJN	\N	\N	\N	06:56:30	\N	\N	\N	A	\N	            	\N	\N	\N
2576	54	CMDNSTH	\N	\N	\N	06:57:00	\N	\N	\N	\N	\N	            	\N	\N	\N
2577	54	EUSTON	\N	07:00:00	\N	\N	07:15:00	\N	1	\N	\N	TF          	\N	\N	\N
2578	55	IVRNESS	\N	\N	20:45:00	\N	\N	20:45:00	2	\N	\N	TB          	\N	\N	\N
2579	55	MILBRNJ	\N	\N	\N	20:46:30	\N	\N	\N	DH	\N	            	\N	\N	\N
2580	55	CRAHALL	\N	\N	\N	20:48:00	\N	\N	\N	\N	\N	            	\N	\N	\N
2581	55	CULDNMR	\N	\N	\N	20:55:00	\N	\N	\N	\N	\N	            	\N	\N	\N
2582	55	MOYY	\N	\N	\N	21:06:30	\N	\N	\N	\N	\N	X           	\N	\N	\N
2583	55	TOMATIN	\N	\N	\N	21:10:30	\N	\N	\N	\N	\N	            	\N	\N	\N
2584	55	SLOCHD	\N	\N	\N	21:15:00	\N	\N	\N	\N	\N	            	\N	\N	\N
2585	55	CARRBDG	\N	\N	\N	21:20:00	\N	\N	1	\N	\N	            	1	\N	\N
2586	55	AVIEMRE	\N	21:27:00	21:34:00	\N	\N	21:32:00	1	\N	\N	U           	\N	\N	\N
2587	55	KNCRAIG	\N	\N	\N	21:41:00	\N	\N	\N	\N	\N	            	\N	\N	\N
2588	55	KGUSSIE	\N	21:46:00	21:50:00	\N	\N	21:48:00	2	\N	\N	U X         	\N	\N	\N
2589	55	NWTM	\N	21:54:30	21:56:30	\N	\N	21:54:00	1	\N	\N	U           	\N	\N	\N
2590	55	DALWHIN	\N	22:09:00	22:11:00	\N	\N	22:09:00	1	\N	\N	U X         	\N	\N	\N
2591	55	DLNSPDL	\N	\N	\N	22:19:00	\N	\N	\N	\N	\N	            	\N	\N	\N
2592	55	DLNCRDH	\N	\N	\N	22:24:30	\N	\N	\N	\N	\N	            	1	\N	\N
2593	55	BLARATH	\N	22:35:30	22:37:30	\N	\N	22:35:00	1	\N	\N	U           	\N	\N	\N
2594	55	PTLCHRY	\N	22:47:00	22:49:00	\N	\N	22:47:00	1	\N	\N	U           	\N	\N	\N
2595	55	DUNKELD	\N	23:01:30	23:05:30	\N	\N	23:03:00	1	\N	\N	U           	\N	\N	\N
2596	55	STNY	\N	\N	\N	23:15:00	\N	\N	\N	\N	\N	            	1	\N	\N
2597	55	PERTH	\N	23:23:30	23:28:30	\N	\N	23:26:00	4	\N	\N	U           	\N	\N	\N
2598	55	HILTONJ	\N	\N	\N	23:33:00	\N	\N	\N	\N	\N	            	\N	\N	\N
2599	55	HILT4	\N	\N	\N	23:36:00	\N	\N	\N	\N	\N	            	\N	\N	\N
2600	55	AUCHTDR	\N	\N	\N	23:44:00	\N	\N	\N	\N	\N	            	\N	\N	\N
2601	55	GLNEGLS	\N	23:46:00	23:47:30	\N	\N	23:45:00	1	\N	\N	U           	\N	\N	\N
2602	55	BLFD	\N	\N	\N	23:51:30	\N	\N	\N	\N	\N	            	\N	\N	\N
2603	55	GRNLNNG	\N	\N	\N	23:55:30	\N	\N	\N	\N	\N	            	1	\N	\N
2604	55	DUNANE	\N	00:02:00	00:04:00	\N	\N	00:02:00	1	\N	\N	U           	\N	\N	\N
2605	55	STIRLNG	\N	00:11:30	00:13:30	\N	\N	00:11:00	3	\N	\N	U           	\N	\N	\N
2606	55	LARBERJ	\N	\N	\N	00:21:30	\N	\N	\N	\N	\N	            	\N	\N	\N
2607	55	CRMRSEJ	\N	\N	\N	00:22:30	\N	\N	\N	\N	\N	            	1	\N	\N
2608	55	FALKRKG	\N	00:26:30	00:28:00	\N	\N	00:26:00	1	\N	\N	U           	\N	\N	\N
2609	55	GRNGMTJ	\N	\N	\N	00:30:30	\N	\N	\N	\N	\N	            	\N	\N	\N
2610	55	POLMONT	\N	\N	\N	00:33:30	\N	\N	1	\N	\N	            	\N	\N	\N
2611	55	LNLTHGW	\N	\N	\N	00:37:30	\N	\N	1	\N	\N	            	\N	\N	\N
2612	55	WNCBROJ	\N	\N	\N	00:41:30	\N	\N	\N	\N	\N	            	\N	\N	\N
2613	55	NWBG	\N	\N	\N	00:44:30	\N	\N	\N	\N	\N	            	2	\N	\N
2614	55	HAYMRWJ	\N	\N	\N	00:51:00	\N	\N	\N	US	\N	            	\N	\N	\N
2615	55	HAYMRKT	\N	\N	\N	00:52:00	\N	\N	3	US	\N	            	\N	 H	\N
2616	55	PRNCSTG	\N	\N	\N	00:54:00	\N	\N	\N	Z	\N	            	\N	\N	\N
2617	55	EDINBUR	\N	00:56:00	01:24:00	\N	\N	\N	2	Z	Z	-UL         	\N	\N	\N
2618	55	PRNCSTG	2	\N	\N	01:25:30	\N	\N	\N	DS	\N	            	\N	\N	\N
2619	55	HAYMRKT	2	\N	\N	01:27:00	\N	\N	4	\N	\N	            	\N	\N	\N
2620	55	SLATEFD	\N	\N	\N	01:29:00	\N	\N	\N	\N	\N	            	\N	\N	\N
2621	55	MDCLDRJ	\N	\N	\N	01:36:30	\N	\N	\N	\N	\N	            	\N	\N	\N
2622	55	COBB712	\N	\N	\N	01:42:30	\N	\N	\N	\N	\N	            	\N	\N	\N
2623	55	ACHNGRY	\N	\N	\N	01:45:00	\N	\N	\N	\N	\N	            	\N	\N	\N
2624	55	CRSTRSE	\N	\N	\N	01:49:30	\N	\N	\N	\N	\N	            	1	\N	\N
2625	55	CRSTRSS	\N	\N	\N	01:51:30	\N	\N	\N	\N	\N	            	\N	\N	\N
2626	55	ABINGTN	\N	\N	\N	02:06:00	\N	\N	UM	\N	\N	            	\N	\N	\N
2627	55	BEATCKS	\N	\N	\N	02:12:00	\N	\N	UM	\N	\N	            	\N	\N	\N
2628	55	BEATCK	\N	\N	\N	02:19:30	\N	\N	UM	\N	\N	            	\N	\N	\N
2629	55	LCKRBIE	\N	\N	\N	02:30:00	\N	\N	2	\N	\N	            	2	\N	\N
2630	55	KRKP862	\N	\N	\N	02:42:00	\N	\N	\N	\N	\N	            	\N	\N	\N
2631	55	GRETNAJ	\N	\N	\N	02:45:00	\N	\N	\N	\N	\N	            	\N	\N	\N
2632	55	KGMRJCN	\N	\N	\N	02:49:30	\N	\N	\N	\N	\N	            	\N	\N	\N
2633	55	CARLCJN	\N	\N	\N	02:50:30	\N	\N	\N	UML	\N	            	\N	\N	\N
2634	55	CARLILE	\N	02:52:30	02:54:30	\N	\N	\N	4	\N	\N	S           	\N	\N	\N
2635	55	PNTH	\N	\N	\N	03:10:00	\N	\N	1	\N	\N	            	\N	\N	\N
2636	55	EDENVGL	\N	\N	\N	03:13:00	\N	\N	\N	\N	\N	            	\N	\N	\N
2637	55	SHAPSMT	\N	\N	\N	03:20:30	\N	\N	\N	\N	\N	            	\N	\N	\N
2638	55	TEBAY	\N	\N	\N	03:24:30	\N	\N	\N	\N	\N	            	\N	\N	\N
2639	55	GRIGG	\N	\N	\N	03:31:00	\N	\N	\N	\N	\N	            	\N	\N	\N
2640	55	OXENHLM	\N	\N	\N	03:36:30	\N	\N	1	\N	\N	            	1	\N	\N
2641	55	CRNFNJN	\N	\N	\N	03:47:00	\N	\N	\N	\N	\N	            	\N	\N	\N
2642	55	MORCMSJ	\N	\N	\N	03:50:30	\N	\N	\N	\N	\N	            	\N	\N	\N
2643	55	LANCSTR	\N	\N	\N	03:52:00	\N	\N	UFL	\N	\N	            	\N	\N	\N
2644	55	GSTANG	\N	\N	\N	04:01:00	\N	\N	\N	\N	\N	            	2	\N	\N
2645	55	PRSTNFJ	\N	\N	\N	04:12:00	\N	\N	\N	UFL	\N	            	\N	\N	\N
2646	55	PRST	\N	04:13:30	04:15:30	\N	04:15:00	\N	4	UFL	UFL	D           	\N	\N	\N
2647	55	PRSTRJN	\N	\N	\N	04:17:00	\N	\N	\N	FL	\N	            	\N	\N	\N
2648	55	EUXTONJ	\N	\N	\N	04:21:00	\N	\N	\N	\N	\N	            	\N	\N	\N
2649	55	BALSHWL	\N	\N	\N	04:22:30	\N	\N	\N	\N	\N	            	\N	\N	\N
2650	55	WIGANNW	\N	\N	\N	04:28:00	\N	\N	4	\N	\N	            	\N	\N	\N
2651	55	WIGASJN	\N	\N	\N	04:28:30	\N	\N	\N	\N	\N	            	\N	\N	\N
2652	55	SPRBJN	\N	\N	\N	04:29:00	\N	\N	\N	SL	\N	            	\N	\N	\N
2653	55	GOLBRNJ	\N	\N	\N	04:34:00	\N	\N	\N	FL	\N	            	\N	\N	\N
2654	55	WINWCKJ	\N	\N	\N	04:37:30	\N	\N	\N	\N	\N	            	\N	\N	\N
2655	55	DALAMBR	\N	\N	\N	04:40:00	\N	\N	\N	\N	\N	            	\N	\N	\N
2656	55	WRGTNBQ	\N	\N	\N	04:41:30	\N	\N	2	OL	\N	            	\N	\N	\N
2657	55	WRGTWOJ	\N	\N	\N	04:44:00	\N	\N	\N	\N	\N	            	\N	\N	\N
2658	55	ACGJN	\N	\N	\N	04:46:30	\N	\N	\N	FL	\N	            	1	\N	\N
2659	55	WEAVERJ	\N	\N	\N	04:53:30	\N	\N	\N	\N	\N	            	\N	\N	\N
2660	55	ACBG	\N	\N	\N	04:55:30	\N	\N	\N	\N	\N	            	\N	\N	\N
2661	55	HARTFDJ	\N	\N	\N	04:56:30	\N	\N	\N	\N	\N	            	\N	1H	1
2662	55	WNSFD	\N	\N	\N	05:03:00	\N	\N	\N	SL	\N	            	1	\N	\N
2663	55	CREWECY	\N	\N	\N	05:09:30	\N	\N	\N	\N	\N	            	\N	\N	\N
2664	55	CREWE	\N	05:11:00	05:14:00	\N	05:12:00	\N	5	\N	\N	D           	\N	 H	\N
2665	55	CREWBHJ	\N	\N	\N	05:18:00	\N	\N	\N	\N	\N	            	2	\N	\N
2666	55	MADELEY	\N	\N	\N	05:25:00	\N	\N	\N	SL	SL	            	1H	\N	\N
2667	55	LBRDFJN	\N	\N	\N	05:35:30	\N	\N	\N	\N	\N	            	\N	\N	\N
2668	55	STAFFRD	\N	\N	\N	05:38:30	\N	\N	4	SL	SL	            	\N	\N	\N
2669	55	STAFTVJ	\N	\N	\N	05:39:00	\N	\N	\N	\N	\N	            	\N	\N	\N
2670	55	PNKRDG	\N	\N	\N	05:43:00	\N	\N	\N	\N	\N	            	1	\N	\N
2671	55	BSBYJN	\N	\N	\N	05:51:30	\N	\N	\N	\N	\N	            	\N	\N	\N
2672	55	PBLJWM	\N	\N	\N	05:54:30	\N	\N	\N	\N	\N	            	\N	\N	\N
2673	55	DRLSTNJ	\N	\N	\N	05:57:00	\N	\N	\N	\N	\N	            	\N	\N	\N
2674	55	BSCTSTA	\N	\N	\N	05:58:00	\N	\N	\N	\N	\N	            	1	\N	\N
2675	55	PRYBRNJ	\N	\N	\N	06:02:30	\N	\N	\N	\N	\N	            	\N	\N	\N
2676	55	ASTON	\N	\N	\N	06:04:30	\N	\N	2	\N	\N	            	\N	4	\N
2677	55	STECHFD	\N	\N	\N	06:13:30	\N	\N	\N	\N	\N	            	1H	\N	\N
2678	55	BHAMINT	\N	06:20:00	06:22:30	\N	06:21:00	\N	4	\N	\N	D           	\N	\N	\N
2679	55	BKSWELL	\N	\N	\N	06:27:30	\N	\N	\N	\N	\N	            	\N	\N	\N
2680	55	COVNTRY	\N	\N	\N	06:31:30	\N	\N	2	\N	\N	            	 H	\N	\N
2681	55	RUGBTVJ	\N	\N	\N	06:40:00	\N	\N	\N	FL	\N	            	\N	\N	\N
2682	55	RUGBY	\N	\N	\N	06:41:00	\N	\N	4	FL	FL	            	\N	\N	\N
2683	55	HMTNJ	\N	\N	\N	06:42:00	\N	\N	\N	\N	\N	            	\N	\N	\N
2684	55	WEEDON	\N	\N	\N	06:50:30	\N	\N	\N	FL	FL	            	\N	\N	\N
2685	55	HANSLPJ	\N	\N	\N	07:00:30	\N	\N	\N	FL	FL	            	\N	\N	\N
2686	55	MKNSCEN	\N	\N	\N	07:05:30	\N	\N	4	FL	FL	            	\N	\N	\N
2687	55	BLTCHLY	\N	\N	\N	07:07:30	\N	\N	2	FL	FL	            	\N	\N	\N
2688	55	LEDBRNJ	\N	\N	\N	07:14:30	\N	\N	\N	FL	FL	            	1	\N	\N
2689	55	TRING	\N	\N	\N	07:20:00	\N	\N	2	FL	FL	            	\N	\N	\N
2690	55	BONENDJ	\N	\N	\N	07:24:30	\N	\N	\N	FL	FL	            	\N	\N	\N
2691	55	WATFDJ	\N	\N	\N	07:30:30	\N	\N	7	FL	FL	            	\N	\N	\N
2692	55	HROW	\N	\N	\N	07:35:00	\N	\N	4	FL	FL	            	1	\N	\N
2693	55	WMBY	\N	\N	\N	07:38:30	\N	\N	4	\N	\N	            	\N	\N	\N
2694	55	WLSDWLJ	\N	\N	\N	07:40:30	\N	\N	\N	FL	FL	            	\N	\N	\N
2695	55	CMDNJN	\N	\N	\N	07:43:30	\N	\N	\N	D	\N	            	\N	\N	\N
2696	55	CMDNSTH	\N	\N	\N	07:44:00	\N	\N	\N	\N	\N	            	\N	\N	\N
2697	55	EUSTON	\N	07:47:00	\N	\N	08:00:00	\N	15	\N	\N	TF          	\N	\N	\N
2698	56	EUSTON	\N	\N	21:15:00	\N	\N	21:15:00	1	X	\N	TBK         	\N	\N	\N
2699	56	CMDNSTH	\N	\N	\N	21:18:00	\N	\N	\N	E	\N	            	\N	\N	\N
2700	56	CMDNJN	\N	\N	\N	21:18:30	\N	\N	\N	FL	\N	            	\N	\N	\N
2701	56	WLSDWLJ	\N	\N	\N	21:21:30	\N	\N	\N	FL	FL	            	\N	\N	\N
2702	56	WMBY	\N	\N	\N	21:23:30	\N	\N	3	\N	\N	            	\N	\N	\N
2703	56	HROW	\N	\N	\N	21:26:00	\N	\N	3	FL	FL	            	\N	\N	\N
2704	56	WATFDJ	\N	\N	\N	21:30:30	\N	\N	6	FL	FL	            	\N	\N	\N
2705	56	BONENDJ	\N	\N	\N	21:36:30	\N	\N	\N	FL	FL	            	\N	\N	\N
2706	56	TRING	\N	\N	\N	21:41:00	\N	\N	1	FL	FL	            	\N	\N	\N
2707	56	LEDBRNJ	\N	\N	\N	21:45:30	\N	\N	\N	FL	FL	            	\N	\N	\N
2708	56	BLTCHLY	\N	\N	\N	21:52:30	\N	\N	1	FL	FL	            	\N	\N	\N
2709	56	MKNSCEN	\N	\N	\N	21:55:00	\N	\N	6	FL	FL	            	1	\N	\N
2710	56	HANSLPJ	\N	\N	\N	22:01:00	\N	\N	\N	FL	FL	            	\N	\N	 H
2711	56	WEEDON	\N	\N	\N	22:11:30	\N	\N	\N	FL	FL	            	1	\N	\N
2712	56	HMTNJ	\N	\N	\N	22:21:00	\N	\N	\N	\N	\N	            	\N	\N	\N
2713	56	RUGBY	\N	\N	\N	22:22:00	\N	\N	DFL	FL	FL	            	\N	\N	\N
2714	56	RUGBTVJ	\N	\N	\N	22:22:30	\N	\N	\N	\N	FL	            	1	 H	\N
2715	56	COVNTRY	\N	\N	\N	22:32:00	\N	\N	3	\N	\N	            	\N	\N	\N
2716	56	BKSWELL	\N	\N	\N	22:36:00	\N	\N	\N	\N	\N	            	\N	1	\N
2717	56	BHAMINT	\N	22:41:30	22:44:30	\N	\N	22:42:00	3	\N	\N	U           	\N	\N	\N
2718	56	STECHFD	\N	\N	\N	22:50:00	\N	\N	\N	\N	\N	            	1	\N	\N
2719	56	ASTON	\N	\N	\N	22:56:00	\N	\N	1	\N	\N	            	\N	\N	\N
2720	56	PRYBRNJ	\N	\N	\N	22:58:30	\N	\N	\N	\N	\N	            	\N	\N	\N
2721	56	BSCTSTA	\N	\N	\N	23:02:00	\N	\N	\N	\N	\N	            	1	\N	\N
2722	56	DRLSTNJ	\N	\N	\N	23:04:00	\N	\N	\N	\N	\N	            	\N	\N	\N
2723	56	PBLJWM	\N	\N	\N	23:06:30	\N	\N	\N	\N	\N	            	\N	\N	\N
2724	56	BSBYJN	\N	\N	\N	23:09:00	\N	\N	\N	\N	\N	            	\N	\N	\N
2725	56	PNKRDG	\N	\N	\N	23:17:00	\N	\N	\N	\N	\N	            	1	\N	\N
2726	56	STAFTVJ	\N	\N	\N	23:22:00	\N	\N	\N	SL	\N	            	\N	\N	\N
2727	56	STAFFRD	\N	\N	\N	23:22:30	\N	\N	5	SL	SL	            	1	\N	\N
2728	56	SLIGHTJ	\N	\N	\N	23:28:00	\N	\N	\N	\N	\N	            	\N	\N	\N
2729	56	MADELEY	\N	\N	\N	23:36:00	\N	\N	\N	SL	SL	            	1	\N	 H
2730	56	CREWBHJ	\N	\N	\N	23:42:30	\N	\N	\N	\N	\N	            	\N	2	\N
2731	56	CREWE	\N	23:46:30	23:50:00	\N	\N	23:50:00	6	\N	\N	U K         	\N	\N	\N
2732	56	CREWECY	\N	\N	\N	23:51:30	\N	\N	\N	\N	\N	            	\N	\N	\N
2733	56	WNSFD	\N	\N	\N	23:57:30	\N	\N	\N	FL	\N	            	\N	\N	\N
2734	56	HARTFDJ	\N	\N	\N	00:01:00	\N	\N	\N	\N	\N	            	\N	\N	\N
2735	56	ACBG	\N	\N	\N	00:02:30	\N	\N	\N	\N	\N	            	\N	\N	\N
2736	56	WEAVERJ	\N	\N	\N	00:04:00	\N	\N	\N	\N	\N	            	\N	\N	\N
2737	56	ACGJN	\N	\N	\N	00:11:30	\N	\N	\N	OL	\N	            	\N	\N	\N
2738	56	WRGTWOJ	\N	\N	\N	00:14:00	\N	\N	\N	\N	\N	            	\N	\N	\N
2739	56	WRGTNBQ	\N	\N	\N	00:17:00	\N	\N	3	FL	\N	            	\N	\N	\N
2740	56	DALAMBR	\N	\N	\N	00:18:00	\N	\N	\N	\N	\N	            	\N	\N	\N
2741	56	WINWCKJ	\N	\N	\N	00:20:30	\N	\N	\N	\N	\N	            	\N	\N	\N
2742	56	GOLBRNJ	\N	\N	\N	00:24:00	\N	\N	\N	SL	\N	            	\N	\N	\N
2743	56	SPRBJN	\N	\N	\N	00:28:00	\N	\N	\N	FL	\N	            	\N	\N	\N
2744	56	WIGASJN	\N	\N	\N	00:28:30	\N	\N	\N	\N	\N	            	\N	\N	\N
2745	56	WIGANNW	\N	\N	\N	00:29:00	\N	\N	5	\N	\N	            	\N	 H	1
2746	56	BALSHWL	\N	\N	\N	00:36:00	\N	\N	\N	\N	\N	            	1	\N	\N
2747	56	EUXTONJ	\N	\N	\N	00:38:30	\N	\N	\N	\N	\N	            	1	2	\N
2748	56	PRSTRJN	\N	\N	\N	00:46:00	\N	\N	\N	DFL	\N	            	\N	\N	 H
2749	56	PRST	\N	00:48:00	00:58:00	\N	\N	00:30:00	4	UFL	DFL	U K         	\N	\N	\N
2750	56	PRSTNFJ	\N	\N	\N	00:59:30	\N	\N	\N	\N	\N	            	\N	\N	\N
2751	56	BBGHGL	\N	\N	\N	01:03:30	\N	\N	\N	\N	\N	            	\N	\N	\N
2752	56	GSTANG	\N	\N	\N	01:07:00	\N	\N	\N	\N	\N	            	\N	\N	\N
2753	56	LANCSTR	\N	\N	\N	01:16:30	\N	\N	DFL	\N	\N	            	\N	\N	\N
2754	56	MORCMSJ	\N	\N	\N	01:18:00	\N	\N	\N	\N	\N	            	\N	\N	\N
2755	56	CRNFNJN	\N	\N	\N	01:21:00	\N	\N	\N	\N	\N	            	\N	\N	\N
2756	56	OXENHLM	\N	\N	\N	01:31:00	\N	\N	2	\N	\N	            	\N	\N	\N
2757	56	GRIGG	\N	\N	\N	01:36:30	\N	\N	\N	\N	\N	            	1	\N	\N
2758	56	TEBAY	\N	\N	\N	01:42:00	\N	\N	\N	\N	\N	            	\N	\N	\N
2759	56	SHAPSMT	\N	\N	\N	01:46:00	\N	\N	\N	\N	\N	            	\N	\N	\N
2760	56	SHAPHNS	\N	\N	\N	01:49:00	\N	\N	\N	\N	\N	            	\N	 H	\N
2761	56	PNTH	\N	\N	\N	01:58:00	\N	\N	2	\N	\N	            	2	\N	1
2762	56	CARLILE	\N	02:15:30	02:18:30	\N	\N	\N	3	DML	\N	S           	\N	\N	\N
2763	56	CARLCJN	\N	\N	\N	02:20:30	\N	\N	\N	\N	\N	            	\N	\N	\N
2764	56	KGMRJCN	\N	\N	\N	02:22:00	\N	\N	\N	\N	\N	            	\N	\N	\N
2765	56	FLORSTN	\N	\N	\N	02:25:00	\N	\N	\N	\N	\N	            	\N	\N	\N
2766	56	GRETNAJ	\N	\N	\N	02:27:00	\N	\N	\N	\N	\N	            	\N	\N	\N
2767	56	KRKP863	\N	\N	\N	02:30:00	\N	\N	\N	\N	\N	            	\N	\N	\N
2768	56	LCKRBIE	\N	\N	\N	02:39:30	\N	\N	1	\N	\N	            	\N	\N	\N
2769	56	BEATCK	\N	\N	\N	02:50:30	\N	\N	DM	\N	\N	            	\N	\N	1
2770	56	BEATCKS	\N	\N	\N	02:59:30	\N	\N	DM	\N	\N	            	\N	 H	\N
2771	56	ABINGTN	\N	\N	\N	03:06:00	\N	\N	DM	\N	\N	            	2	\N	\N
2772	56	CRSTRSS	\N	\N	\N	03:20:00	\N	\N	\N	\N	\N	            	\N	\N	\N
2773	56	CRSTRSE	\N	\N	\N	03:21:00	\N	\N	\N	\N	\N	            	\N	\N	\N
2774	56	ACHNGRY	\N	\N	\N	03:25:30	\N	\N	\N	\N	\N	            	\N	\N	\N
2775	56	COBB713	\N	\N	\N	03:28:00	\N	\N	\N	\N	\N	            	\N	\N	\N
2776	56	MDCLDRJ	\N	\N	\N	03:34:00	\N	\N	\N	\N	\N	            	1	\N	\N
2777	56	SLATEFD	\N	\N	\N	03:42:00	\N	\N	\N	\N	\N	            	\N	\N	\N
2778	56	HAYMRKT	\N	\N	\N	03:44:00	\N	\N	3	US	\N	            	\N	\N	\N
2779	56	PRNCSTG	\N	\N	\N	03:45:30	\N	\N	\N	Z	\N	            	\N	\N	\N
2780	56	EDINBUR	\N	03:47:00	04:20:00	\N	\N	\N	2	Z	Z	L -D        	\N	\N	\N
2781	56	PRNCSTG	2	\N	\N	04:21:30	\N	\N	\N	DS	\N	            	\N	\N	\N
2782	56	HAYMRKT	2	\N	\N	04:23:00	\N	\N	4	DS	\N	            	\N	\N	\N
2783	56	HAYMRWJ	\N	\N	\N	04:24:30	\N	\N	\N	\N	DS	            	\N	\N	\N
2784	56	NWBG	\N	\N	\N	04:31:00	\N	\N	\N	\N	\N	            	\N	\N	\N
2785	56	WNCBROJ	\N	\N	\N	04:34:30	\N	\N	\N	\N	\N	            	\N	\N	\N
2786	56	LNLTHGW	\N	\N	\N	04:38:30	\N	\N	2	\N	\N	            	\N	\N	\N
2787	56	POLMONT	\N	\N	\N	04:44:00	\N	\N	2	\N	\N	            	\N	\N	\N
2788	56	GRNGMTJ	\N	\N	\N	04:47:00	\N	\N	\N	\N	\N	            	1	\N	\N
2789	56	CRMRSEJ	\N	\N	\N	04:50:30	\N	\N	\N	\N	\N	            	\N	\N	\N
2790	56	LARBERJ	\N	\N	\N	04:51:30	\N	\N	\N	\N	\N	            	\N	\N	\N
2791	56	STIRLNG	\N	04:58:30	05:00:00	\N	04:59:00	\N	2	\N	\N	D           	\N	\N	\N
2792	56	DUNANE	\N	05:08:00	05:09:30	\N	05:08:00	\N	2	\N	\N	D           	\N	\N	\N
2793	56	DUNA43	\N	\N	\N	05:13:00	\N	\N	\N	\N	\N	            	1	\N	\N
2794	56	GRNLNNG	\N	\N	\N	05:17:30	\N	\N	\N	\N	\N	            	\N	\N	\N
2795	56	BLFD	\N	\N	\N	05:21:30	\N	\N	\N	\N	\N	            	\N	\N	\N
2796	56	GLNEGLS	\N	05:23:30	05:25:00	\N	05:24:00	\N	2	\N	\N	D           	\N	\N	\N
2797	56	AUCHTDR	\N	\N	\N	05:27:30	\N	\N	\N	\N	\N	            	\N	\N	\N
2798	56	HILT19	\N	\N	\N	05:34:30	\N	\N	\N	\N	\N	            	1	\N	\N
2799	56	HILTONJ	\N	\N	\N	05:38:30	\N	\N	\N	\N	\N	            	\N	\N	\N
2800	56	PERTH	\N	05:42:00	05:43:30	\N	05:42:00	\N	7	\N	\N	D           	\N	\N	\N
2801	56	STNY	\N	\N	\N	05:53:00	\N	\N	\N	\N	\N	            	\N	\N	\N
2802	56	DUNKELD	\N	06:02:00	06:03:30	\N	06:02:00	\N	1	\N	\N	D           	\N	\N	\N
2803	56	PTLCHRY	\N	06:16:00	06:17:30	\N	06:16:00	\N	1	\N	\N	D           	\N	\N	\N
2804	56	BLARATH	\N	06:28:00	06:29:30	\N	06:28:00	\N	2	\N	\N	D           	\N	\N	\N
2805	56	DLNCRDH	\N	\N	\N	06:41:30	\N	\N	\N	\N	\N	            	\N	\N	\N
2806	56	DLNSPDL	\N	\N	\N	06:49:30	\N	\N	\N	\N	\N	            	1	\N	\N
2807	56	DALWHIN	\N	06:59:00	07:00:30	\N	06:59:00	\N	2	\N	\N	D           	\N	\N	\N
2808	56	NWTM	\N	07:10:30	07:12:00	\N	07:11:00	\N	1	\N	\N	D           	\N	\N	\N
2809	56	KGUSSIE	\N	07:16:00	07:17:30	\N	07:16:00	07:17:00	1	\N	\N	T           	\N	\N	\N
2810	56	KNCRAIG	\N	07:25:00	07:31:00	\N	\N	\N	\N	\N	\N	A X         	1	\N	\N
2811	56	AVIEMRE	\N	07:38:30	07:43:00	\N	07:39:00	07:43:00	1	\N	\N	T           	\N	\N	\N
2812	56	CARRBDG	\N	07:53:00	07:54:30	\N	07:53:00	07:54:00	1	\N	\N	T           	\N	\N	\N
2813	56	SLOCHD	\N	\N	\N	08:02:30	\N	\N	\N	\N	\N	            	\N	\N	\N
2814	56	TOMATIN	\N	08:08:00	08:16:00	\N	\N	\N	\N	\N	\N	X A         	\N	\N	\N
2815	56	MOYY	\N	\N	\N	08:20:30	\N	\N	\N	\N	\N	            	\N	\N	\N
2816	56	CULDNMR	\N	\N	\N	08:27:00	\N	\N	\N	\N	\N	            	1	\N	\N
2817	56	CRAHALL	\N	\N	\N	08:32:00	\N	\N	\N	DH	\N	            	\N	\N	\N
2818	56	MILBRNJ	\N	\N	\N	08:33:00	\N	\N	\N	\N	DH	            	\N	\N	\N
2819	56	IVRNESS	\N	08:35:00	\N	\N	08:45:00	\N	2	\N	\N	TF          	\N	\N	\N
2820	57	EDINBUR	\N	\N	04:28:00	\N	\N	04:28:00	2	Z	\N	TBN         	\N	\N	\N
2821	57	PRNCSTG	\N	\N	\N	04:29:30	\N	\N	\N	DS	\N	            	\N	\N	\N
2822	57	HAYMRKT	\N	\N	\N	04:31:00	\N	\N	4	DS	\N	            	\N	\N	\N
2823	57	HAYMRWJ	\N	\N	\N	04:32:30	\N	\N	\N	\N	DS	            	\N	\N	\N
2824	57	NWBG	\N	\N	\N	04:39:00	\N	\N	\N	\N	\N	            	\N	\N	\N
2825	57	WNCBROJ	\N	\N	\N	04:42:30	\N	\N	\N	\N	\N	            	\N	\N	\N
2826	57	LNLTHGW	\N	\N	\N	04:47:00	\N	\N	2	\N	\N	            	\N	\N	\N
2827	57	POLMONT	\N	\N	\N	04:52:00	\N	\N	2	\N	\N	            	\N	\N	\N
2828	57	GRNGMTJ	\N	\N	\N	04:55:30	\N	\N	\N	\N	\N	            	1	\N	\N
2829	57	CRMRSEJ	\N	\N	\N	04:59:30	\N	\N	\N	\N	\N	            	\N	\N	\N
2830	57	LARBERJ	\N	\N	\N	05:00:30	\N	\N	\N	\N	\N	            	\N	\N	\N
2831	57	STIRLNG	\N	\N	\N	05:07:30	\N	\N	2	\N	\N	            	\N	4	\N
2832	57	DUNANE	\N	\N	\N	05:18:00	\N	\N	2	\N	\N	            	1	\N	\N
2833	57	DUNA43	\N	\N	\N	05:22:00	\N	\N	\N	\N	\N	            	\N	\N	\N
2834	57	GRNLNNG	\N	\N	\N	05:25:30	\N	\N	\N	\N	\N	            	\N	1	\N
2835	57	BLFD	\N	\N	\N	05:30:30	\N	\N	\N	\N	\N	            	\N	\N	\N
2836	57	AUCHTDR	\N	\N	\N	05:34:30	\N	\N	\N	\N	\N	            	\N	\N	\N
2837	57	HILT19	\N	\N	\N	05:41:30	\N	\N	\N	\N	\N	            	1	\N	\N
2838	57	HILTONJ	\N	\N	\N	05:45:30	\N	\N	\N	\N	\N	            	\N	\N	\N
2839	57	PERTH	\N	\N	\N	05:49:30	\N	\N	2	\N	\N	            	\N	\N	\N
2840	57	BHLP	\N	\N	\N	05:52:30	\N	\N	\N	\N	\N	            	\N	\N	\N
2841	57	ERROLLC	\N	\N	\N	06:01:00	\N	\N	\N	\N	\N	            	\N	\N	\N
2842	57	LFGNLC	\N	\N	\N	06:05:00	\N	\N	\N	\N	\N	            	\N	\N	\N
2843	57	DUND697	\N	\N	\N	06:06:00	\N	\N	\N	\N	\N	            	\N	\N	\N
2844	57	DUNDCJ	\N	\N	\N	06:09:00	\N	\N	\N	\N	\N	            	\N	\N	\N
2845	57	DUNDETB	\N	06:10:00	06:12:00	\N	06:11:00	\N	4	\N	\N	D           	\N	\N	\N
2846	57	CMPRDNJ	\N	\N	\N	06:14:30	\N	\N	\N	\N	\N	            	\N	\N	\N
2847	57	BRFRY	\N	\N	\N	06:19:00	\N	\N	2	\N	\N	            	\N	\N	\N
2848	57	CNST	\N	06:24:30	06:26:30	\N	06:26:00	\N	2	\N	\N	D           	\N	\N	\N
2849	57	ARBROTH	\N	06:32:00	06:34:00	\N	06:33:00	\N	2	\N	\N	D           	\N	\N	\N
2850	57	INVKLOR	\N	\N	\N	06:40:30	\N	\N	\N	\N	\N	            	\N	\N	\N
2851	57	USAN	\N	\N	\N	06:45:30	\N	\N	\N	\N	\N	            	\N	\N	\N
2852	57	MONTRSE	\N	06:48:30	06:50:30	\N	06:50:00	\N	2	\N	\N	D           	1	\N	\N
2853	57	CRAIGO	\N	\N	\N	06:56:30	\N	\N	\N	\N	\N	            	\N	\N	\N
2854	57	LRNCKRK	\N	\N	\N	07:01:30	\N	\N	\N	\N	\N	            	\N	\N	\N
2855	57	CAARMNT	\N	\N	\N	07:08:00	\N	\N	\N	\N	\N	            	\N	\N	\N
2856	57	SHVN	\N	07:13:30	07:15:30	\N	07:15:00	\N	2	\N	\N	D           	\N	\N	\N
2857	57	ABRD223	\N	\N	\N	07:21:30	\N	\N	\N	\N	\N	            	\N	\N	\N
2858	57	ABRD229	\N	\N	\N	07:25:00	\N	\N	\N	\N	\N	            	\N	\N	\N
2859	57	ABRD55	\N	\N	\N	07:28:30	\N	\N	\N	\N	\N	            	\N	\N	\N
2860	57	CRGISTH	\N	\N	\N	07:29:30	\N	\N	\N	\N	\N	            	1	\N	\N
2861	57	ABRDFJN	\N	\N	\N	07:32:00	\N	\N	\N	\N	\N	            	\N	\N	\N
2862	57	ABRDEEN	\N	07:34:00	\N	\N	07:50:00	\N	6S	\N	\N	TF          	\N	\N	\N
2863	58	EDINBUR	\N	\N	04:50:00	\N	\N	04:50:00	2	Z	\N	TB          	\N	\N	\N
2864	58	PRNCSTG	\N	\N	\N	04:51:30	\N	\N	\N	DS	\N	            	\N	\N	\N
2865	58	HAYMRKT	\N	\N	\N	04:53:00	\N	\N	4	DS	\N	            	\N	\N	\N
2866	58	HAYMRWJ	\N	\N	\N	04:55:00	\N	\N	\N	\N	DS	            	\N	\N	\N
2867	58	NWBG	\N	\N	\N	05:01:00	\N	\N	\N	\N	\N	            	\N	\N	\N
2868	58	UPHALL	\N	\N	\N	05:06:00	\N	\N	\N	\N	\N	            	\N	\N	\N
2869	58	BTHGATE	\N	\N	\N	05:12:00	\N	\N	2	\N	\N	            	\N	\N	\N
2870	58	AIRDRIE	\N	\N	\N	05:26:00	\N	\N	2	\N	\N	            	\N	\N	\N
2871	58	COATBDS	\N	\N	\N	05:29:30	\N	\N	\N	\N	\N	            	\N	\N	\N
2872	58	SHTLSTN	\N	\N	\N	05:36:30	\N	\N	\N	\N	\N	            	\N	\N	\N
2873	58	BLGRVE	\N	\N	\N	05:41:30	\N	\N	1	\N	\N	            	\N	\N	\N
2874	58	GLGQLL	\N	05:47:00	05:48:30	\N	\N	05:48:00	8	\N	\N	U           	\N	\N	\N
2875	58	FNSTNEJ	\N	\N	\N	05:54:00	\N	\N	\N	\N	\N	            	\N	\N	\N
2876	58	HYNDLEJ	\N	\N	\N	05:57:00	\N	\N	\N	\N	\N	            	\N	\N	\N
2877	58	ANSL	\N	\N	\N	05:58:00	\N	\N	2	\N	\N	            	\N	\N	\N
2878	58	WESTRTN	\N	\N	\N	06:00:30	\N	\N	2	\N	\N	            	\N	\N	\N
2879	58	DALMUIR	\N	06:04:30	06:06:00	\N	06:05:00	06:06:00	1	\N	\N	T           	\N	\N	\N
2880	58	DMBRTNC	\N	06:15:30	06:17:00	\N	06:16:00	06:17:00	2	\N	\N	T           	\N	\N	\N
2881	58	DLREOCH	\N	\N	\N	06:18:30	\N	\N	\N	\N	\N	            	\N	\N	\N
2882	58	CRGDRNJ	\N	\N	\N	06:26:30	\N	\N	\N	\N	\N	            	\N	\N	\N
2883	58	HLNSBRU	\N	06:30:30	06:33:30	\N	06:31:00	06:33:00	1	\N	\N	T           	\N	\N	\N
2884	58	GRLCHHD	\N	06:45:30	06:47:00	\N	06:46:00	06:47:00	2	\N	\N	T           	\N	\N	\N
2885	58	GLDL	\N	\N	\N	07:00:00	\N	\N	\N	\N	\N	            	\N	\N	\N
2886	58	ARCHRAT	\N	07:08:00	07:09:30	\N	07:08:00	07:09:00	2	\N	\N	T X         	\N	\N	\N
2887	58	ARDLUI	\N	07:23:30	07:25:00	\N	07:24:00	07:25:00	2	\N	\N	R           	\N	\N	\N
2888	58	CRNLRCH	\N	07:45:00	07:48:00	\N	07:45:00	07:48:00	2	\N	\N	T           	\N	\N	\N
2889	58	TYNDRMU	\N	07:59:00	08:02:00	\N	07:59:00	08:02:00	2	\N	\N	T           	\N	\N	\N
2890	58	BOORCHY	\N	08:16:30	08:18:30	\N	08:17:00	08:18:00	2	\N	\N	T           	\N	\N	\N
2891	58	RANNOCH	\N	08:43:30	08:45:00	\N	08:44:00	08:45:00	1	\N	\N	T X         	\N	\N	\N
2892	58	CORROUR	\N	08:58:00	09:00:00	\N	08:58:00	09:00:00	1	\N	\N	T           	\N	\N	\N
2893	58	TULLOCH	\N	09:19:00	09:21:00	\N	09:19:00	09:21:00	2	\N	\N	T X         	\N	\N	\N
2894	58	ROYBDGE	\N	09:31:30	09:31:30	\N	09:31:00	09:31:00	1	\N	\N	R           	\N	\N	\N
2895	58	SPEANBD	\N	09:38:00	09:39:30	\N	09:38:00	09:39:00	1	\N	\N	T           	\N	\N	\N
2896	58	FRTWJN	\N	\N	\N	09:51:30	\N	\N	\N	\N	\N	            	\N	\N	\N
2897	58	FRTWLM	\N	09:55:00	\N	\N	10:00:00	\N	1	\N	\N	TF          	\N	\N	\N
2898	59	RDNGSTN	\N	\N	13:40:00	\N	\N	13:39:00	15	URL	\N	TB          	\N	\N	\N
2899	59	RDNGKBJ	\N	\N	\N	13:42:00	\N	\N	\N	RL	\N	            	\N	\N	\N
2900	59	TWYFORD	\N	\N	\N	13:46:00	\N	\N	4	RL	\N	            	\N	\N	\N
2901	59	MDNHEAD	\N	\N	\N	13:50:30	\N	\N	4	RL	\N	            	\N	\N	\N
2902	59	SLOUGH	\N	\N	\N	13:54:30	\N	\N	5	RL	\N	            	\N	\N	\N
2903	59	DOLPHNJ	\N	\N	\N	13:56:00	\N	\N	\N	ML	\N	            	\N	\N	\N
2904	59	STKYJN	\N	\N	\N	14:00:00	\N	\N	\N	ML	ML	            	\N	\N	\N
2905	59	HTRWAJN	\N	\N	\N	14:00:30	\N	\N	\N	ML	\N	            	\N	\N	\N
2906	59	STHALL	\N	\N	\N	14:01:30	\N	\N	2	ML	\N	            	\N	\N	\N
2907	59	ACTONW	\N	\N	\N	14:03:30	\N	\N	\N	ML	ML	            	1	\N	\N
2908	59	LDBRKJ	\N	\N	\N	14:07:00	\N	\N	\N	3	ML	            	\N	\N	\N
2909	59	PRTOBJP	\N	\N	\N	14:08:00	\N	\N	\N	3	\N	            	\N	2	\N
2910	59	ROYAOJN	\N	\N	\N	14:11:00	\N	\N	\N	3	\N	            	\N	\N	\N
2911	59	PADTON	\N	14:12:00	\N	\N	14:13:00	\N	5	\N	\N	TF          	\N	\N	\N
2912	60	FRTWLM	\N	\N	19:50:00	\N	\N	19:50:00	2	\N	\N	TB          	\N	\N	\N
2913	60	FRTWJN	\N	\N	\N	19:53:00	\N	\N	\N	\N	\N	            	\N	\N	\N
2914	60	SPEANBD	\N	20:07:00	20:10:00	\N	20:07:00	20:09:00	2	\N	\N	T X         	\N	\N	\N
2915	60	ROYBDGE	\N	20:17:00	20:17:00	\N	20:17:00	20:17:00	1	\N	\N	R           	\N	\N	\N
2916	60	TULLOCH	\N	20:28:00	20:30:00	\N	20:28:00	20:29:00	1	\N	\N	T           	\N	\N	\N
2917	60	CORROUR	\N	20:51:00	20:53:00	\N	20:51:00	20:52:00	1	\N	\N	T           	\N	1	\N
2918	60	RANNOCH	\N	21:06:00	21:09:00	\N	21:06:00	21:08:00	2	\N	\N	T X         	\N	\N	\N
2919	60	BOORCHY	\N	21:35:00	21:37:00	\N	21:35:00	21:36:00	1	\N	\N	T           	\N	\N	\N
2920	60	TYNDRMU	\N	21:52:00	21:55:00	\N	21:52:00	21:54:00	1	\N	\N	T           	\N	\N	\N
2921	60	CRNLRCH	\N	22:07:00	22:09:00	\N	22:07:00	22:08:00	1	\N	\N	T           	\N	\N	\N
2922	60	ARDLUI	\N	22:27:30	22:29:00	\N	22:28:00	22:28:00	1	\N	\N	R           	\N	\N	\N
2923	60	ARCHRAT	\N	22:44:00	22:45:30	\N	22:44:00	22:44:00	1	\N	\N	T           	\N	\N	\N
2924	60	GLDL	\N	\N	\N	22:55:30	\N	\N	\N	\N	\N	            	\N	\N	\N
2925	60	GRLCHHD	\N	23:09:30	23:11:00	\N	23:10:00	23:10:00	1	\N	\N	T           	\N	\N	\N
2926	60	HLNSBRU	\N	23:23:00	23:24:30	\N	23:23:00	23:23:00	1	\N	\N	T           	\N	\N	\N
2927	60	CRGDRNJ	\N	\N	\N	23:28:30	\N	\N	\N	\N	\N	            	\N	\N	\N
2928	60	DLREOCH	\N	\N	\N	23:36:30	\N	\N	\N	\N	\N	            	\N	\N	\N
2929	60	DMBRTNC	\N	23:38:00	23:39:30	\N	23:38:00	23:38:00	1	\N	\N	T           	\N	\N	\N
2930	60	DALMUIR	\N	23:50:00	23:53:30	\N	23:50:00	23:51:00	2	\N	\N	T           	\N	\N	\N
2931	60	WESTRTN	\N	\N	\N	23:59:30	\N	\N	2	\N	\N	            	\N	\N	\N
2932	60	MRYHILL	\N	\N	\N	00:02:00	\N	\N	\N	\N	\N	            	\N	\N	\N
2933	60	CWLRSNJ	\N	\N	\N	00:05:30	\N	\N	\N	\N	\N	            	\N	\N	\N
2934	60	CWLRSEJ	\N	\N	\N	00:07:00	\N	\N	\N	UEG	\N	            	\N	\N	\N
2935	60	BSHB	\N	\N	\N	00:09:30	\N	\N	\N	\N	\N	            	\N	\N	\N
2936	60	LENZIE	\N	\N	\N	00:13:00	\N	\N	\N	\N	\N	            	\N	\N	\N
2937	60	CROY	\N	\N	\N	00:17:00	\N	\N	1	\N	\N	            	\N	\N	\N
2938	60	GNHLUJN	\N	\N	\N	00:21:00	\N	\N	\N	\N	\N	            	\N	\N	\N
2939	60	FALKRKH	\N	\N	\N	00:24:00	\N	\N	1	\N	\N	            	\N	\N	\N
2940	60	POLMONT	\N	\N	\N	00:26:00	\N	\N	1	\N	\N	            	\N	\N	\N
2941	60	LNLTHGW	\N	\N	\N	00:29:30	\N	\N	1	\N	\N	            	\N	 H	\N
2942	60	WNCBROJ	\N	\N	\N	00:34:00	\N	\N	\N	\N	\N	            	\N	 H	\N
2943	60	NWBG	\N	\N	\N	00:37:30	\N	\N	\N	\N	\N	            	2	1	\N
2944	60	HAYMRWJ	\N	\N	\N	00:45:00	\N	\N	\N	US	\N	            	\N	2	\N
2945	60	HAYMRKT	\N	\N	\N	00:48:00	\N	\N	3	US	\N	            	\N	\N	\N
2946	60	PRNCSTG	\N	\N	\N	00:49:30	\N	\N	\N	W	\N	            	\N	\N	\N
2947	60	EDINBUR	\N	\N	\N	00:51:30	\N	\N	10	SL	W	            	\N	\N	\N
2948	60	EDIN815	\N	00:53:00	00:55:00	\N	\N	\N	\N	\N	\N	PRRM        	\N	\N	\N
2949	60	EDINBUR	2	00:57:00	\N	\N	01:08:00	\N	7	\N	SL	TFPR        	\N	\N	\N
2950	61	ABRDEEN	\N	\N	20:26:00	\N	\N	20:26:00	3	\N	\N	TB          	\N	\N	\N
2951	61	ABRDFJN	\N	\N	\N	20:27:00	\N	\N	\N	\N	\N	            	\N	\N	\N
2952	61	CRGISTH	\N	\N	\N	20:28:30	\N	\N	\N	\N	\N	            	\N	\N	\N
2953	61	ABRD56	\N	\N	\N	20:29:00	\N	\N	\N	\N	\N	            	\N	\N	\N
2954	61	ABRD230	\N	\N	\N	20:31:30	\N	\N	\N	\N	\N	            	\N	\N	\N
2955	61	ABRD222	\N	\N	\N	20:37:00	\N	\N	\N	\N	\N	            	\N	\N	\N
2956	61	SHVN	\N	20:43:00	20:45:00	\N	\N	20:43:00	1	\N	\N	U           	\N	\N	\N
2957	61	CAARMNT	\N	\N	\N	20:52:00	\N	\N	\N	\N	\N	            	\N	\N	\N
2958	61	LRNCKRK	\N	\N	\N	20:58:30	\N	\N	\N	\N	\N	            	\N	\N	\N
2959	61	CRAIGO	\N	\N	\N	21:03:00	\N	\N	\N	\N	\N	            	\N	\N	\N
2960	61	MONTRSE	\N	21:07:00	21:08:30	\N	\N	21:06:00	1	\N	\N	U           	\N	\N	\N
2961	61	USAN	\N	\N	\N	21:12:30	\N	\N	\N	\N	\N	            	\N	\N	\N
2962	61	INVKLOR	\N	\N	\N	21:17:30	\N	\N	\N	\N	\N	            	\N	\N	\N
2963	61	ARBROTH	\N	21:23:30	21:25:00	\N	\N	21:23:00	1	\N	\N	U           	\N	\N	\N
2964	61	CNST	\N	21:31:30	21:33:00	\N	\N	21:31:00	1	\N	\N	U           	\N	\N	\N
2965	61	BRFRY	\N	\N	\N	21:40:00	\N	\N	1	\N	\N	            	1	\N	\N
2966	61	CMPRDNJ	\N	\N	\N	21:43:30	\N	\N	\N	\N	\N	            	\N	\N	\N
2967	61	DUNDETB	\N	21:46:00	21:56:00	\N	\N	21:54:00	1	\N	\N	U           	\N	\N	\N
2968	61	DUNDCJ	\N	\N	\N	21:57:00	\N	\N	\N	\N	\N	            	\N	\N	\N
2969	61	TAYBDGS	\N	\N	\N	22:06:00	\N	\N	\N	\N	\N	            	\N	\N	\N
2970	61	SFORT26	\N	\N	\N	22:08:30	\N	\N	\N	\N	\N	            	\N	\N	\N
2971	61	LEUCHRS	\N	22:12:00	22:14:30	\N	\N	22:12:00	1	\N	\N	U           	\N	\N	\N
2972	61	CUPAR	\N	\N	\N	22:22:00	\N	\N	1	\N	\N	            	\N	\N	\N
2973	61	LADYBNK	\N	\N	\N	22:27:00	\N	\N	1	\N	\N	            	1	\N	\N
2974	61	THRNTNJ	\N	\N	\N	22:36:00	\N	\N	\N	\N	\N	            	\N	1	\N
2975	61	THRNUPL	\N	22:38:00	22:47:00	\N	\N	\N	\N	\N	\N	A           	\N	\N	\N
2976	61	THRNTSJ	\N	\N	\N	22:48:00	\N	\N	\N	\N	\N	            	\N	\N	\N
2977	61	KCLD	\N	22:52:30	22:54:00	\N	\N	22:52:00	1	\N	\N	U           	\N	\N	\N
2978	61	BISLND	\N	\N	\N	23:01:30	\N	\N	1	\N	\N	            	\N	\N	\N
2979	61	IVRKTHG	\N	23:09:30	23:11:00	\N	\N	23:09:00	1	\N	\N	U           	\N	\N	\N
2980	61	DLMYJN	\N	\N	\N	23:17:30	\N	\N	\N	\N	\N	            	1	3	\N
2981	61	HAYMRWJ	\N	\N	\N	23:27:00	\N	\N	\N	UN	\N	            	\N	 H	\N
2982	61	HAYMRKT	\N	\N	\N	23:28:30	\N	\N	1	UN	\N	            	\N	1	\N
2983	61	PRNCSTG	\N	\N	\N	23:31:00	\N	\N	\N	X	\N	            	\N	\N	\N
2984	61	EDINBUR	\N	23:33:00	\N	\N	23:33:00	\N	7	\N	X	TFN         	\N	\N	\N
2985	62	EDINBUR	\N	\N	23:42:00	\N	\N	23:40:00	11	W	\N	TB          	\N	 H	\N
2986	62	PRNCSTG	\N	\N	\N	23:44:00	\N	\N	\N	DS	\N	            	\N	1	\N
2987	62	HAYMRKT	\N	\N	\N	23:46:30	\N	\N	4	\N	\N	            	\N	\N	\N
2988	62	SLATEFD	\N	\N	\N	23:49:00	\N	\N	\N	\N	\N	            	\N	\N	\N
2989	62	MDCLDRJ	\N	\N	\N	23:56:00	\N	\N	\N	\N	\N	            	\N	\N	\N
2990	62	COBB712	\N	\N	\N	00:02:00	\N	\N	\N	\N	\N	            	\N	\N	\N
2991	62	ACHNGRY	\N	\N	\N	00:04:30	\N	\N	\N	\N	\N	            	\N	\N	\N
2992	62	CRSTRSE	\N	\N	\N	00:09:00	\N	\N	\N	\N	\N	            	\N	\N	\N
2993	62	CRSTUPL	\N	00:11:30	00:19:30	\N	\N	\N	\N	\N	\N	A PRRM      	\N	\N	\N
2994	62	CRSTRS	\N	00:21:00	\N	\N	00:21:00	\N	2	\N	\N	TFN PR      	\N	\N	\N
2995	63	GLGC	\N	\N	23:40:00	\N	\N	23:40:00	1	A1	\N	TB          	\N	\N	\N
2996	63	GLGCBSJ	\N	\N	\N	23:42:00	\N	\N	\N	1U	\N	            	\N	\N	\N
2997	63	EGLNSTJ	\N	\N	\N	23:43:00	\N	\N	\N	UF	\N	            	\N	\N	\N
2998	63	LRKFLDJ	\N	\N	\N	23:44:30	\N	\N	\N	FL	\N	            	\N	\N	\N
2999	63	SHFD	\N	\N	\N	23:45:30	\N	\N	\N	\N	\N	            	\N	\N	\N
3000	63	RTHGNEJ	\N	\N	\N	23:46:30	\N	\N	\N	\N	\N	            	\N	\N	\N
3001	63	NWTLWJ	\N	\N	\N	23:48:00	\N	\N	\N	\N	\N	            	\N	\N	\N
3002	63	NWTLEJ	\N	\N	\N	23:49:00	\N	\N	\N	\N	\N	            	\N	\N	\N
3003	63	UDNGTNJ	\N	\N	\N	23:50:00	\N	\N	\N	\N	\N	            	\N	\N	\N
3004	63	MOTHRWL	\N	23:54:00	23:58:00	\N	\N	23:55:00	1	\N	\N	U           	\N	\N	\N
3005	63	SHILDMR	\N	\N	\N	00:01:00	\N	\N	2	\N	\N	            	\N	2H	\N
3006	63	LAWJ	\N	\N	\N	00:06:30	\N	\N	\N	\N	\N	            	\N	\N	\N
3007	63	LANARKJ	\N	\N	\N	00:12:30	\N	\N	\N	\N	\N	            	1	 H	\N
3008	63	CRSTRSN	\N	\N	\N	00:16:30	\N	\N	\N	PL	\N	            	\N	\N	\N
3009	63	CRSTRS	\N	00:18:00	00:40:00	\N	\N	00:25:00	2	\N	\N	U -U        	\N	\N	\N
3010	63	CRSTRSS	\N	\N	\N	00:41:30	\N	\N	\N	\N	\N	            	\N	\N	\N
3011	63	ABINGTN	\N	\N	\N	00:54:30	\N	\N	UM	\N	\N	            	\N	\N	1
3012	63	BEATCKS	\N	\N	\N	01:01:30	\N	\N	UM	\N	\N	            	\N	\N	\N
3013	63	BEATCK	\N	\N	\N	01:09:00	\N	\N	UM	\N	\N	            	\N	\N	\N
3014	63	LCKRBIE	\N	\N	\N	01:19:30	\N	\N	2	\N	\N	            	2	\N	\N
3015	63	KRKP862	\N	\N	\N	01:31:30	\N	\N	\N	\N	\N	            	\N	\N	\N
3016	63	GRETNAJ	\N	\N	\N	01:34:30	\N	\N	\N	\N	\N	            	\N	1	\N
3017	63	KGMRJCN	\N	\N	\N	01:40:00	\N	\N	\N	\N	\N	            	\N	\N	\N
3018	63	CARLCJN	\N	\N	\N	01:41:00	\N	\N	\N	UML	\N	            	\N	\N	\N
3019	63	CARLILE	\N	01:43:00	01:45:00	\N	\N	01:45:00	4	\N	\N	U           	\N	\N	\N
3020	63	PNTH	\N	\N	\N	02:00:30	\N	\N	1	\N	\N	            	\N	\N	\N
3021	63	EDENVGL	\N	\N	\N	02:03:30	\N	\N	\N	\N	\N	            	\N	\N	\N
3022	63	SHAPSMT	\N	\N	\N	02:11:00	\N	\N	\N	\N	\N	            	\N	\N	1
3023	63	TEBAY	\N	\N	\N	02:16:00	\N	\N	\N	\N	\N	            	\N	\N	\N
3024	63	GRIGG	\N	\N	\N	02:22:30	\N	\N	\N	\N	\N	            	\N	\N	\N
3025	63	OXENHLM	\N	\N	\N	02:28:00	\N	\N	1	\N	\N	            	1	\N	\N
3026	63	CRNFNJN	\N	\N	\N	02:38:30	\N	\N	\N	\N	\N	            	\N	\N	\N
3027	63	MORCMSJ	\N	\N	\N	02:42:00	\N	\N	\N	\N	\N	            	\N	\N	1
3028	63	LANCSTR	\N	\N	\N	02:44:30	\N	\N	UFL	\N	\N	            	\N	\N	\N
3029	63	GSTANG	\N	\N	\N	02:53:30	\N	\N	\N	\N	\N	            	2	\N	\N
3030	63	PRSTNFJ	\N	\N	\N	03:04:30	\N	\N	\N	DFL	\N	            	\N	\N	\N
3031	63	PRST	\N	03:06:00	03:15:00	\N	\N	\N	3	DFL	DFL	C A         	\N	\N	\N
3032	63	PRSTRJN	\N	\N	\N	03:16:30	\N	\N	\N	FL	\N	            	\N	\N	\N
3033	63	EUXTONJ	\N	\N	\N	03:20:30	\N	\N	\N	\N	\N	            	\N	\N	\N
3034	63	BALSHWL	\N	\N	\N	03:22:00	\N	\N	\N	\N	\N	            	\N	\N	\N
3035	63	WIGANNW	\N	\N	\N	03:27:30	\N	\N	4	\N	\N	            	\N	\N	\N
3036	63	WIGASJN	\N	\N	\N	03:28:00	\N	\N	\N	\N	\N	            	\N	\N	\N
3037	63	SPRBJN	\N	\N	\N	03:29:00	\N	\N	\N	SL	\N	            	\N	\N	\N
3038	63	GOLBRNJ	\N	\N	\N	03:34:00	\N	\N	\N	FL	\N	            	\N	\N	\N
3039	63	WINWCKJ	\N	\N	\N	03:37:30	\N	\N	\N	\N	\N	            	\N	\N	\N
3040	63	DALAMBR	\N	\N	\N	03:40:00	\N	\N	\N	\N	\N	            	\N	\N	\N
3041	63	WRGTNBQ	\N	\N	\N	03:41:30	\N	\N	2	OL	\N	            	\N	\N	\N
3042	63	WRGTWOJ	\N	\N	\N	03:44:00	\N	\N	\N	\N	\N	            	\N	\N	\N
3043	63	ACGJN	\N	\N	\N	03:46:30	\N	\N	\N	FL	\N	            	1	\N	\N
3044	63	WEAVERJ	\N	\N	\N	03:53:30	\N	\N	\N	\N	\N	            	\N	\N	\N
3045	63	ACBG	\N	\N	\N	03:55:30	\N	\N	\N	\N	\N	            	\N	\N	\N
3046	63	HARTFDJ	\N	\N	\N	03:56:30	\N	\N	\N	\N	\N	            	\N	\N	1
3047	63	WNSFD	\N	\N	\N	04:01:30	\N	\N	\N	SL	\N	            	1	\N	\N
3048	63	CREWECY	\N	\N	\N	04:08:00	\N	\N	\N	\N	\N	            	\N	\N	\N
3049	63	CREWE	\N	\N	\N	04:11:00	\N	\N	UFL	\N	\N	            	\N	\N	\N
3050	63	CREWBHJ	\N	\N	\N	04:13:00	\N	\N	\N	\N	\N	            	\N	 H	\N
3051	63	MADELEY	\N	\N	\N	04:18:30	\N	\N	\N	SL	SL	            	1	2	\N
3052	63	LBRDFJN	\N	\N	\N	04:30:30	\N	\N	\N	\N	\N	            	\N	\N	1
3053	63	STAFFRD	\N	\N	\N	04:34:30	\N	\N	4	SL	SL	            	\N	\N	\N
3054	63	STAFTVJ	\N	\N	\N	04:35:00	\N	\N	\N	\N	\N	            	\N	\N	\N
3055	63	WHHSJN	\N	\N	\N	04:37:30	\N	\N	\N	FL	\N	            	\N	 H	\N
3056	63	COLWICH	\N	\N	\N	04:40:30	\N	\N	\N	FL	FL	            	\N	\N	\N
3057	63	RUGLYNJ	\N	\N	\N	04:42:30	\N	\N	\N	FL	FL	            	\N	\N	1
3058	63	LCHTNJ	\N	\N	\N	04:49:00	\N	\N	\N	FL	FL	            	\N	\N	\N
3059	63	AMNGTNJ	\N	\N	\N	04:55:00	\N	\N	\N	FL	FL	            	\N	\N	\N
3060	63	NNTN	\N	\N	\N	05:04:30	\N	\N	4	FL	FL	            	10	\N	1
3061	63	RUGBNBJ	\N	\N	\N	05:26:00	\N	\N	\N	SL	\N	            	\N	\N	\N
3062	63	RUGBTVJ	\N	\N	\N	05:27:00	\N	\N	\N	UNL	SL	            	\N	\N	\N
3063	63	RUGBY	\N	\N	\N	05:28:00	\N	\N	5	UNL	UNL	            	\N	1	\N
3064	63	HMTNJ	\N	\N	\N	05:30:00	\N	\N	\N	\N	\N	            	\N	\N	\N
3065	63	DVNTYNJ	\N	\N	\N	05:32:00	\N	\N	\N	\N	\N	            	\N	1	\N
3066	63	LNGBKBY	\N	\N	\N	05:37:30	\N	\N	\N	\N	\N	            	\N	1	\N
3067	63	NMPTN	\N	\N	\N	05:47:00	\N	\N	UML	\N	\N	            	\N	1	\N
3068	63	CTENHLJ	\N	\N	\N	05:53:00	\N	\N	\N	\N	\N	            	\N	1H	\N
3069	63	HANSLPJ	\N	\N	\N	05:59:30	\N	\N	\N	SL	\N	            	\N	\N	\N
3070	63	MKNSCEN	\N	\N	\N	06:05:00	\N	\N	1	SL	SL	            	\N	\N	\N
3071	63	DNBGHSJ	\N	\N	\N	06:07:00	\N	\N	\N	\N	\N	            	\N	\N	\N
3072	63	BLTCHLY	\N	\N	\N	06:08:00	\N	\N	4	SL	SL	            	\N	4	\N
3073	63	LEDBRNJ	\N	\N	\N	06:20:00	\N	\N	\N	FL	SL	            	1	\N	\N
3074	63	TRING	\N	\N	\N	06:25:30	\N	\N	2	FL	FL	            	\N	\N	\N
3075	63	BONENDJ	\N	\N	\N	06:30:00	\N	\N	\N	FL	FL	            	\N	 H	1
3076	63	WATFDJ	\N	06:38:00	06:40:00	\N	06:40:00	\N	7	FL	FL	D           	\N	\N	\N
3077	63	HROW	\N	\N	\N	06:45:30	\N	\N	4	FL	FL	            	1	\N	\N
3078	63	WMBY	\N	\N	\N	06:49:00	\N	\N	4	\N	\N	            	\N	\N	\N
3079	63	WLSDWLJ	\N	\N	\N	06:51:00	\N	\N	\N	FL	FL	            	\N	\N	2H
3080	63	CMDNJN	\N	\N	\N	06:56:30	\N	\N	\N	A	\N	            	\N	\N	\N
3081	63	CMDNSTH	\N	\N	\N	06:57:00	\N	\N	\N	\N	\N	            	\N	\N	\N
3082	63	EUSTON	\N	07:00:00	\N	\N	07:15:00	\N	1	\N	\N	TF          	\N	\N	\N
3083	64	IVRNESS	\N	\N	20:45:00	\N	\N	20:45:00	2	\N	\N	TB          	\N	\N	\N
3084	64	MILBRNJ	\N	\N	\N	20:46:30	\N	\N	\N	DH	\N	            	\N	\N	\N
3085	64	CRAHALL	\N	\N	\N	20:48:00	\N	\N	\N	\N	\N	            	\N	\N	\N
3086	64	CULDNMR	\N	\N	\N	20:55:00	\N	\N	\N	\N	\N	            	\N	\N	\N
3087	64	MOYY	\N	\N	\N	21:06:30	\N	\N	\N	\N	\N	X           	\N	\N	\N
3088	64	TOMATIN	\N	\N	\N	21:10:30	\N	\N	\N	\N	\N	            	\N	\N	\N
3089	64	SLOCHD	\N	\N	\N	21:15:00	\N	\N	\N	\N	\N	            	\N	\N	\N
3090	64	CARRBDG	\N	\N	\N	21:20:00	\N	\N	1	\N	\N	            	1	\N	\N
3091	64	AVIEMRE	\N	21:27:00	21:34:00	\N	\N	21:32:00	1	\N	\N	U           	\N	\N	\N
3092	64	KNCRAIG	\N	\N	\N	21:41:00	\N	\N	\N	\N	\N	            	\N	\N	\N
3093	64	KGUSSIE	\N	21:46:00	21:50:00	\N	\N	21:48:00	2	\N	\N	U X         	\N	\N	\N
3094	64	NWTM	\N	21:54:30	21:56:30	\N	\N	21:54:00	1	\N	\N	U           	\N	\N	\N
3095	64	DALWHIN	\N	22:09:00	22:11:00	\N	\N	22:09:00	1	\N	\N	U X         	\N	\N	\N
3096	64	DLNSPDL	\N	\N	\N	22:19:00	\N	\N	\N	\N	\N	            	\N	\N	\N
3097	64	DLNCRDH	\N	\N	\N	22:24:30	\N	\N	\N	\N	\N	            	1	\N	\N
3098	64	BLARATH	\N	22:35:30	22:37:30	\N	\N	22:35:00	1	\N	\N	U           	\N	\N	\N
3099	64	PTLCHRY	\N	22:47:00	22:49:00	\N	\N	22:47:00	1	\N	\N	U           	\N	\N	\N
3100	64	DUNKELD	\N	23:01:30	23:05:30	\N	\N	23:03:00	1	\N	\N	U           	\N	\N	\N
3101	64	STNY	\N	\N	\N	23:15:00	\N	\N	\N	\N	\N	            	1	\N	\N
3102	64	PERTH	\N	23:23:30	23:28:30	\N	\N	23:26:00	4	\N	\N	U           	\N	\N	\N
3103	64	HILTONJ	\N	\N	\N	23:33:00	\N	\N	\N	\N	\N	            	\N	\N	\N
3104	64	HILT4	\N	\N	\N	23:36:00	\N	\N	\N	\N	\N	            	\N	\N	\N
3105	64	AUCHTDR	\N	\N	\N	23:44:00	\N	\N	\N	\N	\N	            	\N	\N	\N
3106	64	GLNEGLS	\N	23:46:00	23:47:30	\N	\N	23:45:00	1	\N	\N	U           	\N	\N	\N
3107	64	BLFD	\N	\N	\N	23:51:30	\N	\N	\N	\N	\N	            	\N	\N	\N
3108	64	GRNLNNG	\N	\N	\N	23:55:30	\N	\N	\N	\N	\N	            	1	\N	\N
3109	64	DUNANE	\N	00:02:00	00:04:00	\N	\N	00:02:00	1	\N	\N	U           	\N	\N	\N
3110	64	STIRLNG	\N	00:11:30	00:13:30	\N	\N	00:11:00	3	\N	\N	U           	\N	\N	\N
3111	64	LARBERJ	\N	\N	\N	00:21:30	\N	\N	\N	\N	\N	            	\N	\N	\N
3112	64	CRMRSEJ	\N	\N	\N	00:22:30	\N	\N	\N	\N	\N	            	1	\N	\N
3113	64	FALKRKG	\N	00:26:30	00:28:00	\N	\N	00:26:00	1	\N	\N	U           	\N	\N	\N
3114	64	GRNGMTJ	\N	\N	\N	00:30:30	\N	\N	\N	\N	\N	            	\N	\N	\N
3115	64	POLMONT	\N	\N	\N	00:33:30	\N	\N	1	\N	\N	            	\N	\N	\N
3116	64	LNLTHGW	\N	\N	\N	00:37:30	\N	\N	1	\N	\N	            	\N	\N	\N
3117	64	WNCBROJ	\N	\N	\N	00:41:30	\N	\N	\N	\N	\N	            	\N	\N	\N
3118	64	NWBG	\N	\N	\N	00:44:30	\N	\N	\N	\N	\N	            	2	\N	\N
3119	64	HAYMRWJ	\N	\N	\N	00:51:00	\N	\N	\N	US	\N	            	\N	\N	\N
3120	64	HAYMRKT	\N	\N	\N	00:52:00	\N	\N	3	US	\N	            	\N	 H	\N
3121	64	PRNCSTG	\N	\N	\N	00:54:00	\N	\N	\N	X	\N	            	\N	\N	\N
3122	64	EDINBUR	\N	00:56:00	01:24:00	\N	\N	\N	7	W	X	-UL         	\N	\N	\N
3123	64	PRNCSTG	2	\N	\N	01:25:30	\N	\N	\N	DS	\N	            	\N	\N	\N
3124	64	HAYMRKT	2	\N	\N	01:27:00	\N	\N	4	\N	\N	            	\N	\N	\N
3125	64	SLATEFD	\N	\N	\N	01:29:00	\N	\N	\N	\N	\N	            	\N	\N	\N
3126	64	MDCLDRJ	\N	\N	\N	01:36:30	\N	\N	\N	\N	\N	            	\N	\N	\N
3127	64	COBB712	\N	\N	\N	01:42:30	\N	\N	\N	\N	\N	            	\N	\N	\N
3128	64	ACHNGRY	\N	\N	\N	01:45:00	\N	\N	\N	\N	\N	            	\N	\N	\N
3129	64	CRSTRSE	\N	\N	\N	01:49:30	\N	\N	\N	\N	\N	            	1	\N	\N
3130	64	CRSTRSS	\N	\N	\N	01:51:30	\N	\N	\N	\N	\N	            	\N	\N	\N
3131	64	ABINGTN	\N	\N	\N	02:06:00	\N	\N	UM	\N	\N	            	\N	\N	\N
3132	64	BEATCKS	\N	\N	\N	02:12:00	\N	\N	UM	\N	\N	            	\N	\N	\N
3133	64	BEATCK	\N	\N	\N	02:19:30	\N	\N	UM	\N	\N	            	\N	\N	\N
3134	64	LCKRBIE	\N	\N	\N	02:30:00	\N	\N	2	\N	\N	            	2	\N	\N
3135	64	KRKP862	\N	\N	\N	02:42:00	\N	\N	\N	\N	\N	            	\N	\N	\N
3136	64	GRETNAJ	\N	\N	\N	02:45:00	\N	\N	\N	\N	\N	            	\N	\N	\N
3137	64	KGMRJCN	\N	\N	\N	02:49:30	\N	\N	\N	\N	\N	            	\N	\N	\N
3138	64	CARLCJN	\N	\N	\N	02:50:30	\N	\N	\N	UML	\N	            	\N	\N	\N
3139	64	CARLILE	\N	02:52:30	02:54:30	\N	\N	\N	4	\N	\N	S           	\N	\N	\N
3140	64	PNTH	\N	\N	\N	03:10:00	\N	\N	1	\N	\N	            	\N	\N	\N
3141	64	EDENVGL	\N	\N	\N	03:13:00	\N	\N	\N	\N	\N	            	\N	\N	\N
3142	64	SHAPSMT	\N	\N	\N	03:20:30	\N	\N	\N	\N	\N	            	\N	\N	\N
3143	64	TEBAY	\N	\N	\N	03:24:30	\N	\N	\N	\N	\N	            	\N	\N	\N
3144	64	GRIGG	\N	\N	\N	03:31:00	\N	\N	\N	\N	\N	            	\N	\N	\N
3145	64	OXENHLM	\N	\N	\N	03:36:30	\N	\N	1	\N	\N	            	1	\N	\N
3146	64	CRNFNJN	\N	\N	\N	03:47:00	\N	\N	\N	\N	\N	            	\N	\N	\N
3147	64	MORCMSJ	\N	\N	\N	03:50:30	\N	\N	\N	\N	\N	            	\N	\N	\N
3148	64	LANCSTR	\N	\N	\N	03:52:00	\N	\N	UFL	\N	\N	            	\N	\N	\N
3149	64	GSTANG	\N	\N	\N	04:01:00	\N	\N	\N	\N	\N	            	2	\N	\N
3150	64	PRSTNFJ	\N	\N	\N	04:12:00	\N	\N	\N	UFL	\N	            	\N	\N	\N
3151	64	PRST	\N	04:13:30	04:15:30	\N	04:15:00	\N	4	UFL	UFL	D           	\N	\N	\N
3152	64	PRSTRJN	\N	\N	\N	04:17:00	\N	\N	\N	FL	\N	            	\N	\N	\N
3153	64	EUXTONJ	\N	\N	\N	04:21:00	\N	\N	\N	\N	\N	            	\N	\N	\N
3154	64	BALSHWL	\N	\N	\N	04:22:30	\N	\N	\N	\N	\N	            	\N	\N	\N
3155	64	WIGANNW	\N	\N	\N	04:28:00	\N	\N	4	\N	\N	            	\N	\N	\N
3156	64	WIGASJN	\N	\N	\N	04:28:30	\N	\N	\N	\N	\N	            	\N	\N	\N
3157	64	SPRBJN	\N	\N	\N	04:29:00	\N	\N	\N	SL	\N	            	\N	\N	\N
3158	64	GOLBRNJ	\N	\N	\N	04:34:00	\N	\N	\N	FL	\N	            	\N	\N	\N
3159	64	WINWCKJ	\N	\N	\N	04:37:30	\N	\N	\N	\N	\N	            	\N	\N	\N
3160	64	DALAMBR	\N	\N	\N	04:40:00	\N	\N	\N	\N	\N	            	\N	\N	\N
3161	64	WRGTNBQ	\N	\N	\N	04:41:30	\N	\N	2	OL	\N	            	\N	\N	\N
3162	64	WRGTWOJ	\N	\N	\N	04:44:00	\N	\N	\N	\N	\N	            	\N	\N	\N
3163	64	ACGJN	\N	\N	\N	04:46:30	\N	\N	\N	FL	\N	            	1	\N	\N
3164	64	WEAVERJ	\N	\N	\N	04:53:30	\N	\N	\N	\N	\N	            	\N	\N	\N
3165	64	ACBG	\N	\N	\N	04:55:30	\N	\N	\N	\N	\N	            	\N	\N	\N
3166	64	HARTFDJ	\N	\N	\N	04:56:30	\N	\N	\N	\N	\N	            	\N	1H	1
3167	64	WNSFD	\N	\N	\N	05:03:00	\N	\N	\N	SL	\N	            	1	\N	\N
3168	64	CREWECY	\N	\N	\N	05:09:30	\N	\N	\N	\N	\N	            	\N	\N	\N
3169	64	CREWE	\N	05:11:00	05:14:00	\N	05:12:00	\N	5	\N	\N	D           	\N	 H	\N
3170	64	CREWBHJ	\N	\N	\N	05:18:00	\N	\N	\N	FL	\N	            	\N	\N	\N
3171	64	MADELEY	\N	\N	\N	05:23:00	\N	\N	\N	FL	FL	            	1	\N	\N
3172	64	NTNB	\N	\N	\N	05:32:00	\N	\N	\N	FL	FL	            	\N	\N	\N
3173	64	STAFFRD	\N	\N	\N	05:37:00	\N	\N	UFL	FL	FL	            	\N	\N	\N
3174	64	STAFFSJ	\N	\N	\N	05:37:30	\N	\N	\N	SL	\N	            	\N	\N	\N
3175	64	STAFTVJ	\N	\N	\N	05:38:00	\N	\N	\N	\N	\N	            	\N	\N	\N
3176	64	PNKRDG	\N	\N	\N	05:42:00	\N	\N	\N	\N	\N	            	1	1	\N
3177	64	BSBYJN	\N	\N	\N	05:51:30	\N	\N	\N	\N	\N	            	\N	\N	\N
3178	64	PBLJWM	\N	\N	\N	05:54:30	\N	\N	\N	\N	\N	            	\N	\N	\N
3179	64	DRLSTNJ	\N	\N	\N	05:57:00	\N	\N	\N	\N	\N	            	\N	\N	\N
3180	64	BSCTSTA	\N	\N	\N	05:58:00	\N	\N	\N	\N	\N	            	1	\N	\N
3181	64	PRYBRNJ	\N	\N	\N	06:02:30	\N	\N	\N	\N	\N	            	\N	\N	\N
3182	64	ASTON	\N	\N	\N	06:04:30	\N	\N	2	\N	\N	            	\N	4	\N
3183	64	STECHFD	\N	\N	\N	06:13:30	\N	\N	\N	\N	\N	            	\N	\N	\N
3184	64	BHAMINT	\N	06:18:30	06:20:30	\N	06:20:00	\N	5	\N	\N	D           	\N	\N	\N
3185	64	BKSWELL	\N	\N	\N	06:25:30	\N	\N	\N	\N	\N	            	1	 H	\N
3186	64	COVNTRY	\N	\N	\N	06:31:00	\N	\N	2	\N	\N	            	1	\N	\N
3187	64	RUGBTVJ	\N	\N	\N	06:40:00	\N	\N	\N	FL	\N	            	\N	\N	\N
3188	64	RUGBY	\N	\N	\N	06:41:00	\N	\N	4	FL	FL	            	\N	\N	\N
3189	64	HMTNJ	\N	\N	\N	06:42:00	\N	\N	\N	\N	\N	            	\N	\N	\N
3190	64	WEEDON	\N	\N	\N	06:50:30	\N	\N	\N	FL	FL	            	\N	\N	\N
3191	64	HANSLPJ	\N	\N	\N	07:00:30	\N	\N	\N	FL	FL	            	\N	\N	\N
3192	64	MKNSCEN	\N	\N	\N	07:05:30	\N	\N	4	FL	FL	            	\N	\N	\N
3193	64	BLTCHLY	\N	\N	\N	07:07:30	\N	\N	2	FL	FL	            	\N	\N	\N
3194	64	LEDBRNJ	\N	\N	\N	07:14:30	\N	\N	\N	FL	FL	            	1	\N	\N
3195	64	TRING	\N	\N	\N	07:20:00	\N	\N	2	FL	FL	            	\N	\N	\N
3196	64	BONENDJ	\N	\N	\N	07:24:30	\N	\N	\N	FL	FL	            	\N	\N	\N
3197	64	WATFDJ	\N	\N	\N	07:30:30	\N	\N	7	FL	FL	            	\N	\N	\N
3198	64	HROW	\N	\N	\N	07:35:00	\N	\N	4	FL	FL	            	1	\N	\N
3199	64	WMBY	\N	\N	\N	07:38:30	\N	\N	4	\N	\N	            	\N	\N	\N
3200	64	WLSDWLJ	\N	\N	\N	07:40:30	\N	\N	\N	FL	FL	            	\N	\N	\N
3201	64	CMDNJN	\N	\N	\N	07:43:30	\N	\N	\N	D	\N	            	\N	\N	\N
3202	64	CMDNSTH	\N	\N	\N	07:44:00	\N	\N	\N	\N	\N	            	\N	\N	\N
3203	64	EUSTON	\N	07:47:00	\N	\N	08:00:00	\N	15	\N	\N	TF          	\N	\N	\N
3204	65	EUSTON	\N	\N	21:15:00	\N	\N	21:15:00	1	X	\N	TBK         	\N	\N	\N
3205	65	CMDNSTH	\N	\N	\N	21:18:00	\N	\N	\N	E	\N	            	\N	\N	\N
3206	65	CMDNJN	\N	\N	\N	21:18:30	\N	\N	\N	FL	\N	            	\N	\N	\N
3207	65	WLSDWLJ	\N	\N	\N	21:21:30	\N	\N	\N	FL	FL	            	\N	\N	\N
3208	65	WMBY	\N	\N	\N	21:23:30	\N	\N	3	\N	\N	            	\N	\N	\N
3209	65	HROW	\N	\N	\N	21:26:00	\N	\N	3	FL	FL	            	\N	\N	\N
3210	65	WATFDJ	\N	\N	\N	21:30:30	\N	\N	6	FL	FL	            	\N	\N	\N
3211	65	BONENDJ	\N	\N	\N	21:36:30	\N	\N	\N	FL	FL	            	\N	\N	\N
3212	65	TRING	\N	\N	\N	21:41:00	\N	\N	1	FL	FL	            	\N	\N	\N
3213	65	LEDBRNJ	\N	\N	\N	21:45:30	\N	\N	\N	FL	FL	            	\N	\N	\N
3214	65	BLTCHLY	\N	\N	\N	21:52:30	\N	\N	1	FL	FL	            	\N	\N	\N
3215	65	MKNSCEN	\N	\N	\N	21:55:00	\N	\N	6	FL	FL	            	1	\N	\N
3216	65	HANSLPJ	\N	\N	\N	22:01:00	\N	\N	\N	FL	FL	            	\N	\N	 H
3217	65	WEEDON	\N	\N	\N	22:11:30	\N	\N	\N	FL	FL	            	1	\N	\N
3218	65	HMTNJ	\N	\N	\N	22:21:00	\N	\N	\N	\N	\N	            	\N	\N	\N
3219	65	RUGBY	\N	\N	\N	22:22:00	\N	\N	DFL	FL	FL	            	\N	\N	\N
3220	65	RUGBTVJ	\N	\N	\N	22:22:30	\N	\N	\N	\N	FL	            	1	 H	\N
3221	65	COVNTRY	\N	\N	\N	22:32:00	\N	\N	3	\N	\N	            	\N	\N	\N
3222	65	BKSWELL	\N	\N	\N	22:36:00	\N	\N	\N	\N	\N	            	\N	1	\N
3223	65	BHAMINT	\N	22:41:30	22:44:30	\N	\N	22:42:00	3	\N	\N	U           	\N	\N	\N
3224	65	STECHFD	\N	\N	\N	22:50:00	\N	\N	\N	\N	\N	            	1	\N	\N
3225	65	ASTON	\N	\N	\N	22:56:00	\N	\N	1	\N	\N	            	\N	\N	\N
3226	65	PRYBRNJ	\N	\N	\N	22:58:30	\N	\N	\N	\N	\N	            	\N	\N	\N
3227	65	BSCTSTA	\N	\N	\N	23:02:00	\N	\N	\N	\N	\N	            	1	\N	\N
3228	65	DRLSTNJ	\N	\N	\N	23:04:00	\N	\N	\N	\N	\N	            	\N	\N	\N
3229	65	PBLJWM	\N	\N	\N	23:06:30	\N	\N	\N	\N	\N	            	\N	\N	\N
3230	65	BSBYJN	\N	\N	\N	23:09:00	\N	\N	\N	\N	\N	            	\N	\N	\N
3231	65	PNKRDG	\N	\N	\N	23:17:00	\N	\N	\N	\N	\N	            	1	\N	\N
3232	65	STAFTVJ	\N	\N	\N	23:22:00	\N	\N	\N	SL	\N	            	\N	\N	\N
3233	65	STAFFRD	\N	\N	\N	23:22:30	\N	\N	5	SL	SL	            	\N	\N	\N
3234	65	SLIGHTJ	\N	\N	\N	23:27:00	\N	\N	\N	\N	\N	            	\N	\N	\N
3235	65	MADELEY	\N	\N	\N	23:35:00	\N	\N	\N	SL	SL	            	1	2	 H
3236	65	CREWBHJ	\N	\N	\N	23:43:30	\N	\N	\N	\N	\N	            	\N	1H	\N
3237	65	CREWE	\N	23:47:00	23:50:00	\N	\N	23:45:00	6	\N	\N	U K         	\N	\N	\N
3238	65	CREWECY	\N	\N	\N	23:51:30	\N	\N	\N	\N	\N	            	\N	\N	\N
3239	65	WNSFD	\N	\N	\N	23:57:30	\N	\N	\N	FL	\N	            	\N	\N	\N
3240	65	HARTFDJ	\N	\N	\N	00:01:00	\N	\N	\N	\N	\N	            	\N	\N	\N
3241	65	ACBG	\N	\N	\N	00:02:30	\N	\N	\N	\N	\N	            	\N	\N	\N
3242	65	WEAVERJ	\N	\N	\N	00:04:00	\N	\N	\N	\N	\N	            	\N	\N	\N
3243	65	ACGJN	\N	\N	\N	00:11:30	\N	\N	\N	OL	\N	            	\N	\N	\N
3244	65	WRGTWOJ	\N	\N	\N	00:14:00	\N	\N	\N	\N	\N	            	\N	\N	\N
3245	65	WRGTNBQ	\N	\N	\N	00:17:00	\N	\N	3	FL	\N	            	\N	\N	\N
3246	65	DALAMBR	\N	\N	\N	00:18:00	\N	\N	\N	\N	\N	            	\N	\N	\N
3247	65	WINWCKJ	\N	\N	\N	00:20:30	\N	\N	\N	\N	\N	            	\N	\N	\N
3248	65	GOLBRNJ	\N	\N	\N	00:24:00	\N	\N	\N	SL	\N	            	\N	\N	\N
3249	65	SPRBJN	\N	\N	\N	00:28:00	\N	\N	\N	FL	\N	            	\N	\N	\N
3250	65	WIGASJN	\N	\N	\N	00:28:30	\N	\N	\N	\N	\N	            	\N	\N	\N
3251	65	WIGANNW	\N	\N	\N	00:29:00	\N	\N	5	\N	\N	            	\N	 H	1
3252	65	BALSHWL	\N	\N	\N	00:36:00	\N	\N	\N	\N	\N	            	1	\N	\N
3253	65	EUXTONJ	\N	\N	\N	00:38:30	\N	\N	\N	\N	\N	            	1	2	\N
3254	65	PRSTRJN	\N	\N	\N	00:46:00	\N	\N	\N	DFL	\N	            	\N	\N	 H
3255	65	PRST	\N	00:48:00	00:58:00	\N	\N	00:30:00	4	UFL	DFL	U K         	\N	\N	\N
3256	65	PRSTNFJ	\N	\N	\N	00:59:30	\N	\N	\N	\N	\N	            	\N	\N	\N
3257	65	BBGHGL	\N	\N	\N	01:03:30	\N	\N	\N	\N	\N	            	\N	\N	\N
3258	65	GSTANG	\N	\N	\N	01:07:00	\N	\N	\N	\N	\N	            	\N	\N	\N
3259	65	LANCSTR	\N	\N	\N	01:16:30	\N	\N	DFL	\N	\N	            	\N	\N	\N
3260	65	MORCMSJ	\N	\N	\N	01:18:00	\N	\N	\N	\N	\N	            	\N	\N	\N
3261	65	CRNFNJN	\N	\N	\N	01:21:00	\N	\N	\N	\N	\N	            	\N	\N	\N
3262	65	OXENHLM	\N	\N	\N	01:31:00	\N	\N	2	\N	\N	            	\N	\N	\N
3263	65	GRIGG	\N	\N	\N	01:36:30	\N	\N	\N	\N	\N	            	1	\N	\N
3264	65	TEBAY	\N	\N	\N	01:42:00	\N	\N	\N	\N	\N	            	\N	\N	\N
3265	65	SHAPSMT	\N	\N	\N	01:46:00	\N	\N	\N	\N	\N	            	\N	\N	\N
3266	65	SHAPHNS	\N	\N	\N	01:49:00	\N	\N	\N	\N	\N	            	\N	 H	\N
3267	65	PNTH	\N	\N	\N	01:58:00	\N	\N	2	\N	\N	            	2	\N	1
3268	65	CARLILE	\N	02:15:30	02:18:30	\N	\N	\N	3	DML	\N	S           	\N	\N	\N
3269	65	CARLCJN	\N	\N	\N	02:20:30	\N	\N	\N	\N	\N	            	\N	\N	\N
3270	65	KGMRJCN	\N	\N	\N	02:22:00	\N	\N	\N	\N	\N	            	\N	\N	\N
3271	65	FLORSTN	\N	\N	\N	02:25:00	\N	\N	\N	\N	\N	            	\N	\N	\N
3272	65	GRETNAJ	\N	\N	\N	02:27:00	\N	\N	\N	\N	\N	            	\N	\N	\N
3273	65	KRKP863	\N	\N	\N	02:30:00	\N	\N	\N	\N	\N	            	\N	\N	\N
3274	65	LCKRBIE	\N	\N	\N	02:39:30	\N	\N	1	\N	\N	            	\N	\N	\N
3275	65	BEATCK	\N	\N	\N	02:50:30	\N	\N	DM	\N	\N	            	\N	\N	1
3276	65	BEATCKS	\N	\N	\N	02:59:30	\N	\N	DM	\N	\N	            	\N	 H	\N
3277	65	ABINGTN	\N	\N	\N	03:06:00	\N	\N	DM	\N	\N	            	2	\N	\N
3278	65	CRSTRSS	\N	\N	\N	03:20:00	\N	\N	\N	\N	\N	            	\N	\N	\N
3279	65	CRSTRSE	\N	\N	\N	03:21:00	\N	\N	\N	\N	\N	            	\N	\N	\N
3280	65	ACHNGRY	\N	\N	\N	03:25:30	\N	\N	\N	\N	\N	            	\N	\N	\N
3281	65	COBB713	\N	\N	\N	03:28:00	\N	\N	\N	\N	\N	            	\N	\N	\N
3282	65	MDCLDRJ	\N	\N	\N	03:34:00	\N	\N	\N	\N	\N	            	1	\N	\N
3283	65	SLATEFD	\N	\N	\N	03:42:00	\N	\N	\N	\N	\N	            	\N	\N	\N
3284	65	HAYMRKT	\N	\N	\N	03:44:00	\N	\N	3	US	\N	            	\N	\N	\N
3285	65	PRNCSTG	\N	\N	\N	03:45:30	\N	\N	\N	X	\N	            	\N	\N	\N
3286	65	EDINBUR	\N	03:47:00	04:20:00	\N	\N	\N	7	X	X	L -D        	\N	\N	\N
3287	65	PRNCSTG	2	\N	\N	04:21:30	\N	\N	\N	DS	\N	            	\N	\N	\N
3288	65	HAYMRKT	2	\N	\N	04:23:00	\N	\N	4	DS	\N	            	\N	\N	\N
3289	65	HAYMRWJ	\N	\N	\N	04:24:30	\N	\N	\N	\N	DS	            	\N	\N	\N
3290	65	NWBG	\N	\N	\N	04:31:00	\N	\N	\N	\N	\N	            	\N	\N	\N
3291	65	WNCBROJ	\N	\N	\N	04:34:30	\N	\N	\N	\N	\N	            	\N	\N	\N
3292	65	LNLTHGW	\N	\N	\N	04:38:30	\N	\N	2	\N	\N	            	\N	\N	\N
3293	65	POLMONT	\N	\N	\N	04:44:00	\N	\N	2	\N	\N	            	\N	\N	\N
3294	65	GRNGMTJ	\N	\N	\N	04:47:00	\N	\N	\N	\N	\N	            	1	\N	\N
3295	65	CRMRSEJ	\N	\N	\N	04:50:30	\N	\N	\N	\N	\N	            	\N	\N	\N
3296	65	LARBERJ	\N	\N	\N	04:51:30	\N	\N	\N	\N	\N	            	\N	\N	\N
3297	65	STIRLNG	\N	04:58:30	05:00:00	\N	04:59:00	\N	2	\N	\N	D           	\N	\N	\N
3298	65	DUNANE	\N	05:08:00	05:09:30	\N	05:08:00	\N	2	\N	\N	D           	\N	\N	\N
3299	65	DUNA43	\N	\N	\N	05:13:00	\N	\N	\N	\N	\N	            	1	\N	\N
3300	65	GRNLNNG	\N	\N	\N	05:17:30	\N	\N	\N	\N	\N	            	\N	\N	\N
3301	65	BLFD	\N	\N	\N	05:21:30	\N	\N	\N	\N	\N	            	\N	\N	\N
3302	65	GLNEGLS	\N	05:23:30	05:25:00	\N	05:24:00	\N	2	\N	\N	D           	\N	\N	\N
3303	65	AUCHTDR	\N	\N	\N	05:27:30	\N	\N	\N	\N	\N	            	\N	\N	\N
3304	65	HILT19	\N	\N	\N	05:34:30	\N	\N	\N	\N	\N	            	1	\N	\N
3305	65	HILTONJ	\N	\N	\N	05:38:30	\N	\N	\N	\N	\N	            	\N	\N	\N
3306	65	PERTH	\N	05:42:00	05:43:30	\N	05:42:00	\N	7	\N	\N	D           	\N	\N	\N
3307	65	STNY	\N	\N	\N	05:53:00	\N	\N	\N	\N	\N	            	\N	\N	\N
3308	65	DUNKELD	\N	06:02:00	06:03:30	\N	06:02:00	\N	1	\N	\N	D           	\N	\N	\N
3309	65	PTLCHRY	\N	06:16:00	06:17:30	\N	06:16:00	\N	1	\N	\N	D           	\N	\N	\N
3310	65	BLARATH	\N	06:28:00	06:29:30	\N	06:28:00	\N	2	\N	\N	D           	\N	\N	\N
3311	65	DLNCRDH	\N	\N	\N	06:41:30	\N	\N	\N	\N	\N	            	\N	\N	\N
3312	65	DLNSPDL	\N	\N	\N	06:49:30	\N	\N	\N	\N	\N	            	1	\N	\N
3313	65	DALWHIN	\N	06:59:00	07:00:30	\N	06:59:00	\N	2	\N	\N	D           	\N	\N	\N
3314	65	NWTM	\N	07:10:30	07:12:00	\N	07:11:00	\N	1	\N	\N	D           	\N	\N	\N
3315	65	KGUSSIE	\N	07:16:00	07:17:30	\N	07:16:00	07:17:00	1	\N	\N	T           	\N	\N	\N
3316	65	KNCRAIG	\N	07:25:00	07:31:00	\N	\N	\N	\N	\N	\N	A X         	1	\N	\N
3317	65	AVIEMRE	\N	07:38:30	07:43:00	\N	07:39:00	07:43:00	1	\N	\N	T           	\N	\N	\N
3318	65	CARRBDG	\N	07:53:00	07:54:30	\N	07:53:00	07:54:00	1	\N	\N	T           	\N	\N	\N
3319	65	SLOCHD	\N	\N	\N	08:02:30	\N	\N	\N	\N	\N	            	\N	\N	\N
3320	65	TOMATIN	\N	08:08:00	08:16:00	\N	\N	\N	\N	\N	\N	X A         	\N	\N	\N
3321	65	MOYY	\N	\N	\N	08:20:30	\N	\N	\N	\N	\N	            	\N	\N	\N
3322	65	CULDNMR	\N	\N	\N	08:27:00	\N	\N	\N	\N	\N	            	1	\N	\N
3323	65	CRAHALL	\N	\N	\N	08:32:00	\N	\N	\N	DH	\N	            	\N	\N	\N
3324	65	MILBRNJ	\N	\N	\N	08:33:00	\N	\N	\N	\N	DH	            	\N	\N	\N
3325	65	IVRNESS	\N	08:35:00	\N	\N	08:45:00	\N	2	\N	\N	TF          	\N	\N	\N
3326	66	EDINBUR	\N	\N	04:28:00	\N	\N	04:28:00	7	W	\N	TBN         	\N	\N	\N
3327	66	PRNCSTG	\N	\N	\N	04:29:30	\N	\N	\N	DS	\N	            	\N	\N	\N
3328	66	HAYMRKT	\N	\N	\N	04:31:00	\N	\N	4	DS	\N	            	\N	\N	\N
3329	66	HAYMRWJ	\N	\N	\N	04:32:30	\N	\N	\N	\N	DS	            	\N	\N	\N
3330	66	NWBG	\N	\N	\N	04:39:00	\N	\N	\N	\N	\N	            	\N	\N	\N
3331	66	WNCBROJ	\N	\N	\N	04:42:30	\N	\N	\N	\N	\N	            	\N	\N	\N
3332	66	LNLTHGW	\N	\N	\N	04:47:00	\N	\N	2	\N	\N	            	\N	\N	\N
3333	66	POLMONT	\N	\N	\N	04:52:00	\N	\N	2	\N	\N	            	\N	\N	\N
3334	66	GRNGMTJ	\N	\N	\N	04:55:30	\N	\N	\N	\N	\N	            	1	\N	\N
3335	66	CRMRSEJ	\N	\N	\N	04:59:30	\N	\N	\N	\N	\N	            	\N	\N	\N
3336	66	LARBERJ	\N	\N	\N	05:00:30	\N	\N	\N	\N	\N	            	\N	\N	\N
3337	66	STIRLNG	\N	\N	\N	05:07:30	\N	\N	2	\N	\N	            	\N	4	\N
3338	66	DUNANE	\N	\N	\N	05:18:00	\N	\N	2	\N	\N	            	1	\N	\N
3339	66	DUNA43	\N	\N	\N	05:22:00	\N	\N	\N	\N	\N	            	\N	\N	\N
3340	66	GRNLNNG	\N	\N	\N	05:25:30	\N	\N	\N	\N	\N	            	\N	1	\N
3341	66	BLFD	\N	\N	\N	05:30:30	\N	\N	\N	\N	\N	            	\N	\N	\N
3342	66	AUCHTDR	\N	\N	\N	05:34:30	\N	\N	\N	\N	\N	            	\N	\N	\N
3343	66	HILT19	\N	\N	\N	05:41:30	\N	\N	\N	\N	\N	            	1	\N	\N
3344	66	HILTONJ	\N	\N	\N	05:45:30	\N	\N	\N	\N	\N	            	\N	\N	\N
3345	66	PERTH	\N	\N	\N	05:49:30	\N	\N	2	\N	\N	            	\N	\N	\N
3346	66	BHLP	\N	\N	\N	05:52:30	\N	\N	\N	\N	\N	            	\N	\N	\N
3347	66	ERROLLC	\N	\N	\N	06:01:00	\N	\N	\N	\N	\N	            	\N	\N	\N
3348	66	LFGNLC	\N	\N	\N	06:05:00	\N	\N	\N	\N	\N	            	\N	\N	\N
3349	66	DUND697	\N	\N	\N	06:06:00	\N	\N	\N	\N	\N	            	\N	\N	\N
3350	66	DUNDCJ	\N	\N	\N	06:09:00	\N	\N	\N	\N	\N	            	\N	\N	\N
3351	66	DUNDETB	\N	06:10:00	06:12:00	\N	06:11:00	\N	4	\N	\N	D           	\N	\N	\N
3352	66	CMPRDNJ	\N	\N	\N	06:14:30	\N	\N	\N	\N	\N	            	\N	\N	\N
3353	66	BRFRY	\N	\N	\N	06:19:00	\N	\N	2	\N	\N	            	\N	\N	\N
3354	66	CNST	\N	06:24:30	06:26:30	\N	06:26:00	\N	2	\N	\N	D           	\N	\N	\N
3355	66	ARBROTH	\N	06:32:00	06:34:00	\N	06:33:00	\N	2	\N	\N	D           	\N	\N	\N
3356	66	INVKLOR	\N	\N	\N	06:40:30	\N	\N	\N	\N	\N	            	\N	\N	\N
3357	66	USAN	\N	\N	\N	06:45:30	\N	\N	\N	\N	\N	            	\N	\N	\N
3358	66	MONTRSE	\N	06:48:30	06:50:30	\N	06:50:00	\N	2	\N	\N	D           	1	\N	\N
3359	66	CRAIGO	\N	\N	\N	06:56:30	\N	\N	\N	\N	\N	            	\N	\N	\N
3360	66	LRNCKRK	\N	\N	\N	07:01:30	\N	\N	\N	\N	\N	            	\N	\N	\N
3361	66	CAARMNT	\N	\N	\N	07:08:00	\N	\N	\N	\N	\N	            	\N	\N	\N
3362	66	SHVN	\N	07:13:30	07:15:30	\N	07:15:00	\N	2	\N	\N	D           	\N	\N	\N
3363	66	ABRD223	\N	\N	\N	07:21:30	\N	\N	\N	\N	\N	            	\N	\N	\N
3364	66	ABRD229	\N	\N	\N	07:25:00	\N	\N	\N	\N	\N	            	\N	\N	\N
3365	66	ABRD55	\N	\N	\N	07:28:30	\N	\N	\N	\N	\N	            	\N	\N	\N
3366	66	CRGISTH	\N	\N	\N	07:29:30	\N	\N	\N	\N	\N	            	1	\N	\N
3367	66	ABRDFJN	\N	\N	\N	07:32:00	\N	\N	\N	\N	\N	            	\N	\N	\N
3368	66	ABRDEEN	\N	07:34:00	\N	\N	07:50:00	\N	6S	\N	\N	TF          	\N	\N	\N
3369	67	EDINBUR	\N	\N	04:50:00	\N	\N	04:50:00	7	W	\N	TB          	\N	 H	\N
3370	67	PRNCSTG	\N	\N	\N	04:51:30	\N	\N	\N	DS	\N	            	\N	\N	\N
3371	67	HAYMRKT	\N	\N	\N	04:53:00	\N	\N	4	DS	\N	            	\N	\N	\N
3372	67	HAYMRWJ	\N	\N	\N	04:55:00	\N	\N	\N	\N	DS	            	\N	\N	\N
3373	67	NWBG	\N	\N	\N	05:01:00	\N	\N	\N	\N	\N	            	\N	\N	\N
3374	67	UPHALL	\N	\N	\N	05:06:00	\N	\N	\N	\N	\N	            	\N	\N	\N
3375	67	BTHGATE	\N	\N	\N	05:12:00	\N	\N	2	\N	\N	            	\N	\N	\N
3376	67	AIRDRIE	\N	\N	\N	05:26:00	\N	\N	2	\N	\N	            	\N	\N	\N
3377	67	COATBDS	\N	\N	\N	05:29:30	\N	\N	\N	\N	\N	            	\N	\N	\N
3378	67	SHTLSTN	\N	\N	\N	05:36:30	\N	\N	\N	\N	\N	            	\N	\N	\N
3379	67	BLGRVE	\N	\N	\N	05:41:30	\N	\N	1	\N	\N	            	\N	\N	\N
3380	67	GLGQLL	\N	05:47:00	05:48:30	\N	\N	05:48:00	8	\N	\N	U           	\N	\N	\N
3381	67	FNSTNEJ	\N	\N	\N	05:54:00	\N	\N	\N	\N	\N	            	\N	\N	\N
3382	67	HYNDLEJ	\N	\N	\N	05:57:00	\N	\N	\N	\N	\N	            	\N	\N	\N
3383	67	ANSL	\N	\N	\N	05:58:00	\N	\N	2	\N	\N	            	\N	\N	\N
3384	67	WESTRTN	\N	\N	\N	06:00:30	\N	\N	2	\N	\N	            	\N	\N	\N
3385	67	DALMUIR	\N	06:04:30	06:06:00	\N	06:05:00	06:06:00	1	\N	\N	T           	\N	\N	\N
3386	67	DMBRTNC	\N	06:15:30	06:17:00	\N	06:16:00	06:17:00	2	\N	\N	T           	\N	\N	\N
3387	67	DLREOCH	\N	\N	\N	06:18:30	\N	\N	\N	\N	\N	            	\N	\N	\N
3388	67	CRGDRNJ	\N	\N	\N	06:26:30	\N	\N	\N	\N	\N	            	\N	\N	\N
3389	67	HLNSBRU	\N	06:30:30	06:33:30	\N	06:31:00	06:33:00	1	\N	\N	T           	\N	\N	\N
3390	67	GRLCHHD	\N	06:45:30	06:47:00	\N	06:46:00	06:47:00	2	\N	\N	T           	\N	\N	\N
3391	67	GLDL	\N	\N	\N	07:00:00	\N	\N	\N	\N	\N	            	\N	\N	\N
3392	67	ARCHRAT	\N	07:08:00	07:09:30	\N	07:08:00	07:09:00	2	\N	\N	T X         	\N	\N	\N
3393	67	ARDLUI	\N	07:23:30	07:25:00	\N	07:24:00	07:25:00	2	\N	\N	R           	\N	\N	\N
3394	67	CRNLRCH	\N	07:45:00	07:48:00	\N	07:45:00	07:48:00	2	\N	\N	T           	\N	\N	\N
3395	67	TYNDRMU	\N	07:59:00	08:02:00	\N	07:59:00	08:02:00	2	\N	\N	T           	\N	\N	\N
3396	67	BOORCHY	\N	08:16:30	08:18:30	\N	08:17:00	08:18:00	2	\N	\N	T           	\N	\N	\N
3397	67	RANNOCH	\N	08:43:30	08:45:00	\N	08:44:00	08:45:00	1	\N	\N	T X         	\N	\N	\N
3398	67	CORROUR	\N	08:58:00	09:00:00	\N	08:58:00	09:00:00	1	\N	\N	T           	\N	\N	\N
3399	67	TULLOCH	\N	09:19:00	09:21:00	\N	09:19:00	09:21:00	2	\N	\N	T X         	\N	\N	\N
3400	67	ROYBDGE	\N	09:31:30	09:31:30	\N	09:31:00	09:31:00	1	\N	\N	R           	\N	\N	\N
3401	67	SPEANBD	\N	09:38:00	09:39:30	\N	09:38:00	09:39:00	1	\N	\N	T           	\N	\N	\N
3402	67	FRTWJN	\N	\N	\N	09:51:30	\N	\N	\N	\N	\N	            	\N	\N	\N
3403	67	FRTWLM	\N	09:55:00	\N	\N	10:00:00	\N	1	\N	\N	TF          	\N	\N	\N
3404	68	HTRWTM5	\N	\N	23:12:00	\N	\N	23:12:00	4	\N	\N	TB          	\N	\N	\N
3405	68	HTRWAPT	\N	23:15:30	23:19:00	\N	23:16:00	23:19:00	2	\N	\N	T           	\N	\N	\N
3406	68	HTRWTJN	\N	\N	\N	23:22:00	\N	\N	\N	\N	\N	            	\N	\N	\N
3407	68	STKYJN	\N	\N	\N	23:22:30	\N	\N	\N	ML	\N	            	\N	\N	\N
3408	68	HTRWAJN	\N	\N	\N	23:23:00	\N	\N	\N	ML	\N	            	\N	 H	\N
3409	68	STHALL	\N	\N	\N	23:24:30	\N	\N	2	ML	\N	            	\N	1H	\N
3410	68	ACTONW	\N	\N	\N	23:28:00	\N	\N	\N	ML	ML	            	1	1H	\N
3411	68	LDBRKJ	\N	\N	\N	23:33:00	\N	\N	\N	2	ML	            	\N	\N	\N
3412	68	PRTOBJP	\N	\N	\N	23:34:00	\N	\N	\N	2	\N	            	\N	\N	\N
3413	68	ROYAOJN	\N	\N	\N	23:35:00	\N	\N	\N	2	\N	            	\N	\N	\N
3414	68	PADTON	\N	23:36:00	\N	\N	23:36:00	\N	6	\N	\N	TF          	\N	\N	\N
3415	69	RDNGSTN	\N	\N	13:40:00	\N	\N	13:39:00	15	URL	\N	TB          	\N	\N	\N
3416	69	RDNGKBJ	\N	\N	\N	13:42:00	\N	\N	\N	RL	\N	            	\N	\N	\N
3417	69	TWYFORD	\N	\N	\N	13:46:00	\N	\N	4	RL	\N	            	\N	\N	\N
3418	69	MDNHEAD	\N	\N	\N	13:50:30	\N	\N	4	RL	\N	            	\N	\N	\N
3419	69	SLOUGH	\N	\N	\N	13:54:30	\N	\N	5	RL	\N	            	\N	\N	\N
3420	69	DOLPHNJ	\N	\N	\N	13:56:00	\N	\N	\N	ML	\N	            	\N	\N	\N
3421	69	STKYJN	\N	\N	\N	14:00:00	\N	\N	\N	ML	ML	            	\N	\N	\N
3422	69	HTRWAJN	\N	\N	\N	14:00:30	\N	\N	\N	ML	\N	            	\N	\N	\N
3423	69	STHALL	\N	\N	\N	14:01:30	\N	\N	2	ML	\N	            	\N	\N	\N
3424	69	ACTONW	\N	\N	\N	14:03:30	\N	\N	\N	ML	ML	            	1	\N	\N
3425	69	LDBRKJ	\N	\N	\N	14:07:00	\N	\N	\N	3	ML	            	\N	\N	\N
3426	69	PRTOBJP	\N	\N	\N	14:08:00	\N	\N	\N	3	\N	            	\N	2	\N
3427	69	ROYAOJN	\N	\N	\N	14:11:00	\N	\N	\N	3	\N	            	\N	\N	\N
3428	69	PADTON	\N	14:12:00	\N	\N	14:13:00	\N	5	\N	\N	TF          	\N	\N	\N
3429	71	PENZNCE	\N	\N	21:15:00	\N	\N	21:15:00	4	\N	\N	TB          	\N	\N	\N
3430	71	LNGROCK	\N	\N	\N	21:19:00	\N	\N	\N	\N	\N	X           	\N	\N	\N
3431	71	STERTH	\N	21:23:00	21:25:00	\N	\N	21:25:00	2	\N	\N	U           	\N	\N	\N
3432	71	CBORSR6	\N	\N	\N	21:32:00	\N	\N	\N	\N	\N	            	\N	\N	\N
3433	71	CBORNE	\N	21:35:00	21:37:00	\N	\N	21:37:00	2	\N	\N	U           	\N	\N	\N
3434	71	CBORR10	\N	\N	\N	21:41:30	\N	\N	\N	\N	\N	            	\N	\N	1
3435	71	REDRUTH	\N	21:43:30	21:46:30	\N	\N	21:46:00	2	\N	\N	U           	\N	\N	\N
3436	71	REDRR14	\N	\N	\N	21:52:00	\N	\N	\N	\N	\N	            	\N	\N	\N
3437	71	PNWTHRJ	\N	\N	\N	21:56:00	\N	\N	\N	\N	\N	            	\N	\N	\N
3438	71	TRURO	\N	21:57:30	22:00:30	\N	\N	22:00:00	3	\N	\N	U           	\N	\N	\N
3439	71	PROBUS	\N	\N	\N	22:06:30	\N	\N	\N	\N	\N	            	\N	\N	\N
3440	71	BGLWJN	\N	\N	\N	22:13:30	\N	\N	\N	\N	\N	            	\N	\N	\N
3441	71	STAUSTL	\N	22:16:00	22:19:00	\N	\N	22:19:00	2	\N	\N	U           	\N	\N	\N
3442	71	PARR	\N	\N	\N	22:24:00	\N	\N	2	\N	\N	            	\N	\N	\N
3443	71	LSTWTHL	\N	\N	\N	22:29:00	\N	\N	1	\N	\N	            	\N	\N	\N
3444	71	BODMNPW	\N	22:33:00	22:35:00	\N	\N	22:35:00	2	\N	\N	U           	\N	\N	\N
3445	71	LRGN	\N	\N	\N	22:41:00	\N	\N	\N	\N	\N	            	\N	\N	\N
3446	71	STPNCVE	\N	\N	\N	22:42:30	\N	\N	\N	\N	\N	            	\N	\N	\N
3447	71	LISKARD	\N	22:48:00	22:50:00	\N	\N	22:50:00	2	\N	\N	U           	\N	\N	\N
3448	71	MENH259	\N	\N	\N	22:56:00	\N	\N	\N	\N	\N	            	\N	\N	\N
3449	71	STGRMNS	\N	\N	\N	22:59:30	\N	\N	2	\N	\N	            	\N	\N	\N
3450	71	SASH	\N	\N	\N	23:05:00	\N	\N	2	\N	\N	            	\N	\N	\N
3451	71	STBDXJN	\N	\N	\N	23:09:00	\N	\N	\N	\N	\N	            	1	\N	\N
3452	71	PLYMTH	\N	23:15:00	23:20:00	\N	\N	23:20:00	4	\N	\N	U           	\N	\N	\N
3453	71	LIPSONJ	\N	\N	\N	23:23:00	\N	\N	\N	\N	\N	            	\N	\N	\N
3454	71	TVSTCKJ	\N	\N	\N	23:24:30	\N	\N	\N	\N	\N	            	\N	\N	\N
3455	71	HEMERDN	\N	\N	\N	23:28:30	\N	\N	\N	\N	\N	            	\N	\N	\N
3456	71	IVYBDGE	\N	\N	\N	23:33:30	\N	\N	2	\N	\N	            	\N	\N	\N
3457	71	AISHXO	\N	\N	\N	23:38:00	\N	\N	\N	\N	\N	            	\N	\N	\N
3458	71	RTRY	\N	\N	\N	23:41:00	\N	\N	\N	\N	\N	            	\N	\N	\N
3459	71	TOTNES	\N	23:46:00	23:48:00	\N	23:46:00	23:48:00	2	\N	\N	T           	\N	\N	\N
3460	71	DAINTNT	\N	\N	\N	23:55:00	\N	\N	\N	\N	\N	            	\N	\N	\N
3461	71	NABTWJ	\N	\N	\N	23:58:30	\N	\N	\N	\N	\N	            	\N	\N	\N
3462	71	NABT	\N	23:59:30	00:01:30	\N	23:59:00	00:01:00	3	\N	\N	T           	\N	\N	\N
3463	71	TEINMTH	\N	\N	\N	00:07:30	\N	\N	2	\N	\N	            	\N	\N	\N
3464	71	DAWLISH	\N	\N	\N	00:10:30	\N	\N	2	\N	\N	            	\N	\N	\N
3465	71	DAWLSHW	\N	\N	\N	00:12:00	\N	\N	\N	\N	\N	            	1	\N	\N
3466	71	EXETRSD	\N	00:23:00	01:07:00	\N	00:23:00	01:07:00	3	\N	\N	T           	\N	\N	\N
3467	71	CWLYBDG	\N	\N	\N	01:10:00	\N	\N	\N	\N	\N	            	\N	\N	\N
3468	71	TIVILP	\N	\N	\N	01:21:00	\N	\N	\N	\N	\N	            	\N	\N	\N
3469	71	TIVIPW	\N	\N	\N	01:22:30	\N	\N	2	\N	\N	            	\N	\N	\N
3470	71	TIVITNL	\N	\N	\N	01:25:30	\N	\N	\N	\N	\N	            	1	\N	\N
3471	71	NTNFTZN	\N	\N	\N	01:34:00	\N	\N	\N	\N	\N	            	\N	\N	\N
3472	71	TAUNTON	\N	\N	\N	01:35:30	\N	\N	4	\N	\N	            	\N	\N	\N
3473	71	COGLOAD	\N	\N	\N	01:39:30	\N	\N	\N	\N	\N	            	\N	\N	\N
3474	71	ATHLNEY	\N	\N	\N	01:42:30	\N	\N	\N	\N	\N	            	\N	\N	\N
3475	71	SOMEGF	\N	\N	\N	01:49:30	\N	\N	\N	\N	\N	            	\N	\N	\N
3476	71	CCARY	\N	\N	\N	01:58:00	\N	\N	1	\N	\N	            	\N	\N	\N
3477	71	ESTSOMJ	\N	\N	\N	02:05:30	\N	\N	\N	\N	\N	            	\N	4	\N
3478	71	BLBGJN	\N	\N	\N	02:13:00	\N	\N	\N	\N	\N	            	\N	 H	\N
3479	71	CLNKRDJ	\N	\N	\N	02:15:00	\N	\N	\N	\N	\N	            	1	\N	\N
3480	71	FRWDJN	\N	\N	\N	02:18:30	\N	\N	\N	\N	\N	            	\N	\N	\N
3481	71	HWRDJN	\N	\N	\N	02:20:30	\N	\N	\N	\N	\N	            	\N	\N	\N
3482	71	LAVNGTN	\N	\N	\N	02:26:00	\N	\N	\N	\N	\N	            	\N	\N	\N
3483	71	WBORO	\N	\N	\N	02:34:00	\N	\N	\N	\N	\N	            	\N	\N	\N
3484	71	BEDYN	\N	\N	\N	02:44:30	\N	\N	2	\N	\N	            	\N	\N	\N
3485	71	HUNGRFD	\N	\N	\N	02:48:30	\N	\N	\N	\N	\N	            	1	\N	\N
3486	71	NEWBURY	\N	\N	\N	02:57:00	\N	\N	\N	\N	\N	            	\N	\N	\N
3487	71	THEALE	\N	\N	\N	03:06:30	\N	\N	\N	\N	\N	            	1	\N	\N
3488	71	SCOTEJN	\N	\N	\N	03:11:00	\N	\N	\N	\N	\N	            	\N	\N	\N
3489	71	RDNGORJ	\N	\N	\N	03:13:00	\N	\N	\N	DFR	\N	            	1	\N	\N
3490	71	RDNGSTN	\N	03:18:00	04:18:00	\N	03:18:00	\N	15	URL	\N	D -U        	\N	\N	\N
3491	71	RDNGKBJ	\N	\N	\N	04:20:00	\N	\N	\N	RL	\N	            	\N	\N	\N
3492	71	TWYFORD	\N	\N	\N	04:24:30	\N	\N	4	RL	\N	            	\N	\N	\N
3493	71	MDNHEAD	\N	\N	\N	04:31:00	\N	\N	4	RL	\N	            	\N	\N	\N
3494	71	SLOUGH	\N	\N	\N	04:37:00	\N	\N	5	RL	\N	            	\N	\N	\N
3495	71	HTRWAJN	\N	\N	\N	04:43:30	\N	\N	\N	RL	\N	            	2	\N	\N
3496	71	STHALL	\N	\N	\N	04:47:00	\N	\N	4	RL	\N	            	\N	\N	\N
3497	71	ACTONW	\N	\N	\N	04:50:30	\N	\N	\N	RL	RL	            	1	5	\N
3498	71	LDBRKJ	\N	\N	\N	05:00:00	\N	\N	\N	3	RL	            	\N	\N	\N
3499	71	PRTOBJP	\N	\N	\N	05:01:30	\N	\N	\N	3	\N	            	\N	\N	\N
3500	71	ROYAOJN	\N	\N	\N	05:02:30	\N	\N	\N	2	\N	            	\N	\N	\N
3501	71	PADTON	\N	05:04:00	\N	\N	05:04:00	\N	1	\N	\N	TF          	\N	\N	\N
3502	72	FRTWLM	\N	\N	19:50:00	\N	\N	19:50:00	2	\N	\N	TB          	\N	\N	\N
3503	72	FRTWJN	\N	\N	\N	19:53:00	\N	\N	\N	\N	\N	            	\N	\N	\N
3504	72	SPEANBD	\N	20:07:00	20:10:00	\N	20:07:00	20:09:00	2	\N	\N	T X         	\N	\N	\N
3505	72	ROYBDGE	\N	20:17:00	20:17:00	\N	20:17:00	20:17:00	1	\N	\N	R           	\N	\N	\N
3506	72	TULLOCH	\N	20:28:00	20:30:00	\N	20:28:00	20:29:00	1	\N	\N	T           	\N	\N	\N
3507	72	CORROUR	\N	20:51:00	20:53:00	\N	20:51:00	20:52:00	1	\N	\N	T           	\N	1	\N
3508	72	RANNOCH	\N	21:06:00	21:09:00	\N	21:06:00	21:08:00	2	\N	\N	T X         	\N	\N	\N
3509	72	BOORCHY	\N	21:35:00	21:37:00	\N	21:35:00	21:36:00	1	\N	\N	T           	\N	\N	\N
3510	72	TYNDRMU	\N	21:52:00	21:55:00	\N	21:52:00	21:54:00	1	\N	\N	T           	\N	\N	\N
3511	72	CRNLRCH	\N	22:07:00	22:09:00	\N	22:07:00	22:08:00	1	\N	\N	T           	\N	\N	\N
3512	72	ARDLUI	\N	22:27:30	22:29:00	\N	22:28:00	22:28:00	1	\N	\N	R           	\N	\N	\N
3513	72	ARCHRAT	\N	22:44:00	22:45:30	\N	22:44:00	22:44:00	1	\N	\N	T           	\N	\N	\N
3514	72	GLDL	\N	\N	\N	22:55:30	\N	\N	\N	\N	\N	            	\N	\N	\N
3515	72	GRLCHHD	\N	23:09:30	23:11:00	\N	23:10:00	23:10:00	1	\N	\N	T           	\N	\N	\N
3516	72	HLNSBRU	\N	23:23:00	23:24:30	\N	23:23:00	23:23:00	1	\N	\N	T           	\N	\N	\N
3517	72	CRGDRNJ	\N	\N	\N	23:28:30	\N	\N	\N	\N	\N	            	\N	\N	\N
3518	72	DLREOCH	\N	\N	\N	23:36:30	\N	\N	\N	\N	\N	            	\N	\N	\N
3519	72	DMBRTNC	\N	23:38:00	23:39:30	\N	23:38:00	23:38:00	1	\N	\N	T           	\N	\N	\N
3520	72	DALMUIR	\N	23:50:00	23:53:30	\N	23:50:00	23:51:00	2	\N	\N	T           	\N	\N	\N
3521	72	WESTRTN	\N	\N	\N	23:59:30	\N	\N	2	\N	\N	            	\N	\N	\N
3522	72	MRYHILL	\N	\N	\N	00:02:00	\N	\N	\N	\N	\N	            	\N	\N	\N
3523	72	CWLRSNJ	\N	\N	\N	00:05:30	\N	\N	\N	\N	\N	            	\N	\N	\N
3524	72	CWLRSEJ	\N	\N	\N	00:07:00	\N	\N	\N	UEG	\N	            	\N	\N	\N
3525	72	BSHB	\N	\N	\N	00:09:30	\N	\N	\N	\N	\N	            	\N	\N	\N
3526	72	LENZIE	\N	\N	\N	00:13:00	\N	\N	\N	\N	\N	            	\N	\N	\N
3527	72	CROY	\N	\N	\N	00:17:00	\N	\N	1	\N	\N	            	\N	\N	\N
3528	72	GNHLUJN	\N	\N	\N	00:21:00	\N	\N	\N	\N	\N	            	\N	\N	\N
3529	72	FALKRKH	\N	\N	\N	00:24:00	\N	\N	1	\N	\N	            	\N	\N	\N
3530	72	POLMONT	\N	\N	\N	00:26:00	\N	\N	1	\N	\N	            	\N	\N	\N
3531	72	LNLTHGW	\N	\N	\N	00:29:30	\N	\N	1	\N	\N	            	\N	 H	\N
3532	72	WNCBROJ	\N	\N	\N	00:34:00	\N	\N	\N	\N	\N	            	\N	 H	\N
3533	72	NWBG	\N	\N	\N	00:37:30	\N	\N	\N	\N	\N	            	2	1	\N
3534	72	HAYMRWJ	\N	\N	\N	00:45:00	\N	\N	\N	US	\N	            	\N	2	\N
3535	72	HAYMRKT	\N	\N	\N	00:48:00	\N	\N	3	US	\N	            	\N	1	\N
3536	72	PRNCSTG	\N	\N	\N	00:50:30	\N	\N	\N	Z	\N	            	\N	\N	\N
3537	72	EDINBUR	\N	\N	\N	00:52:00	\N	\N	1	NL	Z	            	\N	\N	\N
3538	72	EDIN813	\N	00:53:30	00:55:30	\N	\N	\N	\N	\N	\N	PRRM        	\N	\N	\N
3539	72	EDINBUR	2	00:58:00	\N	\N	01:08:00	\N	2	\N	NL	TFPR        	\N	\N	\N
3540	73	ABRDEEN	\N	\N	20:26:00	\N	\N	20:26:00	3	\N	\N	TB          	\N	\N	\N
3541	73	ABRDFJN	\N	\N	\N	20:27:00	\N	\N	\N	\N	\N	            	\N	\N	\N
3542	73	CRGISTH	\N	\N	\N	20:28:30	\N	\N	\N	\N	\N	            	\N	\N	\N
3543	73	ABRD56	\N	\N	\N	20:29:00	\N	\N	\N	\N	\N	            	\N	\N	\N
3544	73	ABRD230	\N	\N	\N	20:31:30	\N	\N	\N	\N	\N	            	\N	\N	\N
3545	73	ABRD222	\N	\N	\N	20:37:00	\N	\N	\N	\N	\N	            	\N	\N	\N
3546	73	SHVN	\N	20:43:00	20:45:00	\N	\N	20:43:00	1	\N	\N	U           	\N	\N	\N
3547	73	CAARMNT	\N	\N	\N	20:52:00	\N	\N	\N	\N	\N	            	\N	\N	\N
3548	73	LRNCKRK	\N	\N	\N	20:58:30	\N	\N	\N	\N	\N	            	\N	\N	\N
3549	73	CRAIGO	\N	\N	\N	21:03:00	\N	\N	\N	\N	\N	            	\N	\N	\N
3550	73	MONTRSE	\N	21:07:00	21:08:30	\N	\N	21:06:00	1	\N	\N	U           	\N	\N	\N
3551	73	USAN	\N	\N	\N	21:12:30	\N	\N	\N	\N	\N	            	\N	\N	\N
3552	73	INVKLOR	\N	\N	\N	21:17:30	\N	\N	\N	\N	\N	            	\N	\N	\N
3553	73	ARBROTH	\N	21:23:30	21:25:00	\N	\N	21:23:00	1	\N	\N	U           	\N	\N	\N
3554	73	CNST	\N	21:31:30	21:33:00	\N	\N	21:31:00	1	\N	\N	U           	\N	\N	\N
3555	73	BRFRY	\N	\N	\N	21:40:00	\N	\N	1	\N	\N	            	1	\N	\N
3556	73	CMPRDNJ	\N	\N	\N	21:43:30	\N	\N	\N	\N	\N	            	\N	\N	\N
3557	73	DUNDETB	\N	21:46:00	21:56:00	\N	\N	21:54:00	1	\N	\N	U           	\N	\N	\N
3558	73	DUNDCJ	\N	\N	\N	21:57:00	\N	\N	\N	\N	\N	            	\N	\N	\N
3559	73	TAYBDGS	\N	\N	\N	22:06:00	\N	\N	\N	\N	\N	            	\N	\N	\N
3560	73	SFORT26	\N	\N	\N	22:08:30	\N	\N	\N	\N	\N	            	\N	\N	\N
3561	73	LEUCHRS	\N	22:12:00	22:14:30	\N	\N	22:12:00	1	\N	\N	U           	\N	\N	\N
3562	73	CUPAR	\N	\N	\N	22:22:00	\N	\N	1	\N	\N	            	\N	\N	\N
3563	73	LADYBNK	\N	\N	\N	22:27:00	\N	\N	1	\N	\N	            	1	\N	\N
3564	73	THRNTNJ	\N	\N	\N	22:36:00	\N	\N	\N	\N	\N	            	\N	1	\N
3565	73	THRNUPL	\N	22:38:00	22:47:00	\N	\N	\N	\N	\N	\N	A           	\N	\N	\N
3566	73	THRNTSJ	\N	\N	\N	22:48:00	\N	\N	\N	\N	\N	            	\N	\N	\N
3567	73	KCLD	\N	22:52:30	22:54:00	\N	\N	22:52:00	1	\N	\N	U           	\N	\N	\N
3568	73	BISLND	\N	\N	\N	23:01:30	\N	\N	1	\N	\N	            	\N	\N	\N
3569	73	IVRKTHG	\N	23:09:30	23:11:00	\N	\N	23:09:00	1	\N	\N	U           	\N	\N	\N
3570	73	DLMYJN	\N	\N	\N	23:17:30	\N	\N	\N	\N	\N	            	1	3	\N
3571	73	HAYMRWJ	\N	\N	\N	23:27:00	\N	\N	\N	UN	\N	            	\N	 H	\N
3572	73	HAYMRKT	\N	\N	\N	23:28:30	\N	\N	1	UN	\N	            	\N	1	\N
3573	73	PRNCSTG	\N	\N	\N	23:31:00	\N	\N	\N	Z	\N	            	\N	\N	\N
3574	73	EDINBUR	\N	23:33:00	\N	\N	23:33:00	\N	2	\N	Z	TFN         	\N	\N	\N
3575	74	EDINBUR	\N	\N	23:42:00	\N	\N	23:40:00	11	W	\N	TB          	\N	 H	\N
3576	74	PRNCSTG	\N	\N	\N	23:44:00	\N	\N	\N	DS	\N	            	\N	1	\N
3577	74	HAYMRKT	\N	\N	\N	23:46:30	\N	\N	4	\N	\N	            	\N	\N	\N
3578	74	SLATEFD	\N	\N	\N	23:49:00	\N	\N	\N	\N	\N	            	\N	\N	\N
3579	74	MDCLDRJ	\N	\N	\N	23:56:00	\N	\N	\N	\N	\N	            	\N	\N	\N
3580	74	COBB712	\N	\N	\N	00:02:00	\N	\N	\N	\N	\N	            	\N	\N	\N
3581	74	ACHNGRY	\N	\N	\N	00:04:30	\N	\N	\N	\N	\N	            	\N	\N	\N
3582	74	CRSTRSE	\N	\N	\N	00:09:00	\N	\N	\N	\N	\N	            	\N	\N	\N
3583	74	CRSTUPL	\N	00:11:30	00:19:30	\N	\N	\N	\N	\N	\N	A PRRM      	\N	\N	\N
3584	74	CRSTRS	\N	00:21:00	\N	\N	00:21:00	\N	2	\N	\N	TFN PR      	\N	\N	\N
3585	75	GLGC	\N	\N	23:40:00	\N	\N	23:40:00	1	A1	\N	TB          	\N	\N	\N
3586	75	GLGCBSJ	\N	\N	\N	23:42:00	\N	\N	\N	1U	\N	            	\N	\N	\N
3587	75	EGLNSTJ	\N	\N	\N	23:43:00	\N	\N	\N	UF	\N	            	\N	\N	\N
3588	75	LRKFLDJ	\N	\N	\N	23:44:30	\N	\N	\N	FL	\N	            	\N	\N	\N
3589	75	SHFD	\N	\N	\N	23:45:30	\N	\N	\N	\N	\N	            	\N	\N	\N
3590	75	RTHGNEJ	\N	\N	\N	23:46:30	\N	\N	\N	\N	\N	            	\N	\N	\N
3591	75	NWTLWJ	\N	\N	\N	23:48:00	\N	\N	\N	\N	\N	            	\N	\N	\N
3592	75	NWTLEJ	\N	\N	\N	23:49:00	\N	\N	\N	\N	\N	            	\N	\N	\N
3593	75	UDNGTNJ	\N	\N	\N	23:50:00	\N	\N	\N	\N	\N	            	\N	\N	\N
3594	75	MOTHRWL	\N	23:54:00	23:58:00	\N	\N	23:55:00	1	\N	\N	U           	\N	\N	\N
3595	75	SHILDMR	\N	\N	\N	00:01:00	\N	\N	2	\N	\N	            	\N	2H	\N
3596	75	LAWJ	\N	\N	\N	00:06:30	\N	\N	\N	\N	\N	            	\N	\N	\N
3597	75	LANARKJ	\N	\N	\N	00:12:30	\N	\N	\N	\N	\N	            	1	 H	\N
3598	75	CRSTRSN	\N	\N	\N	00:16:30	\N	\N	\N	PL	\N	            	\N	\N	\N
3599	75	CRSTRS	\N	00:18:00	00:40:00	\N	\N	00:25:00	2	\N	\N	U -U        	\N	\N	\N
3600	75	CRSTRSS	\N	\N	\N	00:41:30	\N	\N	\N	\N	\N	            	\N	\N	\N
3601	75	ABINGTN	\N	\N	\N	00:54:30	\N	\N	UM	\N	\N	            	\N	\N	1
3602	75	BEATCKS	\N	\N	\N	01:01:30	\N	\N	UM	\N	\N	            	\N	\N	\N
3603	75	BEATCK	\N	\N	\N	01:09:00	\N	\N	UM	\N	\N	            	\N	\N	\N
3604	75	LCKRBIE	\N	\N	\N	01:19:30	\N	\N	2	\N	\N	            	2	\N	\N
3605	75	KRKP862	\N	\N	\N	01:31:30	\N	\N	\N	\N	\N	            	\N	\N	\N
3606	75	GRETNAJ	\N	\N	\N	01:34:30	\N	\N	\N	\N	\N	            	\N	1	\N
3607	75	KGMRJCN	\N	\N	\N	01:40:00	\N	\N	\N	\N	\N	            	\N	\N	\N
3608	75	CARLCJN	\N	\N	\N	01:41:00	\N	\N	\N	UML	\N	            	\N	\N	\N
3609	75	CARLILE	\N	01:43:00	01:45:00	\N	\N	01:45:00	4	\N	\N	U           	\N	\N	\N
3610	75	PNTH	\N	\N	\N	02:00:30	\N	\N	1	\N	\N	            	\N	\N	\N
3611	75	EDENVGL	\N	\N	\N	02:03:30	\N	\N	\N	\N	\N	            	\N	\N	\N
3612	75	SHAPSMT	\N	\N	\N	02:11:00	\N	\N	\N	\N	\N	            	\N	\N	1
3613	75	TEBAY	\N	\N	\N	02:16:00	\N	\N	\N	\N	\N	            	\N	\N	\N
3614	75	GRIGG	\N	\N	\N	02:22:30	\N	\N	\N	\N	\N	            	\N	\N	\N
3615	75	OXENHLM	\N	\N	\N	02:28:00	\N	\N	1	\N	\N	            	1	\N	\N
3616	75	CRNFNJN	\N	\N	\N	02:38:30	\N	\N	\N	\N	\N	            	\N	\N	\N
3617	75	MORCMSJ	\N	\N	\N	02:42:00	\N	\N	\N	\N	\N	            	\N	\N	1
3618	75	LANCSTR	\N	\N	\N	02:44:30	\N	\N	UFL	\N	\N	            	\N	\N	\N
3619	75	GSTANG	\N	\N	\N	02:53:30	\N	\N	\N	\N	\N	            	2	\N	\N
3620	75	PRSTNFJ	\N	\N	\N	03:04:30	\N	\N	\N	DFL	\N	            	\N	\N	\N
3621	75	PRST	\N	03:06:00	03:15:00	\N	\N	\N	3	DFL	DFL	C A         	\N	\N	\N
3622	75	PRSTRJN	\N	\N	\N	03:16:30	\N	\N	\N	FL	\N	            	\N	\N	\N
3623	75	EUXTONJ	\N	\N	\N	03:20:30	\N	\N	\N	\N	\N	            	\N	\N	\N
3624	75	BALSHWL	\N	\N	\N	03:22:00	\N	\N	\N	\N	\N	            	\N	\N	\N
3625	75	WIGANNW	\N	\N	\N	03:27:30	\N	\N	4	\N	\N	            	\N	\N	\N
3626	75	WIGASJN	\N	\N	\N	03:28:00	\N	\N	\N	\N	\N	            	\N	\N	\N
3627	75	SPRBJN	\N	\N	\N	03:29:00	\N	\N	\N	SL	\N	            	\N	\N	\N
3628	75	GOLBRNJ	\N	\N	\N	03:34:00	\N	\N	\N	FL	\N	            	\N	\N	\N
3629	75	WINWCKJ	\N	\N	\N	03:37:30	\N	\N	\N	\N	\N	            	\N	\N	\N
3630	75	DALAMBR	\N	\N	\N	03:40:00	\N	\N	\N	\N	\N	            	\N	\N	\N
3631	75	WRGTNBQ	\N	\N	\N	03:41:30	\N	\N	2	OL	\N	            	\N	\N	\N
3632	75	WRGTWOJ	\N	\N	\N	03:44:00	\N	\N	\N	\N	\N	            	\N	\N	\N
3633	75	ACGJN	\N	\N	\N	03:46:30	\N	\N	\N	FL	\N	            	1	\N	\N
3634	75	WEAVERJ	\N	\N	\N	03:53:30	\N	\N	\N	\N	\N	            	\N	\N	\N
3635	75	ACBG	\N	\N	\N	03:55:30	\N	\N	\N	\N	\N	            	\N	\N	\N
3636	75	HARTFDJ	\N	\N	\N	03:56:30	\N	\N	\N	\N	\N	            	\N	\N	1
3637	75	WNSFD	\N	\N	\N	04:01:30	\N	\N	\N	SL	\N	            	1	\N	\N
3638	75	CREWECY	\N	\N	\N	04:08:00	\N	\N	\N	\N	\N	            	\N	\N	\N
3639	75	CREWE	\N	\N	\N	04:11:00	\N	\N	UFL	\N	\N	            	\N	\N	\N
3640	75	CREWBHJ	\N	\N	\N	04:13:00	\N	\N	\N	\N	\N	            	\N	 H	\N
3641	75	MADELEY	\N	\N	\N	04:18:30	\N	\N	\N	SL	SL	            	1	3	\N
3642	75	LBRDFJN	\N	\N	\N	04:31:30	\N	\N	\N	\N	\N	            	\N	\N	1
3643	75	STAFFRD	\N	\N	\N	04:35:30	\N	\N	4	SL	SL	            	\N	\N	\N
3644	75	STAFTVJ	\N	\N	\N	04:36:00	\N	\N	\N	\N	\N	            	\N	2	\N
3645	75	PNKRDG	\N	\N	\N	04:42:00	\N	\N	\N	\N	\N	            	\N	\N	\N
3646	75	BSBYJN	\N	\N	\N	04:49:30	\N	\N	\N	\N	\N	            	\N	\N	\N
3647	75	PBLJWM	\N	\N	\N	04:52:30	\N	\N	\N	\N	\N	            	\N	\N	\N
3648	75	DRLSTNJ	\N	\N	\N	04:55:00	\N	\N	\N	\N	\N	            	\N	\N	\N
3649	75	BSCTSTA	\N	\N	\N	04:56:00	\N	\N	\N	\N	\N	            	\N	\N	\N
3650	75	PRYBRNJ	\N	\N	\N	04:59:30	\N	\N	\N	\N	\N	            	\N	\N	\N
3651	75	ASTON	\N	\N	\N	05:01:30	\N	\N	2	\N	\N	            	\N	\N	\N
3652	75	STECHFD	\N	\N	\N	05:06:30	\N	\N	\N	\N	\N	            	\N	\N	\N
3653	75	BHAMINT	\N	\N	\N	05:10:30	\N	\N	4	\N	\N	            	\N	\N	\N
3654	75	BKSWELL	\N	\N	\N	05:14:30	\N	\N	\N	\N	\N	            	\N	\N	\N
3655	75	COVNTRY	\N	\N	\N	05:18:30	\N	\N	2	\N	\N	            	\N	4	\N
3656	75	RUGBTVJ	\N	\N	\N	05:30:30	\N	\N	\N	UNL	\N	            	\N	\N	\N
3657	75	RUGBY	\N	\N	\N	05:32:00	\N	\N	4	FL	UNL	            	\N	\N	\N
3658	75	HMTNJ	\N	\N	\N	05:33:00	\N	\N	\N	\N	\N	            	\N	\N	\N
3659	75	WEEDON	\N	\N	\N	05:41:30	\N	\N	\N	FL	FL	            	10	\N	\N
3660	75	HANSLPJ	\N	\N	\N	06:02:00	\N	\N	\N	SL	FL	            	\N	\N	\N
3661	75	MKNSCEN	\N	\N	\N	06:07:30	\N	\N	1	SL	SL	            	\N	\N	\N
3662	75	DNBGHSJ	\N	\N	\N	06:09:30	\N	\N	\N	\N	\N	            	\N	\N	\N
3663	75	BLTCHLY	\N	\N	\N	06:10:30	\N	\N	4	SL	SL	            	\N	1H	\N
3664	75	LEDBRNJ	\N	\N	\N	06:20:00	\N	\N	\N	FL	SL	            	1	\N	\N
3665	75	TRING	\N	\N	\N	06:25:30	\N	\N	2	FL	FL	            	\N	\N	\N
3666	75	BONENDJ	\N	\N	\N	06:30:00	\N	\N	\N	FL	FL	            	\N	 H	1
3667	75	WATFDJ	\N	06:38:00	06:40:00	\N	06:40:00	\N	7	FL	FL	D           	\N	\N	\N
3668	75	HROW	\N	\N	\N	06:45:30	\N	\N	4	FL	FL	            	1	\N	\N
3669	75	WMBY	\N	\N	\N	06:49:00	\N	\N	4	\N	\N	            	\N	\N	\N
3670	75	WLSDWLJ	\N	\N	\N	06:51:00	\N	\N	\N	FL	FL	            	\N	\N	2H
3671	75	CMDNJN	\N	\N	\N	06:56:30	\N	\N	\N	A	\N	            	\N	\N	\N
3672	75	CMDNSTH	\N	\N	\N	06:57:00	\N	\N	\N	\N	\N	            	\N	\N	\N
3673	75	EUSTON	\N	07:00:00	\N	\N	07:15:00	\N	1	\N	\N	TF          	\N	\N	\N
3674	76	IVRNESS	\N	\N	20:45:00	\N	\N	20:45:00	2	\N	\N	TB          	\N	\N	\N
3675	76	MILBRNJ	\N	\N	\N	20:46:30	\N	\N	\N	DH	\N	            	\N	\N	\N
3676	76	CRAHALL	\N	\N	\N	20:48:00	\N	\N	\N	\N	\N	            	\N	\N	\N
3677	76	CULDNMR	\N	\N	\N	20:55:00	\N	\N	\N	\N	\N	            	\N	\N	\N
3678	76	MOYY	\N	\N	\N	21:06:30	\N	\N	\N	\N	\N	X           	\N	\N	\N
3679	76	TOMATIN	\N	\N	\N	21:10:30	\N	\N	\N	\N	\N	            	\N	\N	\N
3680	76	SLOCHD	\N	\N	\N	21:15:00	\N	\N	\N	\N	\N	            	\N	\N	\N
3681	76	CARRBDG	\N	\N	\N	21:20:00	\N	\N	1	\N	\N	            	1	\N	\N
3682	76	AVIEMRE	\N	21:27:00	21:34:00	\N	\N	21:32:00	1	\N	\N	U           	\N	\N	\N
3683	76	KNCRAIG	\N	\N	\N	21:41:00	\N	\N	\N	\N	\N	            	\N	\N	\N
3684	76	KGUSSIE	\N	21:46:00	21:50:00	\N	\N	21:48:00	2	\N	\N	U X         	\N	\N	\N
3685	76	NWTM	\N	21:54:30	21:56:30	\N	\N	21:54:00	1	\N	\N	U           	\N	\N	\N
3686	76	DALWHIN	\N	22:09:00	22:11:00	\N	\N	22:09:00	1	\N	\N	U X         	\N	\N	\N
3687	76	DLNSPDL	\N	\N	\N	22:19:00	\N	\N	\N	\N	\N	            	\N	\N	\N
3688	76	DLNCRDH	\N	\N	\N	22:24:30	\N	\N	\N	\N	\N	            	1	\N	\N
3689	76	BLARATH	\N	22:35:30	22:37:30	\N	\N	22:35:00	1	\N	\N	U           	\N	\N	\N
3690	76	PTLCHRY	\N	22:47:00	22:49:00	\N	\N	22:47:00	1	\N	\N	U           	\N	\N	\N
3691	76	DUNKELD	\N	23:01:30	23:05:30	\N	\N	23:03:00	1	\N	\N	U           	\N	\N	\N
3692	76	STNY	\N	\N	\N	23:15:00	\N	\N	\N	\N	\N	            	1	\N	\N
3693	76	PERTH	\N	23:23:30	23:28:30	\N	\N	23:26:00	4	\N	\N	U           	\N	\N	\N
3694	76	HILTONJ	\N	\N	\N	23:33:00	\N	\N	\N	\N	\N	            	\N	\N	\N
3695	76	HILT4	\N	\N	\N	23:36:00	\N	\N	\N	\N	\N	            	\N	\N	\N
3696	76	AUCHTDR	\N	\N	\N	23:44:00	\N	\N	\N	\N	\N	            	\N	\N	\N
3697	76	GLNEGLS	\N	23:46:00	23:47:30	\N	\N	23:45:00	1	\N	\N	U           	\N	\N	\N
3698	76	BLFD	\N	\N	\N	23:51:30	\N	\N	\N	\N	\N	            	\N	\N	\N
3699	76	GRNLNNG	\N	\N	\N	23:55:30	\N	\N	\N	\N	\N	            	1	\N	\N
3700	76	DUNANE	\N	00:02:00	00:04:00	\N	\N	00:02:00	1	\N	\N	U           	\N	\N	\N
3701	76	STIRLNG	\N	00:11:30	00:13:30	\N	\N	00:11:00	3	\N	\N	U           	\N	\N	\N
3702	76	LARBERJ	\N	\N	\N	00:21:30	\N	\N	\N	\N	\N	            	\N	\N	\N
3703	76	CRMRSEJ	\N	\N	\N	00:22:30	\N	\N	\N	\N	\N	            	1	\N	\N
3704	76	FALKRKG	\N	00:26:30	00:28:00	\N	\N	00:26:00	1	\N	\N	U           	\N	\N	\N
3705	76	GRNGMTJ	\N	\N	\N	00:30:30	\N	\N	\N	\N	\N	            	\N	\N	\N
3706	76	POLMONT	\N	\N	\N	00:33:30	\N	\N	1	\N	\N	            	\N	\N	\N
3707	76	LNLTHGW	\N	\N	\N	00:37:30	\N	\N	1	\N	\N	            	\N	\N	\N
3708	76	WNCBROJ	\N	\N	\N	00:41:30	\N	\N	\N	\N	\N	            	\N	\N	\N
3709	76	NWBG	\N	\N	\N	00:44:30	\N	\N	\N	\N	\N	            	2	\N	\N
3710	76	HAYMRWJ	\N	\N	\N	00:51:00	\N	\N	\N	US	\N	            	\N	\N	\N
3711	76	HAYMRKT	\N	\N	\N	00:52:00	\N	\N	3	US	\N	            	\N	 H	\N
3712	76	PRNCSTG	\N	\N	\N	00:54:00	\N	\N	\N	Z	\N	            	\N	\N	\N
3713	76	EDINBUR	\N	00:56:00	01:24:00	\N	\N	\N	2	Z	Z	-UL         	\N	\N	\N
3714	76	PRNCSTG	2	\N	\N	01:25:30	\N	\N	\N	DS	\N	            	\N	\N	\N
3715	76	HAYMRKT	2	\N	\N	01:27:00	\N	\N	4	\N	\N	            	\N	\N	\N
3716	76	SLATEFD	\N	\N	\N	01:29:00	\N	\N	\N	\N	\N	            	\N	\N	\N
3717	76	MDCLDRJ	\N	\N	\N	01:36:30	\N	\N	\N	\N	\N	            	\N	\N	\N
3718	76	COBB712	\N	\N	\N	01:42:30	\N	\N	\N	\N	\N	            	\N	\N	\N
3719	76	ACHNGRY	\N	\N	\N	01:45:00	\N	\N	\N	\N	\N	            	\N	\N	\N
3720	76	CRSTRSE	\N	\N	\N	01:49:30	\N	\N	\N	\N	\N	            	1	\N	\N
3721	76	CRSTRSS	\N	\N	\N	01:51:30	\N	\N	\N	\N	\N	            	\N	\N	\N
3722	76	ABINGTN	\N	\N	\N	02:06:00	\N	\N	UM	\N	\N	            	\N	\N	\N
3723	76	BEATCKS	\N	\N	\N	02:12:00	\N	\N	UM	\N	\N	            	\N	\N	\N
3724	76	BEATCK	\N	\N	\N	02:19:30	\N	\N	UM	\N	\N	            	\N	\N	\N
3725	76	LCKRBIE	\N	\N	\N	02:30:00	\N	\N	2	\N	\N	            	2	\N	\N
3726	76	KRKP862	\N	\N	\N	02:42:00	\N	\N	\N	\N	\N	            	\N	\N	\N
3727	76	GRETNAJ	\N	\N	\N	02:45:00	\N	\N	\N	\N	\N	            	\N	\N	\N
3728	76	KGMRJCN	\N	\N	\N	02:49:30	\N	\N	\N	\N	\N	            	\N	\N	\N
3729	76	CARLCJN	\N	\N	\N	02:50:30	\N	\N	\N	UML	\N	            	\N	\N	\N
3730	76	CARLILE	\N	02:52:30	02:54:30	\N	\N	\N	4	\N	\N	S           	\N	\N	\N
3731	76	PNTH	\N	\N	\N	03:10:00	\N	\N	1	\N	\N	            	\N	\N	\N
3732	76	EDENVGL	\N	\N	\N	03:13:00	\N	\N	\N	\N	\N	            	\N	\N	\N
3733	76	SHAPSMT	\N	\N	\N	03:20:30	\N	\N	\N	\N	\N	            	\N	\N	\N
3734	76	TEBAY	\N	\N	\N	03:24:30	\N	\N	\N	\N	\N	            	\N	\N	\N
3735	76	GRIGG	\N	\N	\N	03:31:00	\N	\N	\N	\N	\N	            	\N	\N	\N
3736	76	OXENHLM	\N	\N	\N	03:36:30	\N	\N	1	\N	\N	            	1	\N	\N
3737	76	CRNFNJN	\N	\N	\N	03:47:00	\N	\N	\N	\N	\N	            	\N	\N	\N
3738	76	MORCMSJ	\N	\N	\N	03:50:30	\N	\N	\N	\N	\N	            	\N	\N	\N
3739	76	LANCSTR	\N	\N	\N	03:52:00	\N	\N	UFL	\N	\N	            	\N	\N	\N
3740	76	GSTANG	\N	\N	\N	04:01:00	\N	\N	\N	\N	\N	            	2	\N	\N
3741	76	PRSTNFJ	\N	\N	\N	04:12:00	\N	\N	\N	DFL	\N	            	\N	\N	\N
3742	76	PRST	\N	04:13:30	04:15:30	\N	04:15:00	\N	3	DFL	DFL	D           	\N	\N	\N
3743	76	PRSTRJN	\N	\N	\N	04:17:00	\N	\N	\N	FL	\N	            	\N	\N	\N
3744	76	EUXTONJ	\N	\N	\N	04:21:00	\N	\N	\N	\N	\N	            	\N	\N	\N
3745	76	BALSHWL	\N	\N	\N	04:22:30	\N	\N	\N	\N	\N	            	\N	\N	\N
3746	76	WIGANNW	\N	\N	\N	04:28:00	\N	\N	4	\N	\N	            	\N	\N	\N
3747	76	WIGASJN	\N	\N	\N	04:28:30	\N	\N	\N	\N	\N	            	\N	\N	\N
3748	76	SPRBJN	\N	\N	\N	04:29:00	\N	\N	\N	SL	\N	            	\N	\N	\N
3749	76	GOLBRNJ	\N	\N	\N	04:34:00	\N	\N	\N	FL	\N	            	\N	\N	\N
3750	76	WINWCKJ	\N	\N	\N	04:37:30	\N	\N	\N	\N	\N	            	\N	\N	\N
3751	76	DALAMBR	\N	\N	\N	04:40:00	\N	\N	\N	\N	\N	            	\N	\N	\N
3752	76	WRGTNBQ	\N	\N	\N	04:41:30	\N	\N	2	OL	\N	            	\N	\N	\N
3753	76	WRGTWOJ	\N	\N	\N	04:44:00	\N	\N	\N	\N	\N	            	\N	\N	\N
3754	76	ACGJN	\N	\N	\N	04:46:30	\N	\N	\N	FL	\N	            	1	\N	\N
3755	76	WEAVERJ	\N	\N	\N	04:53:30	\N	\N	\N	\N	\N	            	\N	\N	\N
3756	76	ACBG	\N	\N	\N	04:55:30	\N	\N	\N	\N	\N	            	\N	\N	\N
3757	76	HARTFDJ	\N	\N	\N	04:56:30	\N	\N	\N	\N	\N	            	\N	1H	1
3758	76	WNSFD	\N	\N	\N	05:03:00	\N	\N	\N	SL	\N	            	1	\N	\N
3759	76	CREWECY	\N	\N	\N	05:09:30	\N	\N	\N	\N	\N	            	\N	\N	\N
3760	76	CREWE	\N	05:11:00	05:14:00	\N	05:12:00	\N	5	\N	\N	D           	\N	 H	\N
3761	76	CREWBHJ	\N	\N	\N	05:18:00	\N	\N	\N	FL	\N	            	\N	\N	\N
3762	76	MADELEY	\N	\N	\N	05:23:00	\N	\N	\N	FL	FL	            	1	\N	\N
3763	76	NTNB	\N	\N	\N	05:32:00	\N	\N	\N	FL	FL	            	\N	\N	\N
3764	76	STAFFRD	\N	\N	\N	05:37:00	\N	\N	UFL	FL	FL	            	\N	\N	\N
3765	76	STAFFSJ	\N	\N	\N	05:37:30	\N	\N	\N	SL	\N	            	\N	\N	\N
3766	76	STAFTVJ	\N	\N	\N	05:38:00	\N	\N	\N	\N	\N	            	\N	\N	\N
3767	76	PNKRDG	\N	\N	\N	05:42:00	\N	\N	\N	\N	\N	            	1	1	\N
3768	76	BSBYJN	\N	\N	\N	05:51:30	\N	\N	\N	\N	\N	            	\N	\N	\N
3769	76	PBLJWM	\N	\N	\N	05:54:30	\N	\N	\N	\N	\N	            	\N	\N	\N
3770	76	DRLSTNJ	\N	\N	\N	05:57:00	\N	\N	\N	\N	\N	            	\N	\N	\N
3771	76	BSCTSTA	\N	\N	\N	05:58:00	\N	\N	\N	\N	\N	            	1	\N	\N
3772	76	PRYBRNJ	\N	\N	\N	06:02:30	\N	\N	\N	\N	\N	            	\N	\N	\N
3773	76	ASTON	\N	\N	\N	06:04:30	\N	\N	2	\N	\N	            	\N	4	\N
3774	76	STECHFD	\N	\N	\N	06:13:30	\N	\N	\N	\N	\N	            	\N	\N	\N
3775	76	BHAMINT	\N	06:18:30	06:21:00	\N	06:20:00	\N	5	\N	\N	D           	\N	\N	\N
3776	76	BKSWELL	\N	\N	\N	06:26:00	\N	\N	\N	\N	\N	            	1	\N	\N
3777	76	COVNTRY	\N	\N	\N	06:31:00	\N	\N	2	\N	\N	            	1	\N	\N
3778	76	RUGBTVJ	\N	\N	\N	06:40:00	\N	\N	\N	FL	\N	            	\N	\N	\N
3779	76	RUGBY	\N	\N	\N	06:41:00	\N	\N	4	FL	FL	            	\N	\N	\N
3780	76	HMTNJ	\N	\N	\N	06:42:00	\N	\N	\N	\N	\N	            	\N	\N	\N
3781	76	WEEDON	\N	\N	\N	06:50:30	\N	\N	\N	FL	FL	            	\N	\N	\N
3782	76	HANSLPJ	\N	\N	\N	07:00:30	\N	\N	\N	FL	FL	            	\N	\N	\N
3783	76	MKNSCEN	\N	\N	\N	07:05:30	\N	\N	4	FL	FL	            	\N	\N	\N
3784	76	BLTCHLY	\N	\N	\N	07:07:30	\N	\N	2	FL	FL	            	\N	\N	\N
3785	76	LEDBRNJ	\N	\N	\N	07:14:30	\N	\N	\N	FL	FL	            	1	\N	\N
3786	76	TRING	\N	\N	\N	07:20:00	\N	\N	2	FL	FL	            	\N	\N	\N
3787	76	BONENDJ	\N	\N	\N	07:24:30	\N	\N	\N	FL	FL	            	\N	\N	\N
3788	76	WATFDJ	\N	\N	\N	07:30:30	\N	\N	7	FL	FL	            	\N	\N	\N
3789	76	HROW	\N	\N	\N	07:35:00	\N	\N	4	FL	FL	            	1	\N	\N
3790	76	WMBY	\N	\N	\N	07:38:30	\N	\N	4	\N	\N	            	\N	\N	\N
3791	76	WLSDWLJ	\N	\N	\N	07:40:30	\N	\N	\N	FL	FL	            	\N	\N	\N
3792	76	CMDNJN	\N	\N	\N	07:43:30	\N	\N	\N	D	\N	            	\N	\N	\N
3793	76	CMDNSTH	\N	\N	\N	07:44:00	\N	\N	\N	\N	\N	            	\N	\N	\N
3794	76	EUSTON	\N	07:47:00	\N	\N	08:00:00	\N	15	\N	\N	TF          	\N	\N	\N
3795	77	EUSTON	\N	\N	21:15:00	\N	\N	21:15:00	1	X	\N	TBK         	\N	\N	\N
3796	77	CMDNSTH	\N	\N	\N	21:18:00	\N	\N	\N	E	\N	            	\N	\N	\N
3797	77	CMDNJN	\N	\N	\N	21:18:30	\N	\N	\N	FL	\N	            	\N	\N	\N
3798	77	WLSDWLJ	\N	\N	\N	21:21:30	\N	\N	\N	FL	FL	            	\N	\N	\N
3799	77	WMBY	\N	\N	\N	21:23:30	\N	\N	3	\N	\N	            	\N	\N	\N
3800	77	HROW	\N	\N	\N	21:26:00	\N	\N	3	FL	FL	            	\N	\N	\N
3801	77	WATFDJ	\N	\N	\N	21:30:30	\N	\N	6	FL	FL	            	\N	\N	\N
3802	77	BONENDJ	\N	\N	\N	21:36:30	\N	\N	\N	FL	FL	            	\N	\N	\N
3803	77	TRING	\N	\N	\N	21:41:00	\N	\N	1	FL	FL	            	\N	\N	\N
3804	77	LEDBRNJ	\N	\N	\N	21:45:30	\N	\N	\N	FL	FL	            	\N	\N	\N
3805	77	BLTCHLY	\N	\N	\N	21:52:30	\N	\N	1	FL	FL	            	\N	\N	\N
3806	77	MKNSCEN	\N	\N	\N	21:55:00	\N	\N	6	FL	FL	            	1	\N	\N
3807	77	HANSLPJ	\N	\N	\N	22:01:00	\N	\N	\N	FL	FL	            	\N	\N	 H
3808	77	WEEDON	\N	\N	\N	22:11:30	\N	\N	\N	FL	FL	            	1	\N	\N
3809	77	HMTNJ	\N	\N	\N	22:21:00	\N	\N	\N	\N	\N	            	\N	\N	\N
3810	77	RUGBY	\N	\N	\N	22:22:00	\N	\N	DFL	FL	FL	            	\N	\N	\N
3811	77	RUGBTVJ	\N	\N	\N	22:22:30	\N	\N	\N	\N	FL	            	1	 H	\N
3812	77	COVNTRY	\N	\N	\N	22:32:00	\N	\N	3	\N	\N	            	\N	\N	\N
3813	77	BKSWELL	\N	\N	\N	22:36:00	\N	\N	\N	\N	\N	            	\N	1	\N
3814	77	BHAMINT	\N	22:41:30	22:44:30	\N	\N	22:42:00	3	\N	\N	U           	\N	\N	\N
3815	77	STECHFD	\N	\N	\N	22:50:00	\N	\N	\N	\N	\N	            	1	\N	\N
3816	77	ASTON	\N	\N	\N	22:56:00	\N	\N	1	\N	\N	            	\N	\N	\N
3817	77	PRYBRNJ	\N	\N	\N	22:58:30	\N	\N	\N	\N	\N	            	\N	\N	\N
3818	77	BSCTSTA	\N	\N	\N	23:02:00	\N	\N	\N	\N	\N	            	1	\N	\N
3819	77	DRLSTNJ	\N	\N	\N	23:04:00	\N	\N	\N	\N	\N	            	\N	\N	\N
3820	77	PBLJWM	\N	\N	\N	23:06:30	\N	\N	\N	\N	\N	            	\N	\N	\N
3821	77	BSBYJN	\N	\N	\N	23:09:00	\N	\N	\N	\N	\N	            	\N	\N	\N
3822	77	PNKRDG	\N	\N	\N	23:17:00	\N	\N	\N	\N	\N	            	1	\N	\N
3823	77	STAFTVJ	\N	\N	\N	23:22:00	\N	\N	\N	SL	\N	            	\N	\N	\N
3824	77	STAFFRD	\N	\N	\N	23:22:30	\N	\N	5	SL	SL	            	\N	\N	\N
3825	77	SLIGHTJ	\N	\N	\N	23:27:00	\N	\N	\N	\N	\N	            	\N	\N	\N
3826	77	MADELEY	\N	\N	\N	23:35:00	\N	\N	\N	SL	SL	            	1	2	 H
3827	77	CREWBHJ	\N	\N	\N	23:43:30	\N	\N	\N	\N	\N	            	\N	1H	\N
3828	77	CREWE	\N	23:47:00	23:50:00	\N	\N	23:45:00	6	\N	\N	U K         	\N	\N	\N
3829	77	CREWECY	\N	\N	\N	23:51:30	\N	\N	\N	\N	\N	            	\N	\N	\N
3830	77	WNSFD	\N	\N	\N	23:57:30	\N	\N	\N	FL	\N	            	\N	\N	\N
3831	77	HARTFDJ	\N	\N	\N	00:01:00	\N	\N	\N	\N	\N	            	\N	\N	\N
3832	77	ACBG	\N	\N	\N	00:02:30	\N	\N	\N	\N	\N	            	\N	\N	\N
3833	77	WEAVERJ	\N	\N	\N	00:04:00	\N	\N	\N	\N	\N	            	\N	\N	\N
3834	77	ACGJN	\N	\N	\N	00:11:30	\N	\N	\N	OL	\N	            	\N	\N	\N
3835	77	WRGTWOJ	\N	\N	\N	00:14:00	\N	\N	\N	\N	\N	            	\N	\N	\N
3836	77	WRGTNBQ	\N	\N	\N	00:17:00	\N	\N	3	FL	\N	            	\N	\N	\N
3837	77	DALAMBR	\N	\N	\N	00:18:00	\N	\N	\N	\N	\N	            	\N	\N	\N
3838	77	WINWCKJ	\N	\N	\N	00:20:30	\N	\N	\N	\N	\N	            	\N	\N	\N
3839	77	GOLBRNJ	\N	\N	\N	00:24:00	\N	\N	\N	SL	\N	            	\N	\N	\N
3840	77	SPRBJN	\N	\N	\N	00:28:00	\N	\N	\N	FL	\N	            	\N	\N	\N
3841	77	WIGASJN	\N	\N	\N	00:28:30	\N	\N	\N	\N	\N	            	\N	\N	\N
3842	77	WIGANNW	\N	\N	\N	00:29:00	\N	\N	5	\N	\N	            	\N	 H	1
3843	77	BALSHWL	\N	\N	\N	00:36:00	\N	\N	\N	\N	\N	            	1	\N	\N
3844	77	EUXTONJ	\N	\N	\N	00:38:30	\N	\N	\N	\N	\N	            	1	2	\N
3845	77	PRSTRJN	\N	\N	\N	00:46:00	\N	\N	\N	DFL	\N	            	\N	\N	 H
3846	77	PRST	\N	00:48:00	00:58:00	\N	\N	00:30:00	3	DFL	DFL	U K         	\N	\N	\N
3847	77	PRSTNFJ	\N	\N	\N	00:59:30	\N	\N	\N	\N	\N	            	\N	\N	\N
3848	77	BBGHGL	\N	\N	\N	01:03:30	\N	\N	\N	\N	\N	            	\N	\N	\N
3849	77	GSTANG	\N	\N	\N	01:07:00	\N	\N	\N	\N	\N	            	\N	\N	\N
3850	77	LANCSTR	\N	\N	\N	01:16:30	\N	\N	DFL	\N	\N	            	\N	\N	\N
3851	77	MORCMSJ	\N	\N	\N	01:18:00	\N	\N	\N	\N	\N	            	\N	\N	\N
3852	77	CRNFNJN	\N	\N	\N	01:21:00	\N	\N	\N	\N	\N	            	\N	\N	\N
3853	77	OXENHLM	\N	\N	\N	01:31:00	\N	\N	2	\N	\N	            	\N	\N	\N
3854	77	GRIGG	\N	\N	\N	01:36:30	\N	\N	\N	\N	\N	            	1	\N	\N
3855	77	TEBAY	\N	\N	\N	01:42:00	\N	\N	\N	\N	\N	            	\N	\N	\N
3856	77	SHAPSMT	\N	\N	\N	01:46:00	\N	\N	\N	\N	\N	            	\N	\N	\N
3857	77	SHAPHNS	\N	\N	\N	01:49:00	\N	\N	\N	\N	\N	            	\N	 H	\N
3858	77	PNTH	\N	\N	\N	01:58:00	\N	\N	2	\N	\N	            	2	\N	1
3859	77	CARLILE	\N	02:15:30	02:18:30	\N	\N	\N	3	DML	\N	S           	\N	\N	\N
3860	77	CARLCJN	\N	\N	\N	02:20:30	\N	\N	\N	\N	\N	            	\N	\N	\N
3861	77	KGMRJCN	\N	\N	\N	02:22:00	\N	\N	\N	\N	\N	            	\N	\N	\N
3862	77	FLORSTN	\N	\N	\N	02:25:00	\N	\N	\N	\N	\N	            	\N	\N	\N
3863	77	GRETNAJ	\N	\N	\N	02:27:00	\N	\N	\N	\N	\N	            	\N	\N	\N
3864	77	KRKP863	\N	\N	\N	02:30:00	\N	\N	\N	\N	\N	            	\N	\N	\N
3865	77	LCKRBIE	\N	\N	\N	02:39:30	\N	\N	1	\N	\N	            	\N	\N	\N
3866	77	BEATCK	\N	\N	\N	02:50:30	\N	\N	DM	\N	\N	            	\N	\N	1
3867	77	BEATCKS	\N	\N	\N	02:59:30	\N	\N	DM	\N	\N	            	\N	 H	\N
3868	77	ABINGTN	\N	\N	\N	03:06:00	\N	\N	DM	\N	\N	            	2	\N	\N
3869	77	CRSTRSS	\N	\N	\N	03:20:00	\N	\N	\N	\N	\N	            	\N	\N	\N
3870	77	CRSTRSE	\N	\N	\N	03:21:00	\N	\N	\N	\N	\N	            	\N	\N	\N
3871	77	ACHNGRY	\N	\N	\N	03:25:30	\N	\N	\N	\N	\N	            	\N	\N	\N
3872	77	COBB713	\N	\N	\N	03:28:00	\N	\N	\N	\N	\N	            	\N	\N	\N
3873	77	MDCLDRJ	\N	\N	\N	03:34:00	\N	\N	\N	\N	\N	            	1	\N	\N
3874	77	SLATEFD	\N	\N	\N	03:42:00	\N	\N	\N	\N	\N	            	\N	\N	\N
3875	77	HAYMRKT	\N	\N	\N	03:44:00	\N	\N	3	US	\N	            	\N	\N	\N
3876	77	PRNCSTG	\N	\N	\N	03:45:30	\N	\N	\N	Z	\N	            	\N	\N	\N
3877	77	EDINBUR	\N	03:47:00	04:20:00	\N	\N	\N	2	Z	Z	L -D        	\N	\N	\N
3878	77	PRNCSTG	2	\N	\N	04:21:30	\N	\N	\N	DS	\N	            	\N	\N	\N
3879	77	HAYMRKT	2	\N	\N	04:23:00	\N	\N	4	DS	\N	            	\N	\N	\N
3880	77	HAYMRWJ	\N	\N	\N	04:24:30	\N	\N	\N	\N	DS	            	\N	\N	\N
3881	77	NWBG	\N	\N	\N	04:31:00	\N	\N	\N	\N	\N	            	\N	\N	\N
3882	77	WNCBROJ	\N	\N	\N	04:34:30	\N	\N	\N	\N	\N	            	\N	\N	\N
3883	77	LNLTHGW	\N	\N	\N	04:38:30	\N	\N	2	\N	\N	            	\N	\N	\N
3884	77	POLMONT	\N	\N	\N	04:44:00	\N	\N	2	\N	\N	            	\N	\N	\N
3885	77	GRNGMTJ	\N	\N	\N	04:47:00	\N	\N	\N	\N	\N	            	1	\N	\N
3886	77	CRMRSEJ	\N	\N	\N	04:50:30	\N	\N	\N	\N	\N	            	\N	\N	\N
3887	77	LARBERJ	\N	\N	\N	04:51:30	\N	\N	\N	\N	\N	            	\N	\N	\N
3888	77	STIRLNG	\N	04:58:30	05:00:00	\N	04:59:00	\N	2	\N	\N	D           	\N	\N	\N
3889	77	DUNANE	\N	05:08:00	05:09:30	\N	05:08:00	\N	2	\N	\N	D           	\N	\N	\N
3890	77	DUNA43	\N	\N	\N	05:13:00	\N	\N	\N	\N	\N	            	1	\N	\N
3891	77	GRNLNNG	\N	\N	\N	05:17:30	\N	\N	\N	\N	\N	            	\N	\N	\N
3892	77	BLFD	\N	\N	\N	05:21:30	\N	\N	\N	\N	\N	            	\N	\N	\N
3893	77	GLNEGLS	\N	05:23:30	05:25:00	\N	05:24:00	\N	2	\N	\N	D           	\N	\N	\N
3894	77	AUCHTDR	\N	\N	\N	05:27:30	\N	\N	\N	\N	\N	            	\N	\N	\N
3895	77	HILT19	\N	\N	\N	05:34:30	\N	\N	\N	\N	\N	            	1	\N	\N
3896	77	HILTONJ	\N	\N	\N	05:38:30	\N	\N	\N	\N	\N	            	\N	\N	\N
3897	77	PERTH	\N	05:42:00	05:43:30	\N	05:42:00	\N	7	\N	\N	D           	\N	\N	\N
3898	77	STNY	\N	\N	\N	05:53:00	\N	\N	\N	\N	\N	            	\N	\N	\N
3899	77	DUNKELD	\N	06:02:00	06:03:30	\N	06:02:00	\N	1	\N	\N	D           	\N	\N	\N
3900	77	PTLCHRY	\N	06:16:00	06:17:30	\N	06:16:00	\N	1	\N	\N	D           	\N	\N	\N
3901	77	BLARATH	\N	06:28:00	06:29:30	\N	06:28:00	\N	2	\N	\N	D           	\N	\N	\N
3902	77	DLNCRDH	\N	\N	\N	06:41:30	\N	\N	\N	\N	\N	            	\N	\N	\N
3903	77	DLNSPDL	\N	\N	\N	06:49:30	\N	\N	\N	\N	\N	            	1	\N	\N
3904	77	DALWHIN	\N	06:59:00	07:00:30	\N	06:59:00	\N	2	\N	\N	D           	\N	\N	\N
3905	77	NWTM	\N	07:10:30	07:12:00	\N	07:11:00	\N	1	\N	\N	D           	\N	\N	\N
3906	77	KGUSSIE	\N	07:16:00	07:17:30	\N	07:16:00	07:17:00	1	\N	\N	T           	\N	\N	\N
3907	77	KNCRAIG	\N	07:25:00	07:31:00	\N	\N	\N	\N	\N	\N	A X         	1	\N	\N
3908	77	AVIEMRE	\N	07:38:30	07:43:00	\N	07:39:00	07:43:00	1	\N	\N	T           	\N	\N	\N
3909	77	CARRBDG	\N	07:53:00	07:54:30	\N	07:53:00	07:54:00	1	\N	\N	T           	\N	\N	\N
3910	77	SLOCHD	\N	\N	\N	08:02:30	\N	\N	\N	\N	\N	            	\N	\N	\N
3911	77	TOMATIN	\N	08:08:00	08:16:00	\N	\N	\N	\N	\N	\N	X A         	\N	\N	\N
3912	77	MOYY	\N	\N	\N	08:20:30	\N	\N	\N	\N	\N	            	\N	\N	\N
3913	77	CULDNMR	\N	\N	\N	08:27:00	\N	\N	\N	\N	\N	            	1	\N	\N
3914	77	CRAHALL	\N	\N	\N	08:32:00	\N	\N	\N	DH	\N	            	\N	\N	\N
3915	77	MILBRNJ	\N	\N	\N	08:33:00	\N	\N	\N	\N	DH	            	\N	\N	\N
3916	77	IVRNESS	\N	08:35:00	\N	\N	08:45:00	\N	2	\N	\N	TF          	\N	\N	\N
3917	78	EDINBUR	\N	\N	04:28:00	\N	\N	04:28:00	2	Z	\N	TBN         	\N	\N	\N
3918	78	PRNCSTG	\N	\N	\N	04:29:30	\N	\N	\N	DS	\N	            	\N	\N	\N
3919	78	HAYMRKT	\N	\N	\N	04:31:00	\N	\N	4	DS	\N	            	\N	\N	\N
3920	78	HAYMRWJ	\N	\N	\N	04:32:30	\N	\N	\N	\N	DS	            	\N	\N	\N
3921	78	NWBG	\N	\N	\N	04:39:00	\N	\N	\N	\N	\N	            	\N	\N	\N
3922	78	WNCBROJ	\N	\N	\N	04:42:30	\N	\N	\N	\N	\N	            	\N	\N	\N
3923	78	LNLTHGW	\N	\N	\N	04:47:00	\N	\N	2	\N	\N	            	\N	\N	\N
3924	78	POLMONT	\N	\N	\N	04:52:00	\N	\N	2	\N	\N	            	\N	\N	\N
3925	78	GRNGMTJ	\N	\N	\N	04:55:30	\N	\N	\N	\N	\N	            	1	\N	\N
3926	78	CRMRSEJ	\N	\N	\N	04:59:30	\N	\N	\N	\N	\N	            	\N	\N	\N
3927	78	LARBERJ	\N	\N	\N	05:00:30	\N	\N	\N	\N	\N	            	\N	\N	\N
3928	78	STIRLNG	\N	\N	\N	05:07:30	\N	\N	2	\N	\N	            	\N	4	\N
3929	78	DUNANE	\N	\N	\N	05:18:00	\N	\N	2	\N	\N	            	1	\N	\N
3930	78	DUNA43	\N	\N	\N	05:22:00	\N	\N	\N	\N	\N	            	\N	\N	\N
3931	78	GRNLNNG	\N	\N	\N	05:25:30	\N	\N	\N	\N	\N	            	\N	1	\N
3932	78	BLFD	\N	\N	\N	05:30:30	\N	\N	\N	\N	\N	            	\N	\N	\N
3933	78	AUCHTDR	\N	\N	\N	05:34:30	\N	\N	\N	\N	\N	            	\N	\N	\N
3934	78	HILT19	\N	\N	\N	05:41:30	\N	\N	\N	\N	\N	            	1	\N	\N
3935	78	HILTONJ	\N	\N	\N	05:45:30	\N	\N	\N	\N	\N	            	\N	\N	\N
3936	78	PERTH	\N	\N	\N	05:49:30	\N	\N	2	\N	\N	            	\N	\N	\N
3937	78	BHLP	\N	\N	\N	05:52:30	\N	\N	\N	\N	\N	            	\N	\N	\N
3938	78	ERROLLC	\N	\N	\N	06:01:00	\N	\N	\N	\N	\N	            	\N	\N	\N
3939	78	LFGNLC	\N	\N	\N	06:05:00	\N	\N	\N	\N	\N	            	\N	\N	\N
3940	78	DUND697	\N	\N	\N	06:06:00	\N	\N	\N	\N	\N	            	\N	\N	\N
3941	78	DUNDCJ	\N	\N	\N	06:09:00	\N	\N	\N	\N	\N	            	\N	\N	\N
3942	78	DUNDETB	\N	06:10:00	06:12:00	\N	06:11:00	\N	4	\N	\N	D           	\N	\N	\N
3943	78	CMPRDNJ	\N	\N	\N	06:14:30	\N	\N	\N	\N	\N	            	\N	\N	\N
3944	78	BRFRY	\N	\N	\N	06:19:00	\N	\N	2	\N	\N	            	\N	\N	\N
3945	78	CNST	\N	06:24:30	06:26:30	\N	06:26:00	\N	2	\N	\N	D           	\N	\N	\N
3946	78	ARBROTH	\N	06:32:00	06:34:00	\N	06:33:00	\N	2	\N	\N	D           	\N	\N	\N
3947	78	INVKLOR	\N	\N	\N	06:40:30	\N	\N	\N	\N	\N	            	\N	\N	\N
3948	78	USAN	\N	\N	\N	06:45:30	\N	\N	\N	\N	\N	            	\N	\N	\N
3949	78	MONTRSE	\N	06:48:30	06:50:30	\N	06:50:00	\N	2	\N	\N	D           	1	\N	\N
3950	78	CRAIGO	\N	\N	\N	06:56:30	\N	\N	\N	\N	\N	            	\N	\N	\N
3951	78	LRNCKRK	\N	\N	\N	07:01:30	\N	\N	\N	\N	\N	            	\N	\N	\N
3952	78	CAARMNT	\N	\N	\N	07:08:00	\N	\N	\N	\N	\N	            	\N	\N	\N
3953	78	SHVN	\N	07:13:30	07:15:30	\N	07:15:00	\N	2	\N	\N	D           	\N	\N	\N
3954	78	ABRD223	\N	\N	\N	07:21:30	\N	\N	\N	\N	\N	            	\N	\N	\N
3955	78	ABRD229	\N	\N	\N	07:25:00	\N	\N	\N	\N	\N	            	\N	\N	\N
3956	78	ABRD55	\N	\N	\N	07:28:30	\N	\N	\N	\N	\N	            	\N	\N	\N
3957	78	CRGISTH	\N	\N	\N	07:29:30	\N	\N	\N	\N	\N	            	1	\N	\N
3958	78	ABRDFJN	\N	\N	\N	07:32:00	\N	\N	\N	\N	\N	            	\N	\N	\N
3959	78	ABRDEEN	\N	07:34:00	\N	\N	07:50:00	\N	6S	\N	\N	TF          	\N	\N	\N
3960	79	EDINBUR	\N	\N	04:50:00	\N	\N	04:50:00	2	Z	\N	TB          	\N	\N	\N
3961	79	PRNCSTG	\N	\N	\N	04:51:30	\N	\N	\N	DS	\N	            	\N	\N	\N
3962	79	HAYMRKT	\N	\N	\N	04:53:00	\N	\N	4	DS	\N	            	\N	\N	\N
3963	79	HAYMRWJ	\N	\N	\N	04:55:00	\N	\N	\N	\N	DS	            	\N	\N	\N
3964	79	NWBG	\N	\N	\N	05:01:00	\N	\N	\N	\N	\N	            	\N	\N	\N
3965	79	UPHALL	\N	\N	\N	05:06:00	\N	\N	\N	\N	\N	            	\N	\N	\N
3966	79	BTHGATE	\N	\N	\N	05:12:00	\N	\N	2	\N	\N	            	\N	\N	\N
3967	79	AIRDRIE	\N	\N	\N	05:26:00	\N	\N	2	\N	\N	            	\N	\N	\N
3968	79	COATBDS	\N	\N	\N	05:29:30	\N	\N	\N	\N	\N	            	\N	\N	\N
3969	79	SHTLSTN	\N	\N	\N	05:36:30	\N	\N	\N	\N	\N	            	\N	\N	\N
3970	79	BLGRVE	\N	\N	\N	05:41:30	\N	\N	1	\N	\N	            	\N	\N	\N
3971	79	GLGQLL	\N	05:47:00	05:48:30	\N	\N	05:48:00	8	\N	\N	U           	\N	\N	\N
3972	79	FNSTNEJ	\N	\N	\N	05:54:00	\N	\N	\N	\N	\N	            	\N	\N	\N
3973	79	HYNDLEJ	\N	\N	\N	05:57:00	\N	\N	\N	\N	\N	            	\N	\N	\N
3974	79	ANSL	\N	\N	\N	05:58:00	\N	\N	2	\N	\N	            	\N	\N	\N
3975	79	WESTRTN	\N	\N	\N	06:00:30	\N	\N	2	\N	\N	            	\N	\N	\N
3976	79	DALMUIR	\N	06:04:30	06:06:00	\N	06:05:00	06:06:00	1	\N	\N	T           	\N	\N	\N
3977	79	DMBRTNC	\N	06:15:30	06:17:00	\N	06:16:00	06:17:00	2	\N	\N	T           	\N	\N	\N
3978	79	DLREOCH	\N	\N	\N	06:18:30	\N	\N	\N	\N	\N	            	\N	\N	\N
3979	79	CRGDRNJ	\N	\N	\N	06:26:30	\N	\N	\N	\N	\N	            	\N	\N	\N
3980	79	HLNSBRU	\N	06:30:30	06:33:30	\N	06:31:00	06:33:00	1	\N	\N	T           	\N	\N	\N
3981	79	GRLCHHD	\N	06:45:30	06:47:00	\N	06:46:00	06:47:00	2	\N	\N	T           	\N	\N	\N
3982	79	GLDL	\N	\N	\N	07:00:00	\N	\N	\N	\N	\N	            	\N	\N	\N
3983	79	ARCHRAT	\N	07:08:00	07:09:30	\N	07:08:00	07:09:00	2	\N	\N	T X         	\N	\N	\N
3984	79	ARDLUI	\N	07:23:30	07:25:00	\N	07:24:00	07:25:00	2	\N	\N	R           	\N	\N	\N
3985	79	CRNLRCH	\N	07:45:00	07:48:00	\N	07:45:00	07:48:00	2	\N	\N	T           	\N	\N	\N
3986	79	TYNDRMU	\N	07:59:00	08:02:00	\N	07:59:00	08:02:00	2	\N	\N	T           	\N	\N	\N
3987	79	BOORCHY	\N	08:16:30	08:18:30	\N	08:17:00	08:18:00	2	\N	\N	T           	\N	\N	\N
3988	79	RANNOCH	\N	08:43:30	08:45:00	\N	08:44:00	08:45:00	1	\N	\N	T X         	\N	\N	\N
3989	79	CORROUR	\N	08:58:00	09:00:00	\N	08:58:00	09:00:00	1	\N	\N	T           	\N	\N	\N
3990	79	TULLOCH	\N	09:19:00	09:21:00	\N	09:19:00	09:21:00	2	\N	\N	T X         	\N	\N	\N
3991	79	ROYBDGE	\N	09:31:30	09:31:30	\N	09:31:00	09:31:00	1	\N	\N	R           	\N	\N	\N
3992	79	SPEANBD	\N	09:38:00	09:39:30	\N	09:38:00	09:39:00	1	\N	\N	T           	\N	\N	\N
3993	79	FRTWJN	\N	\N	\N	09:51:30	\N	\N	\N	\N	\N	            	\N	\N	\N
3994	79	FRTWLM	\N	09:55:00	\N	\N	10:00:00	\N	1	\N	\N	TF          	\N	\N	\N
3995	80	PENZNCE	\N	\N	21:15:00	\N	\N	21:15:00	4	\N	\N	TB          	\N	\N	\N
3996	80	LNGROCK	\N	\N	\N	21:19:00	\N	\N	\N	\N	\N	X           	\N	\N	\N
3997	80	STERTH	\N	21:23:00	21:25:00	\N	\N	21:25:00	2	\N	\N	U           	\N	\N	\N
3998	80	CBORSR6	\N	\N	\N	21:32:00	\N	\N	\N	\N	\N	            	\N	\N	\N
3999	80	CBORNE	\N	21:35:00	21:37:00	\N	\N	21:37:00	2	\N	\N	U           	\N	\N	\N
4000	80	CBORR10	\N	\N	\N	21:41:30	\N	\N	\N	\N	\N	            	\N	\N	1
4001	80	REDRUTH	\N	21:43:30	21:46:30	\N	\N	21:46:00	2	\N	\N	U           	\N	\N	\N
4002	80	REDRR14	\N	\N	\N	21:52:00	\N	\N	\N	\N	\N	            	\N	\N	\N
4003	80	PNWTHRJ	\N	\N	\N	21:56:00	\N	\N	\N	\N	\N	            	\N	\N	\N
4004	80	TRURO	\N	21:57:30	22:00:30	\N	\N	22:00:00	3	\N	\N	U           	\N	\N	\N
4005	80	PROBUS	\N	\N	\N	22:06:30	\N	\N	\N	\N	\N	            	\N	\N	\N
4006	80	BGLWJN	\N	\N	\N	22:13:30	\N	\N	\N	\N	\N	            	\N	\N	\N
4007	80	STAUSTL	\N	22:16:00	22:19:00	\N	\N	22:19:00	2	\N	\N	U           	\N	\N	\N
4008	80	PARR	\N	\N	\N	22:24:00	\N	\N	2	\N	\N	            	\N	\N	\N
4009	80	LSTWTHL	\N	\N	\N	22:29:00	\N	\N	1	\N	\N	            	\N	\N	\N
4010	80	BODMNPW	\N	22:33:00	22:35:00	\N	\N	22:35:00	2	\N	\N	U           	\N	\N	\N
4011	80	LRGN	\N	\N	\N	22:41:00	\N	\N	\N	\N	\N	            	\N	\N	\N
4012	80	STPNCVE	\N	\N	\N	22:42:30	\N	\N	\N	\N	\N	            	\N	\N	\N
4013	80	LISKARD	\N	22:48:00	22:50:00	\N	\N	22:50:00	2	\N	\N	U           	\N	\N	\N
4014	80	MENH259	\N	\N	\N	22:56:00	\N	\N	\N	\N	\N	            	\N	\N	\N
4015	80	STGRMNS	\N	\N	\N	22:59:30	\N	\N	2	\N	\N	            	\N	\N	\N
4016	80	SASH	\N	\N	\N	23:05:00	\N	\N	2	\N	\N	            	\N	\N	\N
4017	80	STBDXJN	\N	\N	\N	23:09:00	\N	\N	\N	\N	\N	            	1	\N	\N
4018	80	PLYMTH	\N	23:15:00	23:21:00	\N	\N	23:21:00	4	\N	\N	U           	\N	\N	\N
4019	80	LIPSONJ	\N	\N	\N	23:24:00	\N	\N	\N	\N	\N	            	\N	\N	\N
4020	80	TVSTCKJ	\N	\N	\N	23:25:30	\N	\N	\N	\N	\N	            	\N	\N	\N
4021	80	HEMERDN	\N	\N	\N	23:29:30	\N	\N	\N	\N	\N	            	\N	\N	\N
4022	80	IVYBDGE	\N	\N	\N	23:34:30	\N	\N	2	\N	\N	            	\N	\N	\N
4023	80	AISHXO	\N	\N	\N	23:39:00	\N	\N	\N	\N	\N	            	\N	\N	\N
4024	80	RTRY	\N	\N	\N	23:42:00	\N	\N	\N	\N	\N	            	\N	\N	\N
4025	80	TOTNES	\N	23:47:00	23:49:00	\N	23:47:00	23:49:00	2	\N	\N	T           	\N	\N	\N
4026	80	DAINTNT	\N	\N	\N	23:56:00	\N	\N	\N	\N	\N	            	\N	\N	\N
4027	80	NABTWJ	\N	\N	\N	23:59:30	\N	\N	\N	\N	\N	            	\N	\N	\N
4028	80	NABT	\N	00:01:00	00:02:30	\N	00:01:00	00:02:00	3	\N	\N	T           	\N	\N	\N
4029	80	TEINMTH	\N	\N	\N	00:08:30	\N	\N	2	\N	\N	            	\N	\N	\N
4030	80	DAWLISH	\N	\N	\N	00:11:30	\N	\N	2	\N	\N	            	\N	\N	\N
4031	80	DAWLSHW	\N	\N	\N	00:13:00	\N	\N	\N	\N	\N	            	1	\N	\N
4032	80	EXETRSD	\N	00:24:00	01:07:00	\N	00:24:00	01:07:00	3	\N	\N	T           	\N	\N	\N
4033	80	CWLYBDG	\N	\N	\N	01:10:00	\N	\N	\N	\N	\N	            	\N	\N	\N
4034	80	TIVILP	\N	\N	\N	01:21:00	\N	\N	\N	\N	\N	            	\N	\N	\N
4035	80	TIVIPW	\N	\N	\N	01:22:30	\N	\N	2	\N	\N	            	\N	\N	\N
4036	80	TIVITNL	\N	\N	\N	01:25:30	\N	\N	\N	\N	\N	            	1	\N	\N
4037	80	NTNFTZN	\N	\N	\N	01:34:00	\N	\N	\N	\N	\N	            	\N	\N	\N
4038	80	TAUNTON	\N	\N	\N	01:35:30	\N	\N	4	\N	\N	            	\N	\N	\N
4039	80	COGLOAD	\N	\N	\N	01:39:30	\N	\N	\N	\N	\N	            	\N	\N	\N
4040	80	ATHLNEY	\N	\N	\N	01:42:30	\N	\N	\N	\N	\N	            	\N	\N	\N
4041	80	SOMEGF	\N	\N	\N	01:49:30	\N	\N	\N	\N	\N	            	\N	\N	\N
4042	80	CCARY	\N	\N	\N	01:58:00	\N	\N	1	\N	\N	            	\N	\N	\N
4043	80	ESTSOMJ	\N	\N	\N	02:05:30	\N	\N	\N	\N	\N	            	\N	\N	\N
4044	80	BLBGJN	\N	\N	\N	02:09:00	\N	\N	\N	\N	\N	            	\N	\N	\N
4045	80	CLNKRDJ	\N	\N	\N	02:10:30	\N	\N	\N	\N	\N	            	1	\N	\N
4046	80	FRWDJN	\N	\N	\N	02:14:00	\N	\N	\N	\N	\N	            	\N	\N	\N
4047	80	HWRDJN	\N	\N	\N	02:16:00	\N	\N	\N	\N	\N	            	\N	\N	\N
4048	80	LAVNGTN	\N	\N	\N	02:21:30	\N	\N	\N	\N	\N	            	\N	\N	\N
4049	80	WBORO	\N	\N	\N	02:29:30	\N	\N	\N	\N	\N	            	\N	\N	\N
4050	80	BEDYN	\N	\N	\N	02:40:00	\N	\N	2	\N	\N	            	\N	\N	\N
4051	80	HUNGRFD	\N	\N	\N	02:44:00	\N	\N	\N	\N	\N	            	1	\N	\N
4052	80	NEWBURY	\N	\N	\N	02:52:30	\N	\N	\N	\N	\N	            	\N	\N	\N
4053	80	THEALE	\N	\N	\N	03:02:00	\N	\N	\N	\N	\N	            	1	\N	\N
4054	80	SCOTEJN	\N	\N	\N	03:06:30	\N	\N	\N	\N	\N	            	\N	\N	\N
4055	80	RDNGORJ	\N	\N	\N	03:08:30	\N	\N	\N	DFR	\N	            	\N	\N	\N
4056	80	RDNGSTN	\N	03:12:00	04:18:00	\N	03:12:00	\N	15	URL	\N	D -U        	\N	\N	\N
4057	80	RDNGKBJ	\N	\N	\N	04:20:00	\N	\N	\N	RL	\N	            	\N	\N	\N
4058	80	TWYFORD	\N	\N	\N	04:24:30	\N	\N	4	RL	\N	            	\N	\N	\N
4059	80	MDNHEAD	\N	\N	\N	04:31:00	\N	\N	4	RL	\N	            	\N	\N	\N
4060	80	SLOUGH	\N	\N	\N	04:37:00	\N	\N	5	RL	\N	            	\N	\N	\N
4061	80	HTRWAJN	\N	\N	\N	04:43:30	\N	\N	\N	RL	\N	            	2	\N	\N
4062	80	STHALL	\N	\N	\N	04:47:00	\N	\N	4	RL	\N	            	\N	\N	\N
4063	80	ACTONW	\N	\N	\N	04:50:30	\N	\N	\N	RL	RL	            	1	5	\N
4064	80	LDBRKJ	\N	\N	\N	05:00:00	\N	\N	\N	3	RL	            	\N	\N	\N
4065	80	PRTOBJP	\N	\N	\N	05:01:30	\N	\N	\N	3	\N	            	\N	\N	\N
4066	80	ROYAOJN	\N	\N	\N	05:02:30	\N	\N	\N	2	\N	            	\N	\N	\N
4067	80	PADTON	\N	05:04:00	\N	\N	05:04:00	\N	1	\N	\N	TF          	\N	\N	\N
4068	81	FRTWLM	\N	\N	19:50:00	\N	\N	19:50:00	2	\N	\N	TB          	\N	\N	\N
4069	81	FRTWJN	\N	\N	\N	19:53:00	\N	\N	\N	\N	\N	            	\N	\N	\N
4070	81	SPEANBD	\N	20:07:00	20:10:00	\N	20:07:00	20:09:00	2	\N	\N	T X         	\N	\N	\N
4071	81	ROYBDGE	\N	20:17:00	20:17:00	\N	20:17:00	20:17:00	1	\N	\N	R           	\N	\N	\N
4072	81	TULLOCH	\N	20:28:00	20:30:00	\N	20:28:00	20:29:00	1	\N	\N	T           	\N	\N	\N
4073	81	CORROUR	\N	20:51:00	20:53:00	\N	20:51:00	20:52:00	1	\N	\N	T           	\N	1	\N
4074	81	RANNOCH	\N	21:06:00	21:09:00	\N	21:06:00	21:08:00	2	\N	\N	T X         	\N	\N	\N
4075	81	BOORCHY	\N	21:35:00	21:37:00	\N	21:35:00	21:36:00	1	\N	\N	T           	\N	\N	\N
4076	81	TYNDRMU	\N	21:52:00	21:55:00	\N	21:52:00	21:54:00	1	\N	\N	T           	\N	\N	\N
4077	81	CRNLRCH	\N	22:07:00	22:09:00	\N	22:07:00	22:08:00	1	\N	\N	T           	\N	\N	\N
4078	81	ARDLUI	\N	22:27:30	22:29:00	\N	22:28:00	22:28:00	1	\N	\N	R           	\N	\N	\N
4079	81	ARCHRAT	\N	22:44:00	22:45:30	\N	22:44:00	22:44:00	1	\N	\N	T           	\N	\N	\N
4080	81	GLDL	\N	\N	\N	22:55:30	\N	\N	\N	\N	\N	            	\N	\N	\N
4081	81	GRLCHHD	\N	23:09:30	23:11:00	\N	23:10:00	23:10:00	1	\N	\N	T           	\N	\N	\N
4082	81	HLNSBRU	\N	23:23:00	23:24:30	\N	23:23:00	23:23:00	1	\N	\N	T           	\N	\N	\N
4083	81	CRGDRNJ	\N	\N	\N	23:28:30	\N	\N	\N	\N	\N	            	\N	\N	\N
4084	81	DLREOCH	\N	\N	\N	23:36:30	\N	\N	\N	\N	\N	            	\N	\N	\N
4085	81	DMBRTNC	\N	23:38:00	23:39:30	\N	23:38:00	23:38:00	1	\N	\N	T           	\N	\N	\N
4086	81	DALMUIR	\N	23:50:00	23:53:30	\N	23:50:00	23:51:00	2	\N	\N	T           	\N	\N	\N
4087	81	WESTRTN	\N	\N	\N	23:59:30	\N	\N	2	\N	\N	            	\N	\N	\N
4088	81	MRYHILL	\N	\N	\N	00:02:00	\N	\N	\N	\N	\N	            	\N	\N	\N
4089	81	CWLRSNJ	\N	\N	\N	00:05:30	\N	\N	\N	\N	\N	            	\N	\N	\N
4090	81	CWLRSEJ	\N	\N	\N	00:07:00	\N	\N	\N	UEG	\N	            	\N	\N	\N
4091	81	BSHB	\N	\N	\N	00:09:30	\N	\N	\N	\N	\N	            	\N	\N	\N
4092	81	LENZIE	\N	\N	\N	00:13:00	\N	\N	\N	\N	\N	            	\N	\N	\N
4093	81	CROY	\N	\N	\N	00:17:00	\N	\N	1	\N	\N	            	\N	\N	\N
4094	81	GNHLUJN	\N	\N	\N	00:21:00	\N	\N	\N	\N	\N	            	\N	\N	\N
4095	81	FALKRKH	\N	\N	\N	00:24:00	\N	\N	1	\N	\N	            	\N	\N	\N
4096	81	POLMONT	\N	\N	\N	00:26:00	\N	\N	1	\N	\N	            	\N	\N	\N
4097	81	LNLTHGW	\N	\N	\N	00:29:30	\N	\N	1	\N	\N	            	\N	 H	\N
4098	81	WNCBROJ	\N	\N	\N	00:34:00	\N	\N	\N	\N	\N	            	\N	 H	\N
4099	81	NWBG	\N	\N	\N	00:37:30	\N	\N	\N	\N	\N	            	2	1	\N
4100	81	HAYMRWJ	\N	\N	\N	00:45:00	\N	\N	\N	US	\N	            	\N	2	\N
4101	81	HAYMRKT	\N	\N	\N	00:48:00	\N	\N	3	US	\N	            	\N	\N	\N
4102	81	PRNCSTG	\N	\N	\N	00:49:30	\N	\N	\N	W	\N	            	\N	\N	\N
4103	81	EDINBUR	\N	\N	\N	00:51:30	\N	\N	10	SL	W	            	\N	\N	\N
4104	81	EDIN815	\N	00:53:00	00:55:00	\N	\N	\N	\N	\N	\N	PRRM        	\N	\N	\N
4105	81	EDINBUR	2	00:57:00	\N	\N	01:08:00	\N	7	\N	SL	TFPR        	\N	\N	\N
4106	82	ABRDEEN	\N	\N	20:26:00	\N	\N	20:26:00	3	\N	\N	TB          	\N	\N	\N
4107	82	ABRDFJN	\N	\N	\N	20:27:00	\N	\N	\N	\N	\N	            	\N	\N	\N
4108	82	CRGISTH	\N	\N	\N	20:28:30	\N	\N	\N	\N	\N	            	\N	\N	\N
4109	82	ABRD56	\N	\N	\N	20:29:00	\N	\N	\N	\N	\N	            	\N	\N	\N
4110	82	ABRD230	\N	\N	\N	20:31:30	\N	\N	\N	\N	\N	            	\N	\N	\N
4111	82	ABRD222	\N	\N	\N	20:37:00	\N	\N	\N	\N	\N	            	\N	\N	\N
4112	82	SHVN	\N	20:43:00	20:45:00	\N	\N	20:43:00	1	\N	\N	U           	\N	\N	\N
4113	82	CAARMNT	\N	\N	\N	20:52:00	\N	\N	\N	\N	\N	            	\N	\N	\N
4114	82	LRNCKRK	\N	\N	\N	20:58:30	\N	\N	\N	\N	\N	            	\N	\N	\N
4115	82	CRAIGO	\N	\N	\N	21:03:00	\N	\N	\N	\N	\N	            	\N	\N	\N
4116	82	MONTRSE	\N	21:07:00	21:08:30	\N	\N	21:06:00	1	\N	\N	U           	\N	\N	\N
4117	82	USAN	\N	\N	\N	21:12:30	\N	\N	\N	\N	\N	            	\N	\N	\N
4118	82	INVKLOR	\N	\N	\N	21:17:30	\N	\N	\N	\N	\N	            	\N	\N	\N
4119	82	ARBROTH	\N	21:23:30	21:25:00	\N	\N	21:23:00	1	\N	\N	U           	\N	\N	\N
4120	82	CNST	\N	21:31:30	21:33:00	\N	\N	21:31:00	1	\N	\N	U           	\N	\N	\N
4121	82	BRFRY	\N	\N	\N	21:40:00	\N	\N	1	\N	\N	            	1	\N	\N
4122	82	CMPRDNJ	\N	\N	\N	21:43:30	\N	\N	\N	\N	\N	            	\N	\N	\N
4123	82	DUNDETB	\N	21:46:00	21:56:00	\N	\N	21:54:00	1	\N	\N	U           	\N	\N	\N
4124	82	DUNDCJ	\N	\N	\N	21:57:00	\N	\N	\N	\N	\N	            	\N	\N	\N
4125	82	TAYBDGS	\N	\N	\N	22:06:00	\N	\N	\N	\N	\N	            	\N	\N	\N
4126	82	SFORT26	\N	\N	\N	22:08:30	\N	\N	\N	\N	\N	            	\N	\N	\N
4127	82	LEUCHRS	\N	22:12:00	22:14:30	\N	\N	22:12:00	1	\N	\N	U           	\N	\N	\N
4128	82	CUPAR	\N	\N	\N	22:22:00	\N	\N	1	\N	\N	            	\N	\N	\N
4129	82	LADYBNK	\N	\N	\N	22:27:00	\N	\N	1	\N	\N	            	1	\N	\N
4130	82	THRNTNJ	\N	\N	\N	22:36:00	\N	\N	\N	\N	\N	            	\N	1	\N
4131	82	THRNUPL	\N	22:38:00	22:47:00	\N	\N	\N	\N	\N	\N	A           	\N	\N	\N
4132	82	THRNTSJ	\N	\N	\N	22:48:00	\N	\N	\N	\N	\N	            	\N	\N	\N
4133	82	KCLD	\N	22:52:30	22:54:00	\N	\N	22:52:00	1	\N	\N	U           	\N	\N	\N
4134	82	BISLND	\N	\N	\N	23:01:30	\N	\N	1	\N	\N	            	\N	\N	\N
4135	82	IVRKTHG	\N	23:09:30	23:11:00	\N	\N	23:09:00	1	\N	\N	U           	\N	\N	\N
4136	82	DLMYJN	\N	\N	\N	23:17:30	\N	\N	\N	\N	\N	            	1	3	\N
4137	82	HAYMRWJ	\N	\N	\N	23:27:00	\N	\N	\N	UN	\N	            	\N	 H	\N
4138	82	HAYMRKT	\N	\N	\N	23:28:30	\N	\N	1	UN	\N	            	\N	 H	\N
4139	82	PRNCSTG	\N	\N	\N	23:30:30	\N	\N	\N	X	\N	            	\N	 H	\N
4140	82	EDINBUR	\N	23:33:00	\N	\N	23:33:00	\N	7	\N	X	TFN         	\N	\N	\N
4141	83	EDINBUR	\N	\N	23:42:00	\N	\N	23:40:00	11	W	\N	TB          	\N	 H	\N
4142	83	PRNCSTG	\N	\N	\N	23:44:00	\N	\N	\N	DS	\N	            	\N	1	\N
4143	83	HAYMRKT	\N	\N	\N	23:46:30	\N	\N	4	\N	\N	            	\N	\N	\N
4144	83	SLATEFD	\N	\N	\N	23:49:00	\N	\N	\N	\N	\N	            	\N	\N	\N
4145	83	MDCLDRJ	\N	\N	\N	23:56:00	\N	\N	\N	\N	\N	            	\N	\N	\N
4146	83	COBB712	\N	\N	\N	00:02:00	\N	\N	\N	\N	\N	            	\N	\N	\N
4147	83	ACHNGRY	\N	\N	\N	00:04:30	\N	\N	\N	\N	\N	            	\N	\N	\N
4148	83	CRSTRSE	\N	\N	\N	00:09:00	\N	\N	\N	\N	\N	            	\N	\N	\N
4149	83	CRSTUPL	\N	00:11:30	00:19:30	\N	\N	\N	\N	\N	\N	A PRRM      	\N	\N	\N
4150	83	CRSTRS	\N	00:21:00	\N	\N	00:21:00	\N	2	\N	\N	TFN PR      	\N	\N	\N
4151	84	GLGC	\N	\N	23:40:00	\N	\N	23:40:00	1	A1	\N	TB          	\N	\N	\N
4152	84	GLGCBSJ	\N	\N	\N	23:42:00	\N	\N	\N	1U	\N	            	\N	\N	\N
4153	84	EGLNSTJ	\N	\N	\N	23:43:00	\N	\N	\N	UF	\N	            	\N	\N	\N
4154	84	LRKFLDJ	\N	\N	\N	23:44:30	\N	\N	\N	FL	\N	            	\N	\N	\N
4155	84	SHFD	\N	\N	\N	23:45:30	\N	\N	\N	\N	\N	            	\N	\N	\N
4156	84	RTHGNEJ	\N	\N	\N	23:46:30	\N	\N	\N	\N	\N	            	\N	\N	\N
4157	84	NWTLWJ	\N	\N	\N	23:48:00	\N	\N	\N	\N	\N	            	\N	\N	\N
4158	84	NWTLEJ	\N	\N	\N	23:49:00	\N	\N	\N	\N	\N	            	\N	\N	\N
4159	84	UDNGTNJ	\N	\N	\N	23:50:00	\N	\N	\N	\N	\N	            	\N	\N	\N
4160	84	MOTHRWL	\N	23:54:00	23:58:00	\N	\N	23:55:00	1	\N	\N	U           	\N	\N	\N
4161	84	SHILDMR	\N	\N	\N	00:01:00	\N	\N	2	\N	\N	            	\N	2H	\N
4162	84	LAWJ	\N	\N	\N	00:06:30	\N	\N	\N	\N	\N	            	\N	\N	\N
4163	84	LANARKJ	\N	\N	\N	00:12:30	\N	\N	\N	\N	\N	            	1	 H	\N
4164	84	CRSTRSN	\N	\N	\N	00:16:30	\N	\N	\N	PL	\N	            	\N	\N	\N
4165	84	CRSTRS	\N	00:18:00	00:40:00	\N	\N	00:25:00	2	\N	\N	U -U        	\N	\N	\N
4166	84	CRSTRSS	\N	\N	\N	00:41:30	\N	\N	\N	\N	\N	            	\N	\N	\N
4167	84	ABINGTN	\N	\N	\N	00:54:30	\N	\N	UM	\N	\N	            	\N	\N	1
4168	84	BEATCKS	\N	\N	\N	01:01:30	\N	\N	UM	\N	\N	            	\N	\N	\N
4169	84	BEATCK	\N	\N	\N	01:09:00	\N	\N	UM	\N	\N	            	\N	\N	\N
4170	84	LCKRBIE	\N	\N	\N	01:19:30	\N	\N	2	\N	\N	            	2	\N	\N
4171	84	KRKP862	\N	\N	\N	01:31:30	\N	\N	\N	\N	\N	            	\N	\N	\N
4172	84	GRETNAJ	\N	\N	\N	01:34:30	\N	\N	\N	\N	\N	            	\N	1	\N
4173	84	KGMRJCN	\N	\N	\N	01:40:00	\N	\N	\N	\N	\N	            	\N	\N	\N
4174	84	CARLCJN	\N	\N	\N	01:41:00	\N	\N	\N	UML	\N	            	\N	\N	\N
4175	84	CARLILE	\N	01:43:00	01:45:00	\N	\N	01:45:00	4	\N	\N	U           	\N	\N	\N
4176	84	PNTH	\N	\N	\N	02:00:30	\N	\N	1	\N	\N	            	\N	\N	\N
4177	84	EDENVGL	\N	\N	\N	02:03:30	\N	\N	\N	\N	\N	            	\N	\N	\N
4178	84	SHAPSMT	\N	\N	\N	02:11:00	\N	\N	\N	\N	\N	            	\N	\N	1
4179	84	TEBAY	\N	\N	\N	02:16:00	\N	\N	\N	\N	\N	            	\N	\N	\N
4180	84	GRIGG	\N	\N	\N	02:22:30	\N	\N	\N	\N	\N	            	\N	\N	\N
4181	84	OXENHLM	\N	\N	\N	02:28:00	\N	\N	1	\N	\N	            	1	\N	\N
4182	84	CRNFNJN	\N	\N	\N	02:38:30	\N	\N	\N	\N	\N	            	\N	\N	\N
4183	84	MORCMSJ	\N	\N	\N	02:42:00	\N	\N	\N	\N	\N	            	\N	\N	1
4184	84	LANCSTR	\N	\N	\N	02:44:30	\N	\N	UFL	\N	\N	            	\N	\N	\N
4185	84	GSTANG	\N	\N	\N	02:53:30	\N	\N	\N	\N	\N	            	2	\N	\N
4186	84	PRSTNFJ	\N	\N	\N	03:04:30	\N	\N	\N	DFL	\N	            	\N	\N	\N
4187	84	PRST	\N	03:06:00	03:15:00	\N	\N	\N	3	DFL	DFL	C A         	\N	\N	\N
4188	84	PRSTRJN	\N	\N	\N	03:16:30	\N	\N	\N	FL	\N	            	\N	\N	\N
4189	84	EUXTONJ	\N	\N	\N	03:20:30	\N	\N	\N	\N	\N	            	\N	\N	\N
4190	84	BALSHWL	\N	\N	\N	03:22:00	\N	\N	\N	\N	\N	            	\N	\N	\N
4191	84	WIGANNW	\N	\N	\N	03:27:30	\N	\N	4	\N	\N	            	\N	\N	\N
4192	84	WIGASJN	\N	\N	\N	03:28:00	\N	\N	\N	\N	\N	            	\N	\N	\N
4193	84	SPRBJN	\N	\N	\N	03:29:00	\N	\N	\N	SL	\N	            	\N	\N	\N
4194	84	GOLBRNJ	\N	\N	\N	03:34:00	\N	\N	\N	FL	\N	            	\N	\N	\N
4195	84	WINWCKJ	\N	\N	\N	03:37:30	\N	\N	\N	\N	\N	            	\N	\N	\N
4196	84	DALAMBR	\N	\N	\N	03:40:00	\N	\N	\N	\N	\N	            	\N	\N	\N
4197	84	WRGTNBQ	\N	\N	\N	03:41:30	\N	\N	2	OL	\N	            	\N	\N	\N
4198	84	WRGTWOJ	\N	\N	\N	03:44:00	\N	\N	\N	\N	\N	            	\N	\N	\N
4199	84	ACGJN	\N	\N	\N	03:46:30	\N	\N	\N	FL	\N	            	1	\N	\N
4200	84	WEAVERJ	\N	\N	\N	03:53:30	\N	\N	\N	\N	\N	            	\N	\N	\N
4201	84	ACBG	\N	\N	\N	03:55:30	\N	\N	\N	\N	\N	            	\N	\N	\N
4202	84	HARTFDJ	\N	\N	\N	03:56:30	\N	\N	\N	\N	\N	            	\N	\N	1
4203	84	WNSFD	\N	\N	\N	04:01:30	\N	\N	\N	SL	\N	            	1	\N	\N
4204	84	CREWECY	\N	\N	\N	04:08:00	\N	\N	\N	\N	\N	            	\N	\N	\N
4205	84	CREWE	\N	\N	\N	04:11:00	\N	\N	UFL	\N	\N	            	\N	\N	\N
4206	84	CREWBHJ	\N	\N	\N	04:13:00	\N	\N	\N	\N	\N	            	\N	 H	\N
4207	84	MADELEY	\N	\N	\N	04:18:30	\N	\N	\N	SL	SL	            	5	2	\N
4208	84	LBRDFJN	\N	\N	\N	04:34:30	\N	\N	\N	\N	\N	            	\N	\N	1
4209	84	STAFFRD	\N	\N	\N	04:38:30	\N	\N	4	SL	SL	            	\N	\N	\N
4210	84	STAFTVJ	\N	\N	\N	04:39:00	\N	\N	\N	\N	\N	            	\N	\N	\N
4211	84	WHHSJN	\N	\N	\N	04:41:30	\N	\N	\N	FL	\N	            	\N	\N	\N
4212	84	COLWICH	\N	\N	\N	04:44:00	\N	\N	\N	FL	FL	            	\N	\N	\N
4213	84	RUGLYNJ	\N	\N	\N	04:46:00	\N	\N	\N	FL	FL	            	\N	\N	\N
4214	84	LCHTNJ	\N	\N	\N	04:51:30	\N	\N	\N	FL	FL	            	\N	\N	\N
4215	84	AMNGTNJ	\N	\N	\N	04:57:30	\N	\N	\N	FL	FL	            	\N	\N	\N
4216	84	NNTN	\N	\N	\N	05:07:00	\N	\N	4	FL	FL	            	10	\N	\N
4217	84	RUGBTVJ	\N	\N	\N	05:27:30	\N	\N	\N	FL	FL	            	\N	\N	\N
4218	84	RUGBY	\N	\N	\N	05:28:00	\N	\N	4	FL	FL	            	\N	1	\N
4219	84	HMTNJ	\N	\N	\N	05:30:00	\N	\N	\N	\N	\N	            	\N	\N	\N
4220	84	WEEDON	\N	\N	\N	05:38:30	\N	\N	\N	FL	FL	            	10	 H	\N
4221	84	HANSLPJ	\N	\N	\N	05:59:30	\N	\N	\N	SL	FL	            	\N	\N	\N
4222	84	MKNSCEN	\N	\N	\N	06:05:00	\N	\N	1	SL	SL	            	\N	\N	\N
4223	84	DNBGHSJ	\N	\N	\N	06:07:00	\N	\N	\N	\N	\N	            	\N	\N	\N
4224	84	BLTCHLY	\N	\N	\N	06:08:00	\N	\N	4	SL	SL	            	\N	4	\N
4225	84	LEDBRNJ	\N	\N	\N	06:20:00	\N	\N	\N	FL	SL	            	1	\N	\N
4226	84	TRING	\N	\N	\N	06:25:30	\N	\N	2	FL	FL	            	\N	\N	\N
4227	84	BONENDJ	\N	\N	\N	06:30:00	\N	\N	\N	FL	FL	            	\N	 H	1
4228	84	WATFDJ	\N	06:38:00	06:40:00	\N	06:40:00	\N	7	FL	FL	D           	\N	\N	\N
4229	84	HROW	\N	\N	\N	06:45:30	\N	\N	4	FL	FL	            	1	\N	\N
4230	84	WMBY	\N	\N	\N	06:49:00	\N	\N	4	\N	\N	            	\N	\N	\N
4231	84	WLSDWLJ	\N	\N	\N	06:51:00	\N	\N	\N	FL	FL	            	\N	\N	2H
4232	84	CMDNJN	\N	\N	\N	06:56:30	\N	\N	\N	A	\N	            	\N	\N	\N
4233	84	CMDNSTH	\N	\N	\N	06:57:00	\N	\N	\N	\N	\N	            	\N	\N	\N
4234	84	EUSTON	\N	07:00:00	\N	\N	07:15:00	\N	1	\N	\N	TF          	\N	\N	\N
4235	85	IVRNESS	\N	\N	20:45:00	\N	\N	20:45:00	2	\N	\N	TB          	\N	\N	\N
4236	85	MILBRNJ	\N	\N	\N	20:46:30	\N	\N	\N	DH	\N	            	\N	\N	\N
4237	85	CRAHALL	\N	\N	\N	20:48:00	\N	\N	\N	\N	\N	            	\N	\N	\N
4238	85	CULDNMR	\N	\N	\N	20:55:00	\N	\N	\N	\N	\N	            	\N	\N	\N
4239	85	MOYY	\N	\N	\N	21:06:30	\N	\N	\N	\N	\N	X           	\N	\N	\N
4240	85	TOMATIN	\N	\N	\N	21:10:30	\N	\N	\N	\N	\N	            	\N	\N	\N
4241	85	SLOCHD	\N	\N	\N	21:15:00	\N	\N	\N	\N	\N	            	\N	\N	\N
4242	85	CARRBDG	\N	\N	\N	21:20:00	\N	\N	1	\N	\N	            	1	\N	\N
4243	85	AVIEMRE	\N	21:27:00	21:34:00	\N	\N	21:32:00	1	\N	\N	U           	\N	\N	\N
4244	85	KNCRAIG	\N	\N	\N	21:41:00	\N	\N	\N	\N	\N	            	\N	\N	\N
4245	85	KGUSSIE	\N	21:46:00	21:50:00	\N	\N	21:48:00	2	\N	\N	U X         	\N	\N	\N
4246	85	NWTM	\N	21:54:30	21:56:30	\N	\N	21:54:00	1	\N	\N	U           	\N	\N	\N
4247	85	DALWHIN	\N	22:09:00	22:11:00	\N	\N	22:09:00	1	\N	\N	U X         	\N	\N	\N
4248	85	DLNSPDL	\N	\N	\N	22:19:00	\N	\N	\N	\N	\N	            	\N	\N	\N
4249	85	DLNCRDH	\N	\N	\N	22:24:30	\N	\N	\N	\N	\N	            	1	\N	\N
4250	85	BLARATH	\N	22:35:30	22:37:30	\N	\N	22:35:00	1	\N	\N	U           	\N	\N	\N
4251	85	PTLCHRY	\N	22:47:00	22:49:00	\N	\N	22:47:00	1	\N	\N	U           	\N	\N	\N
4252	85	DUNKELD	\N	23:01:30	23:05:30	\N	\N	23:03:00	1	\N	\N	U           	\N	\N	\N
4253	85	STNY	\N	\N	\N	23:15:00	\N	\N	\N	\N	\N	            	1	\N	\N
4254	85	PERTH	\N	23:23:30	23:28:30	\N	\N	23:26:00	4	\N	\N	U           	\N	\N	\N
4255	85	HILTONJ	\N	\N	\N	23:33:00	\N	\N	\N	\N	\N	            	\N	\N	\N
4256	85	HILT4	\N	\N	\N	23:36:00	\N	\N	\N	\N	\N	            	\N	\N	\N
4257	85	AUCHTDR	\N	\N	\N	23:44:00	\N	\N	\N	\N	\N	            	\N	\N	\N
4258	85	GLNEGLS	\N	23:46:00	23:47:30	\N	\N	23:45:00	1	\N	\N	U           	\N	\N	\N
4259	85	BLFD	\N	\N	\N	23:51:30	\N	\N	\N	\N	\N	            	\N	\N	\N
4260	85	GRNLNNG	\N	\N	\N	23:55:30	\N	\N	\N	\N	\N	            	1	\N	\N
4261	85	DUNANE	\N	00:02:00	00:04:00	\N	\N	00:02:00	1	\N	\N	U           	\N	\N	\N
4262	85	STIRLNG	\N	00:11:30	00:13:30	\N	\N	00:11:00	3	\N	\N	U           	\N	\N	\N
4263	85	LARBERJ	\N	\N	\N	00:21:30	\N	\N	\N	\N	\N	            	\N	\N	\N
4264	85	CRMRSEJ	\N	\N	\N	00:22:30	\N	\N	\N	\N	\N	            	1	\N	\N
4265	85	FALKRKG	\N	00:26:30	00:28:00	\N	\N	00:26:00	1	\N	\N	U           	\N	\N	\N
4266	85	GRNGMTJ	\N	\N	\N	00:30:30	\N	\N	\N	\N	\N	            	\N	\N	\N
4267	85	POLMONT	\N	\N	\N	00:33:30	\N	\N	1	\N	\N	            	\N	\N	\N
4268	85	LNLTHGW	\N	\N	\N	00:37:30	\N	\N	1	\N	\N	            	\N	\N	\N
4269	85	WNCBROJ	\N	\N	\N	00:41:30	\N	\N	\N	\N	\N	            	\N	\N	\N
4270	85	NWBG	\N	\N	\N	00:44:30	\N	\N	\N	\N	\N	            	2	\N	\N
4271	85	HAYMRWJ	\N	\N	\N	00:51:00	\N	\N	\N	US	\N	            	\N	\N	\N
4272	85	HAYMRKT	\N	\N	\N	00:52:00	\N	\N	3	US	\N	            	\N	 H	\N
4273	85	PRNCSTG	\N	\N	\N	00:54:00	\N	\N	\N	X	\N	            	\N	\N	\N
4274	85	EDINBUR	\N	00:56:00	01:24:00	\N	\N	\N	7	W	X	-UL         	\N	\N	\N
4275	85	PRNCSTG	2	\N	\N	01:25:30	\N	\N	\N	DS	\N	            	\N	\N	\N
4276	85	HAYMRKT	2	\N	\N	01:27:00	\N	\N	4	\N	\N	            	\N	\N	\N
4277	85	SLATEFD	\N	\N	\N	01:29:00	\N	\N	\N	\N	\N	            	\N	\N	\N
4278	85	MDCLDRJ	\N	\N	\N	01:36:30	\N	\N	\N	\N	\N	            	\N	\N	\N
4279	85	COBB712	\N	\N	\N	01:42:30	\N	\N	\N	\N	\N	            	\N	\N	\N
4280	85	ACHNGRY	\N	\N	\N	01:45:00	\N	\N	\N	\N	\N	            	\N	\N	\N
4281	85	CRSTRSE	\N	\N	\N	01:49:30	\N	\N	\N	\N	\N	            	1	\N	\N
4282	85	CRSTRSS	\N	\N	\N	01:51:30	\N	\N	\N	\N	\N	            	\N	\N	\N
4283	85	ABINGTN	\N	\N	\N	02:06:00	\N	\N	UM	\N	\N	            	\N	\N	\N
4284	85	BEATCKS	\N	\N	\N	02:12:00	\N	\N	UM	\N	\N	            	\N	\N	\N
4285	85	BEATCK	\N	\N	\N	02:19:30	\N	\N	UM	\N	\N	            	\N	\N	\N
4286	85	LCKRBIE	\N	\N	\N	02:30:00	\N	\N	2	\N	\N	            	2	\N	\N
4287	85	KRKP862	\N	\N	\N	02:42:00	\N	\N	\N	\N	\N	            	\N	\N	\N
4288	85	GRETNAJ	\N	\N	\N	02:45:00	\N	\N	\N	\N	\N	            	\N	\N	\N
4289	85	KGMRJCN	\N	\N	\N	02:49:30	\N	\N	\N	\N	\N	            	\N	\N	\N
4290	85	CARLCJN	\N	\N	\N	02:50:30	\N	\N	\N	UML	\N	            	\N	\N	\N
4291	85	CARLILE	\N	02:52:30	02:54:30	\N	\N	\N	4	\N	\N	S           	\N	\N	\N
4292	85	PNTH	\N	\N	\N	03:10:00	\N	\N	1	\N	\N	            	\N	\N	\N
4293	85	EDENVGL	\N	\N	\N	03:13:00	\N	\N	\N	\N	\N	            	\N	\N	\N
4294	85	SHAPSMT	\N	\N	\N	03:20:30	\N	\N	\N	\N	\N	            	\N	\N	\N
4295	85	TEBAY	\N	\N	\N	03:24:30	\N	\N	\N	\N	\N	            	\N	\N	\N
4296	85	GRIGG	\N	\N	\N	03:31:00	\N	\N	\N	\N	\N	            	\N	\N	\N
4297	85	OXENHLM	\N	\N	\N	03:36:30	\N	\N	1	\N	\N	            	1	\N	\N
4298	85	CRNFNJN	\N	\N	\N	03:47:00	\N	\N	\N	\N	\N	            	\N	\N	\N
4299	85	MORCMSJ	\N	\N	\N	03:50:30	\N	\N	\N	\N	\N	            	\N	\N	\N
4300	85	LANCSTR	\N	\N	\N	03:52:00	\N	\N	UFL	\N	\N	            	\N	\N	\N
4301	85	GSTANG	\N	\N	\N	04:01:00	\N	\N	\N	\N	\N	            	2	\N	\N
4302	85	PRSTNFJ	\N	\N	\N	04:12:00	\N	\N	\N	UFL	\N	            	\N	\N	\N
4303	85	PRST	\N	04:13:30	04:15:30	\N	04:15:00	\N	4	UFL	UFL	D           	\N	\N	\N
4304	85	PRSTRJN	\N	\N	\N	04:17:00	\N	\N	\N	FL	\N	            	\N	\N	\N
4305	85	EUXTONJ	\N	\N	\N	04:21:00	\N	\N	\N	\N	\N	            	\N	\N	\N
4306	85	BALSHWL	\N	\N	\N	04:22:30	\N	\N	\N	\N	\N	            	\N	\N	\N
4307	85	WIGANNW	\N	\N	\N	04:28:00	\N	\N	4	\N	\N	            	\N	\N	\N
4308	85	WIGASJN	\N	\N	\N	04:28:30	\N	\N	\N	\N	\N	            	\N	\N	\N
4309	85	SPRBJN	\N	\N	\N	04:29:00	\N	\N	\N	SL	\N	            	\N	\N	\N
4310	85	GOLBRNJ	\N	\N	\N	04:34:00	\N	\N	\N	FL	\N	            	\N	\N	\N
4311	85	WINWCKJ	\N	\N	\N	04:37:30	\N	\N	\N	\N	\N	            	\N	\N	\N
4312	85	DALAMBR	\N	\N	\N	04:40:00	\N	\N	\N	\N	\N	            	\N	\N	\N
4313	85	WRGTNBQ	\N	\N	\N	04:41:30	\N	\N	2	OL	\N	            	\N	\N	\N
4314	85	WRGTWOJ	\N	\N	\N	04:44:00	\N	\N	\N	\N	\N	            	\N	\N	\N
4315	85	ACGJN	\N	\N	\N	04:46:30	\N	\N	\N	FL	\N	            	1	\N	\N
4316	85	WEAVERJ	\N	\N	\N	04:53:30	\N	\N	\N	\N	\N	            	\N	\N	\N
4317	85	ACBG	\N	\N	\N	04:55:30	\N	\N	\N	\N	\N	            	\N	\N	\N
4318	85	HARTFDJ	\N	\N	\N	04:56:30	\N	\N	\N	\N	\N	            	\N	1H	1
4319	85	WNSFD	\N	\N	\N	05:03:00	\N	\N	\N	SL	\N	            	1	\N	\N
4320	85	CREWECY	\N	\N	\N	05:09:30	\N	\N	\N	\N	\N	            	\N	\N	\N
4321	85	CREWE	\N	05:11:00	05:14:00	\N	05:12:00	\N	5	\N	\N	D           	\N	1	\N
4322	85	CREWBHJ	\N	\N	\N	05:18:00	\N	\N	\N	\N	\N	            	\N	\N	\N
4323	85	MADELEY	\N	\N	\N	05:23:00	\N	\N	\N	SL	SL	            	1	\N	\N
4324	85	LBRDFJN	\N	\N	\N	05:33:00	\N	\N	\N	\N	\N	            	\N	\N	\N
4325	85	STAFFRD	\N	\N	\N	05:36:00	\N	\N	5	FL	SL	            	\N	\N	\N
4326	85	STAFFSJ	\N	\N	\N	05:36:30	\N	\N	\N	SL	\N	            	\N	\N	\N
4327	85	STAFTVJ	\N	\N	\N	05:37:00	\N	\N	\N	\N	\N	            	\N	\N	\N
4328	85	PNKRDG	\N	\N	\N	05:41:00	\N	\N	\N	\N	\N	            	1	2	\N
4329	85	BSBYJN	\N	\N	\N	05:51:30	\N	\N	\N	\N	\N	            	\N	\N	\N
4330	85	PBLJWM	\N	\N	\N	05:54:30	\N	\N	\N	\N	\N	            	\N	\N	\N
4331	85	DRLSTNJ	\N	\N	\N	05:57:00	\N	\N	\N	\N	\N	            	\N	\N	\N
4332	85	BSCTSTA	\N	\N	\N	05:58:00	\N	\N	\N	\N	\N	            	1	\N	\N
4333	85	PRYBRNJ	\N	\N	\N	06:02:30	\N	\N	\N	\N	\N	            	\N	\N	\N
4334	85	ASTON	\N	\N	\N	06:04:30	\N	\N	2	\N	\N	            	\N	4	\N
4335	85	STECHFD	\N	\N	\N	06:13:30	\N	\N	\N	\N	\N	            	\N	\N	\N
4336	85	BHAMINT	\N	06:18:30	06:20:30	\N	06:20:00	\N	5	\N	\N	D           	\N	\N	\N
4337	85	BKSWELL	\N	\N	\N	06:25:30	\N	\N	\N	\N	\N	            	1	 H	\N
4338	85	COVNTRY	\N	\N	\N	06:31:00	\N	\N	2	\N	\N	            	1	\N	\N
4339	85	RUGBTVJ	\N	\N	\N	06:40:00	\N	\N	\N	FL	\N	            	\N	\N	\N
4340	85	RUGBY	\N	\N	\N	06:41:00	\N	\N	4	FL	FL	            	\N	1	\N
4341	85	HMTNJ	\N	\N	\N	06:43:00	\N	\N	\N	\N	\N	            	\N	\N	\N
4342	85	WEEDON	\N	\N	\N	06:51:30	\N	\N	\N	FL	FL	            	\N	\N	\N
4343	85	HANSLPJ	\N	\N	\N	07:01:30	\N	\N	\N	FL	FL	            	\N	\N	\N
4344	85	MKNSCEN	\N	\N	\N	07:06:30	\N	\N	4	FL	FL	            	\N	\N	\N
4345	85	BLTCHLY	\N	\N	\N	07:08:30	\N	\N	2	FL	FL	            	\N	\N	\N
4346	85	LEDBRNJ	\N	\N	\N	07:15:30	\N	\N	\N	FL	FL	            	1	\N	\N
4347	85	TRING	\N	\N	\N	07:21:00	\N	\N	2	FL	FL	            	\N	\N	\N
4348	85	BONENDJ	\N	\N	\N	07:25:30	\N	\N	\N	FL	FL	            	\N	\N	\N
4349	85	WATFDJ	\N	\N	\N	07:31:30	\N	\N	7	FL	FL	            	\N	\N	\N
4350	85	HROW	\N	\N	\N	07:36:00	\N	\N	4	FL	FL	            	1	\N	\N
4351	85	WMBY	\N	\N	\N	07:39:30	\N	\N	4	\N	\N	            	\N	\N	\N
4352	85	WLSDWLJ	\N	\N	\N	07:41:30	\N	\N	\N	FL	FL	            	\N	\N	\N
4353	85	CMDNJN	\N	\N	\N	07:44:30	\N	\N	\N	D	\N	            	\N	\N	\N
4354	85	CMDNSTH	\N	\N	\N	07:45:00	\N	\N	\N	\N	\N	            	\N	\N	\N
4355	85	EUSTON	\N	07:48:00	\N	\N	08:00:00	\N	15	\N	\N	TF          	\N	\N	\N
4356	86	EUSTON	\N	\N	21:15:00	\N	\N	21:15:00	1	X	\N	TBK         	\N	\N	\N
4357	86	CMDNSTH	\N	\N	\N	21:18:00	\N	\N	\N	E	\N	            	\N	\N	\N
4358	86	CMDNJN	\N	\N	\N	21:18:30	\N	\N	\N	FL	\N	            	\N	\N	\N
4359	86	WLSDWLJ	\N	\N	\N	21:21:30	\N	\N	\N	FL	FL	            	\N	\N	\N
4360	86	WMBY	\N	\N	\N	21:23:30	\N	\N	3	\N	\N	            	\N	\N	\N
4361	86	HROW	\N	\N	\N	21:26:00	\N	\N	3	FL	FL	            	\N	\N	\N
4362	86	WATFDJ	\N	\N	\N	21:30:30	\N	\N	6	FL	FL	            	\N	\N	\N
4363	86	BONENDJ	\N	\N	\N	21:36:30	\N	\N	\N	FL	FL	            	\N	\N	\N
4364	86	TRING	\N	\N	\N	21:41:00	\N	\N	1	FL	FL	            	\N	\N	\N
4365	86	LEDBRNJ	\N	\N	\N	21:45:30	\N	\N	\N	FL	FL	            	\N	\N	\N
4366	86	BLTCHLY	\N	\N	\N	21:52:30	\N	\N	1	FL	FL	            	\N	\N	\N
4367	86	MKNSCEN	\N	\N	\N	21:55:00	\N	\N	6	FL	FL	            	1	\N	\N
4368	86	HANSLPJ	\N	\N	\N	22:01:00	\N	\N	\N	FL	FL	            	\N	\N	 H
4369	86	WEEDON	\N	\N	\N	22:11:30	\N	\N	\N	FL	FL	            	1	\N	\N
4370	86	HMTNJ	\N	\N	\N	22:21:00	\N	\N	\N	\N	\N	            	\N	\N	\N
4371	86	RUGBY	\N	\N	\N	22:22:00	\N	\N	DFL	FL	FL	            	\N	\N	\N
4372	86	RUGBTVJ	\N	\N	\N	22:22:30	\N	\N	\N	\N	FL	            	1	 H	\N
4373	86	COVNTRY	\N	\N	\N	22:32:00	\N	\N	3	\N	\N	            	\N	\N	\N
4374	86	BKSWELL	\N	\N	\N	22:36:00	\N	\N	\N	\N	\N	            	\N	1	\N
4375	86	BHAMINT	\N	22:41:30	22:44:30	\N	\N	22:42:00	3	\N	\N	U           	\N	\N	\N
4376	86	STECHFD	\N	\N	\N	22:50:00	\N	\N	\N	\N	\N	            	1	\N	\N
4377	86	ASTON	\N	\N	\N	22:56:00	\N	\N	1	\N	\N	            	\N	\N	\N
4378	86	PRYBRNJ	\N	\N	\N	22:58:30	\N	\N	\N	\N	\N	            	\N	\N	\N
4379	86	BSCTSTA	\N	\N	\N	23:02:00	\N	\N	\N	\N	\N	            	1	\N	\N
4380	86	DRLSTNJ	\N	\N	\N	23:04:00	\N	\N	\N	\N	\N	            	\N	\N	\N
4381	86	PBLJWM	\N	\N	\N	23:06:30	\N	\N	\N	\N	\N	            	\N	\N	\N
4382	86	BSBYJN	\N	\N	\N	23:09:00	\N	\N	\N	\N	\N	            	\N	\N	\N
4383	86	PNKRDG	\N	\N	\N	23:17:00	\N	\N	\N	\N	\N	            	1	\N	\N
4384	86	STAFTVJ	\N	\N	\N	23:22:00	\N	\N	\N	SL	\N	            	\N	\N	\N
4385	86	STAFFRD	\N	\N	\N	23:22:30	\N	\N	5	SL	SL	            	\N	\N	\N
4386	86	SLIGHTJ	\N	\N	\N	23:27:00	\N	\N	\N	\N	\N	            	1	\N	\N
4387	86	MADELEY	\N	\N	\N	23:36:00	\N	\N	\N	SL	SL	            	1	4	 H
4388	86	CREWBHJ	\N	\N	\N	23:46:30	\N	\N	\N	\N	\N	            	\N	1H	\N
4389	86	CREWE	\N	23:50:00	23:53:00	\N	\N	23:45:00	6	\N	\N	U K         	\N	\N	\N
4390	86	CREWECY	\N	\N	\N	23:54:30	\N	\N	\N	\N	\N	            	\N	\N	\N
4391	86	WNSFD	\N	\N	\N	23:59:30	\N	\N	\N	FL	\N	            	\N	\N	\N
4392	86	HARTFDJ	\N	\N	\N	00:03:00	\N	\N	\N	\N	\N	            	\N	\N	\N
4393	86	ACBG	\N	\N	\N	00:04:30	\N	\N	\N	\N	\N	            	\N	 H	\N
4394	86	WEAVERJ	\N	\N	\N	00:06:30	\N	\N	\N	\N	\N	            	\N	\N	\N
4395	86	ACGJN	\N	\N	\N	00:11:30	\N	\N	\N	OL	\N	            	\N	\N	\N
4396	86	WRGTWOJ	\N	\N	\N	00:14:00	\N	\N	\N	\N	\N	            	\N	\N	\N
4397	86	WRGTNBQ	\N	\N	\N	00:17:00	\N	\N	3	FL	\N	            	\N	\N	\N
4398	86	DALAMBR	\N	\N	\N	00:18:00	\N	\N	\N	\N	\N	            	\N	\N	\N
4399	86	WINWCKJ	\N	\N	\N	00:20:30	\N	\N	\N	\N	\N	            	\N	\N	\N
4400	86	GOLBRNJ	\N	\N	\N	00:24:00	\N	\N	\N	SL	\N	            	\N	\N	\N
4401	86	SPRBJN	\N	\N	\N	00:28:00	\N	\N	\N	FL	\N	            	\N	\N	\N
4402	86	WIGASJN	\N	\N	\N	00:28:30	\N	\N	\N	\N	\N	            	\N	\N	\N
4403	86	WIGANNW	\N	\N	\N	00:29:00	\N	\N	5	\N	\N	            	\N	 H	1
4404	86	BALSHWL	\N	\N	\N	00:36:00	\N	\N	\N	\N	\N	            	1	\N	\N
4405	86	EUXTONJ	\N	\N	\N	00:38:30	\N	\N	\N	\N	\N	            	1	2	\N
4406	86	PRSTRJN	\N	\N	\N	00:46:00	\N	\N	\N	DFL	\N	            	\N	\N	 H
4407	86	PRST	\N	00:48:00	00:58:00	\N	\N	00:30:00	4	UFL	DFL	U K         	\N	\N	\N
4408	86	PRSTNFJ	\N	\N	\N	00:59:30	\N	\N	\N	\N	\N	            	\N	\N	\N
4409	86	BBGHGL	\N	\N	\N	01:03:30	\N	\N	\N	\N	\N	            	\N	\N	\N
4410	86	GSTANG	\N	\N	\N	01:07:00	\N	\N	\N	\N	\N	            	\N	\N	\N
4411	86	LANCSTR	\N	\N	\N	01:16:30	\N	\N	DFL	\N	\N	            	\N	\N	\N
4412	86	MORCMSJ	\N	\N	\N	01:18:00	\N	\N	\N	\N	\N	            	\N	\N	\N
4413	86	CRNFNJN	\N	\N	\N	01:21:00	\N	\N	\N	\N	\N	            	\N	\N	\N
4414	86	OXENHLM	\N	\N	\N	01:31:00	\N	\N	2	\N	\N	            	\N	\N	\N
4415	86	GRIGG	\N	\N	\N	01:36:30	\N	\N	\N	\N	\N	            	1	\N	\N
4416	86	TEBAY	\N	\N	\N	01:42:00	\N	\N	\N	\N	\N	            	\N	\N	\N
4417	86	SHAPSMT	\N	\N	\N	01:46:00	\N	\N	\N	\N	\N	            	\N	\N	\N
4418	86	SHAPHNS	\N	\N	\N	01:49:00	\N	\N	\N	\N	\N	            	\N	 H	\N
4419	86	PNTH	\N	\N	\N	01:58:00	\N	\N	2	\N	\N	            	2	\N	1
4420	86	CARLILE	\N	02:15:30	02:18:30	\N	\N	\N	3	DML	\N	S           	\N	\N	\N
4421	86	CARLCJN	\N	\N	\N	02:20:30	\N	\N	\N	\N	\N	            	\N	\N	\N
4422	86	KGMRJCN	\N	\N	\N	02:22:00	\N	\N	\N	\N	\N	            	\N	\N	\N
4423	86	FLORSTN	\N	\N	\N	02:25:00	\N	\N	\N	\N	\N	            	\N	\N	\N
4424	86	GRETNAJ	\N	\N	\N	02:27:00	\N	\N	\N	\N	\N	            	\N	\N	\N
4425	86	KRKP863	\N	\N	\N	02:30:00	\N	\N	\N	\N	\N	            	\N	\N	\N
4426	86	LCKRBIE	\N	\N	\N	02:39:30	\N	\N	1	\N	\N	            	\N	\N	\N
4427	86	BEATCK	\N	\N	\N	02:50:30	\N	\N	DM	\N	\N	            	\N	\N	1
4428	86	BEATCKS	\N	\N	\N	02:59:30	\N	\N	DM	\N	\N	            	\N	 H	\N
4429	86	ABINGTN	\N	\N	\N	03:06:00	\N	\N	DM	\N	\N	            	2	\N	\N
4430	86	CRSTRSS	\N	\N	\N	03:20:00	\N	\N	\N	\N	\N	            	\N	\N	\N
4431	86	CRSTRSE	\N	\N	\N	03:21:00	\N	\N	\N	\N	\N	            	\N	\N	\N
4432	86	ACHNGRY	\N	\N	\N	03:25:30	\N	\N	\N	\N	\N	            	\N	\N	\N
4433	86	COBB713	\N	\N	\N	03:28:00	\N	\N	\N	\N	\N	            	\N	\N	\N
4434	86	MDCLDRJ	\N	\N	\N	03:34:00	\N	\N	\N	\N	\N	            	1	\N	\N
4435	86	SLATEFD	\N	\N	\N	03:42:00	\N	\N	\N	\N	\N	            	\N	\N	\N
4436	86	HAYMRKT	\N	\N	\N	03:44:00	\N	\N	3	US	\N	            	\N	\N	\N
4437	86	PRNCSTG	\N	\N	\N	03:45:30	\N	\N	\N	X	\N	            	\N	\N	\N
4438	86	EDINBUR	\N	03:47:00	04:20:00	\N	\N	\N	7	X	X	L -D        	\N	\N	\N
4439	86	PRNCSTG	2	\N	\N	04:21:30	\N	\N	\N	DS	\N	            	\N	\N	\N
4440	86	HAYMRKT	2	\N	\N	04:23:00	\N	\N	4	DS	\N	            	\N	\N	\N
4441	86	HAYMRWJ	\N	\N	\N	04:24:30	\N	\N	\N	\N	DS	            	\N	\N	\N
4442	86	NWBG	\N	\N	\N	04:31:00	\N	\N	\N	\N	\N	            	\N	\N	\N
4443	86	WNCBROJ	\N	\N	\N	04:34:30	\N	\N	\N	\N	\N	            	\N	\N	\N
4444	86	LNLTHGW	\N	\N	\N	04:38:30	\N	\N	2	\N	\N	            	\N	\N	\N
4445	86	POLMONT	\N	\N	\N	04:44:00	\N	\N	2	\N	\N	            	\N	\N	\N
4446	86	GRNGMTJ	\N	\N	\N	04:47:00	\N	\N	\N	\N	\N	            	1	\N	\N
4447	86	CRMRSEJ	\N	\N	\N	04:50:30	\N	\N	\N	\N	\N	            	\N	\N	\N
4448	86	LARBERJ	\N	\N	\N	04:51:30	\N	\N	\N	\N	\N	            	\N	\N	\N
4449	86	STIRLNG	\N	04:58:30	05:00:00	\N	04:59:00	\N	2	\N	\N	D           	\N	\N	\N
4450	86	DUNANE	\N	05:08:00	05:09:30	\N	05:08:00	\N	2	\N	\N	D           	\N	\N	\N
4451	86	DUNA43	\N	\N	\N	05:13:00	\N	\N	\N	\N	\N	            	1	\N	\N
4452	86	GRNLNNG	\N	\N	\N	05:17:30	\N	\N	\N	\N	\N	            	\N	\N	\N
4453	86	BLFD	\N	\N	\N	05:21:30	\N	\N	\N	\N	\N	            	\N	\N	\N
4454	86	GLNEGLS	\N	05:23:30	05:25:00	\N	05:24:00	\N	2	\N	\N	D           	\N	\N	\N
4455	86	AUCHTDR	\N	\N	\N	05:27:30	\N	\N	\N	\N	\N	            	\N	\N	\N
4456	86	HILT19	\N	\N	\N	05:34:30	\N	\N	\N	\N	\N	            	1	\N	\N
4457	86	HILTONJ	\N	\N	\N	05:38:30	\N	\N	\N	\N	\N	            	\N	\N	\N
4458	86	PERTH	\N	05:42:00	05:43:30	\N	05:42:00	\N	7	\N	\N	D           	\N	\N	\N
4459	86	STNY	\N	\N	\N	05:53:00	\N	\N	\N	\N	\N	            	\N	\N	\N
4460	86	DUNKELD	\N	06:02:00	06:03:30	\N	06:02:00	\N	1	\N	\N	D           	\N	\N	\N
4461	86	PTLCHRY	\N	06:16:00	06:17:30	\N	06:16:00	\N	1	\N	\N	D           	\N	\N	\N
4462	86	BLARATH	\N	06:28:00	06:29:30	\N	06:28:00	\N	2	\N	\N	D           	\N	\N	\N
4463	86	DLNCRDH	\N	\N	\N	06:41:30	\N	\N	\N	\N	\N	            	\N	\N	\N
4464	86	DLNSPDL	\N	\N	\N	06:49:30	\N	\N	\N	\N	\N	            	1	\N	\N
4465	86	DALWHIN	\N	06:59:00	07:00:30	\N	06:59:00	\N	2	\N	\N	D           	\N	\N	\N
4466	86	NWTM	\N	07:10:30	07:12:00	\N	07:11:00	\N	1	\N	\N	D           	\N	\N	\N
4467	86	KGUSSIE	\N	07:16:00	07:17:30	\N	07:16:00	07:17:00	1	\N	\N	T           	\N	\N	\N
4468	86	KNCRAIG	\N	07:25:00	07:31:00	\N	\N	\N	\N	\N	\N	A X         	1	\N	\N
4469	86	AVIEMRE	\N	07:38:30	07:43:00	\N	07:39:00	07:43:00	1	\N	\N	T           	\N	\N	\N
4470	86	CARRBDG	\N	07:53:00	07:54:30	\N	07:53:00	07:54:00	1	\N	\N	T           	\N	\N	\N
4471	86	SLOCHD	\N	\N	\N	08:02:30	\N	\N	\N	\N	\N	            	\N	\N	\N
4472	86	TOMATIN	\N	08:08:00	08:16:00	\N	\N	\N	\N	\N	\N	X A         	\N	\N	\N
4473	86	MOYY	\N	\N	\N	08:20:30	\N	\N	\N	\N	\N	            	\N	\N	\N
4474	86	CULDNMR	\N	\N	\N	08:27:00	\N	\N	\N	\N	\N	            	1	\N	\N
4475	86	CRAHALL	\N	\N	\N	08:32:00	\N	\N	\N	DH	\N	            	\N	\N	\N
4476	86	MILBRNJ	\N	\N	\N	08:33:00	\N	\N	\N	\N	DH	            	\N	\N	\N
4477	86	IVRNESS	\N	08:35:00	\N	\N	08:45:00	\N	2	\N	\N	TF          	\N	\N	\N
4478	87	EDINBUR	\N	\N	04:28:00	\N	\N	04:28:00	7	W	\N	TBN         	\N	\N	\N
4479	87	PRNCSTG	\N	\N	\N	04:29:30	\N	\N	\N	DS	\N	            	\N	\N	\N
4480	87	HAYMRKT	\N	\N	\N	04:31:00	\N	\N	4	DS	\N	            	\N	\N	\N
4481	87	HAYMRWJ	\N	\N	\N	04:32:30	\N	\N	\N	\N	DS	            	\N	\N	\N
4482	87	NWBG	\N	\N	\N	04:39:00	\N	\N	\N	\N	\N	            	\N	\N	\N
4483	87	WNCBROJ	\N	\N	\N	04:42:30	\N	\N	\N	\N	\N	            	\N	\N	\N
4484	87	LNLTHGW	\N	\N	\N	04:47:00	\N	\N	2	\N	\N	            	\N	\N	\N
4485	87	POLMONT	\N	\N	\N	04:52:00	\N	\N	2	\N	\N	            	\N	\N	\N
4486	87	GRNGMTJ	\N	\N	\N	04:55:30	\N	\N	\N	\N	\N	            	1	\N	\N
4487	87	CRMRSEJ	\N	\N	\N	04:59:30	\N	\N	\N	\N	\N	            	\N	\N	\N
4488	87	LARBERJ	\N	\N	\N	05:00:30	\N	\N	\N	\N	\N	            	\N	\N	\N
4489	87	STIRLNG	\N	\N	\N	05:07:30	\N	\N	2	\N	\N	            	\N	4	\N
4490	87	DUNANE	\N	\N	\N	05:18:00	\N	\N	2	\N	\N	            	1	\N	\N
4491	87	DUNA43	\N	\N	\N	05:22:00	\N	\N	\N	\N	\N	            	\N	\N	\N
4492	87	GRNLNNG	\N	\N	\N	05:25:30	\N	\N	\N	\N	\N	            	\N	1	\N
4493	87	BLFD	\N	\N	\N	05:30:30	\N	\N	\N	\N	\N	            	\N	\N	\N
4494	87	AUCHTDR	\N	\N	\N	05:34:30	\N	\N	\N	\N	\N	            	\N	\N	\N
4495	87	HILT19	\N	\N	\N	05:41:30	\N	\N	\N	\N	\N	            	1	\N	\N
4496	87	HILTONJ	\N	\N	\N	05:45:30	\N	\N	\N	\N	\N	            	\N	\N	\N
4497	87	PERTH	\N	\N	\N	05:49:30	\N	\N	2	\N	\N	            	\N	\N	\N
4498	87	BHLP	\N	\N	\N	05:52:30	\N	\N	\N	\N	\N	            	\N	\N	\N
4499	87	ERROLLC	\N	\N	\N	06:01:00	\N	\N	\N	\N	\N	            	\N	\N	\N
4500	87	LFGNLC	\N	\N	\N	06:05:00	\N	\N	\N	\N	\N	            	\N	\N	\N
4501	87	DUND697	\N	\N	\N	06:06:00	\N	\N	\N	\N	\N	            	\N	\N	\N
4502	87	DUNDCJ	\N	\N	\N	06:09:00	\N	\N	\N	\N	\N	            	\N	\N	\N
4503	87	DUNDETB	\N	06:10:00	06:12:00	\N	06:11:00	\N	4	\N	\N	D           	\N	\N	\N
4504	87	CMPRDNJ	\N	\N	\N	06:14:30	\N	\N	\N	\N	\N	            	\N	\N	\N
4505	87	BRFRY	\N	\N	\N	06:19:00	\N	\N	2	\N	\N	            	\N	\N	\N
4506	87	CNST	\N	06:24:30	06:26:30	\N	06:26:00	\N	2	\N	\N	D           	\N	\N	\N
4507	87	ARBROTH	\N	06:32:00	06:34:00	\N	06:33:00	\N	2	\N	\N	D           	\N	\N	\N
4508	87	INVKLOR	\N	\N	\N	06:40:30	\N	\N	\N	\N	\N	            	\N	\N	\N
4509	87	USAN	\N	\N	\N	06:45:30	\N	\N	\N	\N	\N	            	\N	\N	\N
4510	87	MONTRSE	\N	06:48:30	06:50:30	\N	06:50:00	\N	2	\N	\N	D           	1	\N	\N
4511	87	CRAIGO	\N	\N	\N	06:56:30	\N	\N	\N	\N	\N	            	\N	\N	\N
4512	87	LRNCKRK	\N	\N	\N	07:01:30	\N	\N	\N	\N	\N	            	\N	\N	\N
4513	87	CAARMNT	\N	\N	\N	07:08:00	\N	\N	\N	\N	\N	            	\N	\N	\N
4514	87	SHVN	\N	07:13:30	07:15:30	\N	07:15:00	\N	2	\N	\N	D           	\N	\N	\N
4515	87	ABRD223	\N	\N	\N	07:21:30	\N	\N	\N	\N	\N	            	\N	\N	\N
4516	87	ABRD229	\N	\N	\N	07:25:00	\N	\N	\N	\N	\N	            	\N	\N	\N
4517	87	ABRD55	\N	\N	\N	07:28:30	\N	\N	\N	\N	\N	            	\N	\N	\N
4518	87	CRGISTH	\N	\N	\N	07:29:30	\N	\N	\N	\N	\N	            	1	\N	\N
4519	87	ABRDFJN	\N	\N	\N	07:32:00	\N	\N	\N	\N	\N	            	\N	\N	\N
4520	87	ABRDEEN	\N	07:34:00	\N	\N	07:50:00	\N	6S	\N	\N	TF          	\N	\N	\N
4521	88	EDINBUR	\N	\N	04:50:00	\N	\N	04:50:00	7	W	\N	TB          	\N	 H	\N
4522	88	PRNCSTG	\N	\N	\N	04:51:30	\N	\N	\N	DS	\N	            	\N	\N	\N
4523	88	HAYMRKT	\N	\N	\N	04:53:00	\N	\N	4	DS	\N	            	\N	\N	\N
4524	88	HAYMRWJ	\N	\N	\N	04:55:00	\N	\N	\N	\N	DS	            	\N	\N	\N
4525	88	NWBG	\N	\N	\N	05:01:00	\N	\N	\N	\N	\N	            	\N	\N	\N
4526	88	UPHALL	\N	\N	\N	05:06:00	\N	\N	\N	\N	\N	            	\N	\N	\N
4527	88	BTHGATE	\N	\N	\N	05:12:00	\N	\N	2	\N	\N	            	\N	\N	\N
4528	88	AIRDRIE	\N	\N	\N	05:26:00	\N	\N	2	\N	\N	            	\N	\N	\N
4529	88	COATBDS	\N	\N	\N	05:29:30	\N	\N	\N	\N	\N	            	\N	\N	\N
4530	88	SHTLSTN	\N	\N	\N	05:36:30	\N	\N	\N	\N	\N	            	\N	\N	\N
4531	88	BLGRVE	\N	\N	\N	05:41:30	\N	\N	1	\N	\N	            	\N	\N	\N
4532	88	GLGQLL	\N	05:47:00	05:48:30	\N	\N	05:48:00	8	\N	\N	U           	\N	\N	\N
4533	88	FNSTNEJ	\N	\N	\N	05:54:00	\N	\N	\N	\N	\N	            	\N	\N	\N
4534	88	HYNDLEJ	\N	\N	\N	05:57:00	\N	\N	\N	\N	\N	            	\N	\N	\N
4535	88	ANSL	\N	\N	\N	05:58:00	\N	\N	2	\N	\N	            	\N	\N	\N
4536	88	WESTRTN	\N	\N	\N	06:00:30	\N	\N	2	\N	\N	            	\N	\N	\N
4537	88	DALMUIR	\N	06:04:30	06:06:00	\N	06:05:00	06:06:00	1	\N	\N	T           	\N	\N	\N
4538	88	DMBRTNC	\N	06:15:30	06:17:00	\N	06:16:00	06:17:00	2	\N	\N	T           	\N	\N	\N
4539	88	DLREOCH	\N	\N	\N	06:18:30	\N	\N	\N	\N	\N	            	\N	\N	\N
4540	88	CRGDRNJ	\N	\N	\N	06:26:30	\N	\N	\N	\N	\N	            	\N	\N	\N
4541	88	HLNSBRU	\N	06:30:30	06:33:30	\N	06:31:00	06:33:00	1	\N	\N	T           	\N	\N	\N
4542	88	GRLCHHD	\N	06:45:30	06:47:00	\N	06:46:00	06:47:00	2	\N	\N	T           	\N	\N	\N
4543	88	GLDL	\N	\N	\N	07:00:00	\N	\N	\N	\N	\N	            	\N	\N	\N
4544	88	ARCHRAT	\N	07:08:00	07:09:30	\N	07:08:00	07:09:00	2	\N	\N	T X         	\N	\N	\N
4545	88	ARDLUI	\N	07:23:30	07:25:00	\N	07:24:00	07:25:00	2	\N	\N	R           	\N	\N	\N
4546	88	CRNLRCH	\N	07:45:00	07:48:00	\N	07:45:00	07:48:00	2	\N	\N	T           	\N	\N	\N
4547	88	TYNDRMU	\N	07:59:00	08:02:00	\N	07:59:00	08:02:00	2	\N	\N	T           	\N	\N	\N
4548	88	BOORCHY	\N	08:16:30	08:18:30	\N	08:17:00	08:18:00	2	\N	\N	T           	\N	\N	\N
4549	88	RANNOCH	\N	08:43:30	08:45:00	\N	08:44:00	08:45:00	1	\N	\N	T X         	\N	\N	\N
4550	88	CORROUR	\N	08:58:00	09:00:00	\N	08:58:00	09:00:00	1	\N	\N	T           	\N	\N	\N
4551	88	TULLOCH	\N	09:19:00	09:21:00	\N	09:19:00	09:21:00	2	\N	\N	T X         	\N	\N	\N
4552	88	ROYBDGE	\N	09:31:30	09:31:30	\N	09:31:00	09:31:00	1	\N	\N	R           	\N	\N	\N
4553	88	SPEANBD	\N	09:38:00	09:39:30	\N	09:38:00	09:39:00	1	\N	\N	T           	\N	\N	\N
4554	88	FRTWJN	\N	\N	\N	09:51:30	\N	\N	\N	\N	\N	            	\N	\N	\N
4555	88	FRTWLM	\N	09:55:00	\N	\N	10:00:00	\N	1	\N	\N	TF          	\N	\N	\N
4556	91	HIGHBYE	\N	\N	23:50:00	\N	\N	23:50:00	1	\N	\N	TB          	\N	\N	\N
4557	91	CNNBELL	\N	23:51:30	23:52:00	\N	23:52:00	23:52:00	2	\N	\N	T           	\N	\N	\N
4558	91	ELLBNLL	\N	\N	\N	23:52:30	\N	\N	\N	\N	\N	            	\N	\N	\N
4559	91	DALS	\N	23:54:00	23:55:00	\N	23:54:00	23:55:00	4	\N	\N	T           	\N	\N	\N
4560	91	HAGGERS	\N	23:56:30	23:57:00	\N	23:57:00	23:57:00	2	\N	\N	T           	\N	\N	\N
4561	91	HOXTON	\N	23:58:30	23:59:00	\N	23:59:00	23:59:00	2	\N	\N	T           	\N	\N	\N
4562	91	SHRDHST	\N	00:01:00	00:01:30	\N	00:01:00	00:01:00	2	\N	\N	T           	\N	\N	\N
4563	91	WCHAPEL	\N	00:03:00	00:04:00	\N	00:03:00	00:04:00	6	\N	\N	T           	\N	\N	\N
4564	91	SHADWEL	\N	00:05:30	00:06:00	\N	00:06:00	00:06:00	2	\N	\N	T           	\N	\N	\N
4565	91	WAPPING	\N	00:07:30	00:08:00	\N	00:08:00	00:08:00	2	\N	\N	T           	\N	\N	\N
4566	91	RTHERHI	\N	00:09:00	00:09:30	\N	00:09:00	00:09:00	2	\N	\N	T           	\N	1	\N
4567	91	CNDAW	\N	\N	\N	00:11:30	\N	\N	3	\N	\N	            	\N	\N	\N
4568	91	SURREYQ	\N	00:12:30	00:13:30	\N	00:13:00	00:13:00	2	\N	\N	T           	\N	\N	\N
4569	91	SURRQSJ	\N	\N	\N	00:14:00	\N	\N	\N	\N	\N	            	\N	\N	\N
4570	91	CANALJ	\N	\N	\N	00:15:00	\N	\N	\N	\N	\N	            	\N	\N	\N
4571	91	NEWXNJN	\N	\N	\N	00:16:00	\N	\N	\N	\N	\N	            	\N	\N	\N
4572	91	NEWXGEL	\N	00:17:00	\N	\N	00:20:00	\N	1	\N	\N	TF          	\N	\N	\N
4573	92	HTRWTM5	\N	\N	23:12:00	\N	\N	23:12:00	4	\N	\N	TB          	\N	\N	\N
4574	92	HTRWAPT	\N	23:15:30	23:19:00	\N	23:16:00	23:19:00	2	\N	\N	T           	\N	\N	\N
4575	92	HTRWTJN	\N	\N	\N	23:22:00	\N	\N	\N	\N	\N	            	\N	\N	\N
4576	92	STKYJN	\N	\N	\N	23:22:30	\N	\N	\N	ML	\N	            	\N	\N	\N
4577	92	HTRWAJN	\N	\N	\N	23:23:00	\N	\N	\N	ML	\N	            	\N	 H	\N
4578	92	STHALL	\N	\N	\N	23:24:30	\N	\N	2	ML	\N	            	\N	1H	\N
4579	92	ACTONW	\N	\N	\N	23:28:00	\N	\N	\N	ML	ML	            	1	1H	\N
4580	92	LDBRKJ	\N	\N	\N	23:33:00	\N	\N	\N	3	ML	            	\N	\N	\N
4581	92	PRTOBJP	\N	\N	\N	23:34:00	\N	\N	\N	3	\N	            	\N	\N	\N
4582	92	ROYAOJN	\N	\N	\N	23:35:00	\N	\N	\N	3	\N	            	\N	\N	\N
4583	92	PADTON	\N	23:36:00	\N	\N	23:36:00	\N	6	\N	\N	TF          	\N	\N	\N
4584	93	HIGHBYE	\N	\N	00:11:00	\N	\N	00:11:00	2	\N	\N	TB          	\N	\N	\N
4585	93	CNNBELL	\N	00:12:30	00:13:00	\N	00:13:00	00:13:00	2	\N	\N	T           	\N	\N	\N
4586	93	ELLBNLL	\N	\N	\N	00:13:30	\N	\N	\N	\N	\N	            	\N	\N	\N
4587	93	DALS	\N	00:15:00	00:16:00	\N	00:15:00	00:16:00	4	\N	\N	T           	\N	\N	\N
4588	93	HAGGERS	\N	00:17:30	00:18:00	\N	00:18:00	00:18:00	2	\N	\N	T           	\N	\N	\N
4589	93	HOXTON	\N	00:19:30	00:20:00	\N	00:20:00	00:20:00	2	\N	\N	T           	\N	\N	\N
4590	93	SHRDHST	\N	00:22:00	00:22:30	\N	00:22:00	00:22:00	2	\N	\N	T           	\N	\N	\N
4591	93	WCHAPEL	\N	00:24:00	00:25:00	\N	00:24:00	00:25:00	6	\N	\N	T           	\N	\N	\N
4592	93	SHADWEL	\N	00:26:30	00:27:00	\N	00:27:00	00:27:00	2	\N	\N	T           	\N	\N	\N
4593	93	WAPPING	\N	00:28:30	00:29:00	\N	00:29:00	00:29:00	2	\N	\N	T           	\N	\N	\N
4594	93	RTHERHI	\N	00:30:00	00:30:30	\N	00:30:00	00:30:00	2	\N	\N	T           	\N	1	\N
4595	93	CNDAW	\N	\N	\N	00:32:30	\N	\N	3	\N	\N	            	\N	\N	\N
4596	93	SURREYQ	\N	00:33:30	00:34:30	\N	00:34:00	00:34:00	2	\N	\N	T           	\N	\N	\N
4597	93	SURRQSJ	\N	\N	\N	00:35:00	\N	\N	\N	\N	\N	            	\N	\N	\N
4598	93	CANALJ	\N	\N	\N	00:36:00	\N	\N	\N	\N	\N	            	\N	\N	\N
4599	93	NEWXNJN	\N	\N	\N	00:37:00	\N	\N	\N	\N	\N	            	\N	\N	\N
4600	93	NEWXGEL	\N	00:38:00	\N	\N	00:40:00	\N	1	\N	\N	TF          	\N	\N	\N
4601	94	PENZNCE	\N	\N	21:15:00	\N	\N	21:15:00	4	\N	\N	TB          	\N	\N	\N
4602	94	LNGROCK	\N	\N	\N	21:19:00	\N	\N	\N	\N	\N	X           	\N	\N	\N
4603	94	STERTH	\N	21:23:00	21:25:00	\N	\N	21:25:00	2	\N	\N	U           	\N	\N	\N
4604	94	CBORSR6	\N	\N	\N	21:32:00	\N	\N	\N	\N	\N	            	\N	\N	\N
4605	94	CBORNE	\N	21:35:00	21:37:00	\N	\N	21:37:00	2	\N	\N	U           	\N	\N	\N
4606	94	CBORR10	\N	\N	\N	21:41:30	\N	\N	\N	\N	\N	            	\N	\N	1
4607	94	REDRUTH	\N	21:43:30	21:46:30	\N	\N	21:46:00	2	\N	\N	U           	\N	\N	\N
4608	94	REDRR14	\N	\N	\N	21:52:00	\N	\N	\N	\N	\N	            	\N	\N	\N
4609	94	PNWTHRJ	\N	\N	\N	21:56:00	\N	\N	\N	\N	\N	            	\N	\N	\N
4610	94	TRURO	\N	21:57:30	22:00:30	\N	\N	22:00:00	3	\N	\N	U           	\N	\N	\N
4611	94	PROBUS	\N	\N	\N	22:06:30	\N	\N	\N	\N	\N	            	\N	\N	\N
4612	94	BGLWJN	\N	\N	\N	22:13:30	\N	\N	\N	\N	\N	            	\N	\N	\N
4613	94	STAUSTL	\N	22:16:00	22:19:00	\N	\N	22:19:00	2	\N	\N	U           	\N	\N	\N
4614	94	PARR	\N	\N	\N	22:24:00	\N	\N	2	\N	\N	            	\N	\N	\N
4615	94	LSTWTHL	\N	\N	\N	22:29:00	\N	\N	1	\N	\N	            	\N	\N	\N
4616	94	BODMNPW	\N	22:33:00	22:35:00	\N	\N	22:35:00	2	\N	\N	U           	\N	\N	\N
4617	94	LRGN	\N	\N	\N	22:41:00	\N	\N	\N	\N	\N	            	\N	\N	\N
4618	94	STPNCVE	\N	\N	\N	22:42:30	\N	\N	\N	\N	\N	            	\N	\N	\N
4619	94	LISKARD	\N	22:48:00	22:50:00	\N	\N	22:50:00	2	\N	\N	U           	\N	\N	\N
4620	94	MENH259	\N	\N	\N	22:56:00	\N	\N	\N	\N	\N	            	\N	\N	\N
4621	94	STGRMNS	\N	\N	\N	22:59:30	\N	\N	2	\N	\N	            	\N	\N	\N
4622	94	SASH	\N	\N	\N	23:05:00	\N	\N	2	\N	\N	            	\N	\N	\N
4623	94	STBDXJN	\N	\N	\N	23:09:00	\N	\N	\N	\N	\N	            	1	\N	\N
4624	94	PLYMTH	\N	23:15:00	23:20:00	\N	\N	23:20:00	4	\N	\N	U           	\N	\N	\N
4625	94	LIPSONJ	\N	\N	\N	23:23:00	\N	\N	\N	\N	\N	            	\N	\N	\N
4626	94	TVSTCKJ	\N	\N	\N	23:24:30	\N	\N	\N	\N	\N	            	\N	\N	\N
4627	94	HEMERDN	\N	\N	\N	23:28:30	\N	\N	\N	\N	\N	            	\N	\N	\N
4628	94	IVYBDGE	\N	\N	\N	23:33:30	\N	\N	2	\N	\N	            	\N	\N	\N
4629	94	AISHXO	\N	\N	\N	23:38:00	\N	\N	\N	\N	\N	            	\N	\N	\N
4630	94	RTRY	\N	\N	\N	23:41:00	\N	\N	\N	\N	\N	            	\N	\N	\N
4631	94	TOTNES	\N	23:46:00	23:48:00	\N	23:46:00	23:48:00	2	\N	\N	T           	\N	\N	\N
4632	94	DAINTNT	\N	\N	\N	23:55:00	\N	\N	\N	\N	\N	            	\N	\N	\N
4633	94	NABTWJ	\N	\N	\N	23:58:30	\N	\N	\N	\N	\N	            	\N	\N	\N
4634	94	NABT	\N	23:59:30	00:01:30	\N	23:59:00	00:01:00	3	\N	\N	T           	\N	\N	\N
4635	94	TEINMTH	\N	\N	\N	00:07:30	\N	\N	2	\N	\N	            	\N	\N	\N
4636	94	DAWLISH	\N	\N	\N	00:10:30	\N	\N	2	\N	\N	            	\N	\N	\N
4637	94	DAWLSHW	\N	\N	\N	00:12:00	\N	\N	\N	\N	\N	            	1	\N	\N
4638	94	EXETRSD	\N	00:23:00	01:07:00	\N	00:23:00	01:07:00	3	\N	\N	T           	\N	\N	\N
4639	94	CWLYBDG	\N	\N	\N	01:10:00	\N	\N	\N	\N	\N	            	\N	\N	\N
4640	94	TIVILP	\N	\N	\N	01:21:00	\N	\N	\N	\N	\N	            	\N	\N	\N
4641	94	TIVIPW	\N	\N	\N	01:22:30	\N	\N	2	\N	\N	            	\N	\N	\N
4642	94	TIVITNL	\N	\N	\N	01:25:30	\N	\N	\N	\N	\N	            	1	\N	\N
4643	94	NTNFTZN	\N	\N	\N	01:34:00	\N	\N	\N	\N	\N	            	\N	\N	\N
4644	94	TAUNTON	\N	\N	\N	01:35:30	\N	\N	4	\N	\N	            	\N	\N	\N
4645	94	COGLOAD	\N	\N	\N	01:39:30	\N	\N	\N	\N	\N	            	\N	\N	\N
4646	94	BRDGWTR	\N	\N	\N	01:45:00	\N	\N	\N	\N	\N	            	\N	\N	\N
4647	94	UPHILLJ	\N	\N	\N	01:55:00	\N	\N	\N	\N	\N	            	\N	\N	\N
4648	94	WORLEJ	\N	\N	\N	01:57:30	\N	\N	\N	\N	\N	            	\N	\N	\N
4649	94	PARSNST	\N	\N	\N	02:09:30	\N	\N	2	ML	\N	            	1	\N	\N
4650	94	BRSTLWJ	\N	\N	\N	02:13:30	\N	\N	\N	UM	\N	            	\N	\N	\N
4651	94	BRSTLTM	\N	\N	\N	02:15:30	\N	\N	7	UF	\N	            	\N	\N	\N
4652	94	BRSTLEJ	\N	\N	\N	02:16:30	\N	\N	\N	UM	\N	            	\N	\N	\N
4653	94	NSMRSTJ	\N	\N	\N	02:17:30	\N	\N	\N	\N	\N	            	\N	\N	\N
4654	94	BATHSPA	\N	\N	\N	02:27:00	\N	\N	2	\N	\N	            	\N	\N	\N
4655	94	BTHMPTJ	\N	\N	\N	02:30:00	\N	\N	\N	\N	\N	            	\N	\N	\N
4656	94	THNGLEJ	\N	\N	\N	02:37:30	\N	\N	\N	\N	\N	            	\N	\N	\N
4657	94	CHIPNHM	\N	\N	\N	02:38:00	\N	\N	2	\N	\N	            	\N	1H	\N
4658	94	WTNBSTJ	\N	\N	\N	02:48:30	\N	\N	\N	\N	\N	            	1	\N	\N
4659	94	SDON	\N	02:55:30	03:22:30	\N	\N	\N	1	\N	\N	S           	\N	\N	\N
4660	94	UFNGTN	\N	\N	\N	03:32:30	\N	\N	\N	\N	\N	            	\N	\N	\N
4661	94	CHALLOW	\N	\N	\N	03:34:30	\N	\N	\N	\N	\N	            	\N	\N	\N
4662	94	WANTRD	\N	\N	\N	03:37:30	\N	\N	\N	\N	\N	            	\N	2	\N
4663	94	FOXHALJ	\N	\N	\N	03:45:30	\N	\N	\N	RL	\N	            	1	\N	\N
4664	94	DIDCOTP	\N	\N	\N	03:47:30	\N	\N	4	RL	\N	            	\N	\N	\N
4665	94	DIDCTEJ	\N	\N	\N	03:48:00	\N	\N	\N	RL	\N	            	\N	\N	\N
4666	94	GORASTR	\N	\N	\N	03:54:30	\N	\N	\N	RL	\N	            	1	\N	\N
4667	94	REDGWJN	\N	\N	\N	04:02:00	\N	\N	\N	RL	\N	            	1	\N	\N
4668	94	RDNGSTN	\N	04:05:00	04:18:00	\N	04:05:00	\N	15	URL	\N	D -U        	\N	\N	\N
4669	94	RDNGKBJ	\N	\N	\N	04:20:00	\N	\N	\N	ML	\N	            	\N	 H	\N
4670	94	TWYFORD	\N	\N	\N	04:24:30	\N	\N	2	ML	\N	            	\N	1	\N
4671	94	MDNHEAD	\N	\N	\N	04:31:00	\N	\N	2	ML	\N	            	\N	1H	\N
4672	94	SLOUGH	\N	\N	\N	04:37:00	\N	\N	3	ML	\N	            	\N	\N	\N
4673	94	STKYJN	\N	\N	\N	04:42:30	\N	\N	\N	ML	ML	            	\N	 H	\N
4674	94	HTRWAJN	\N	\N	\N	04:43:30	\N	\N	\N	ML	\N	            	2	\N	\N
4675	94	STHALL	\N	\N	\N	04:47:00	\N	\N	2	ML	\N	            	\N	\N	\N
4676	94	ACTONW	\N	\N	\N	04:50:30	\N	\N	\N	ML	ML	            	1	5	\N
4677	94	LDBRKJ	\N	\N	\N	05:00:00	\N	\N	\N	2	ML	            	\N	\N	\N
4678	94	PRTOBJP	\N	\N	\N	05:01:30	\N	\N	\N	2	\N	            	\N	\N	\N
4679	94	ROYAOJN	\N	\N	\N	05:02:30	\N	\N	\N	2	\N	            	\N	\N	\N
4680	94	PADTON	\N	05:04:00	\N	\N	05:04:00	\N	1	\N	\N	TF          	\N	\N	\N
4681	95	FRTWLM	\N	\N	19:50:00	\N	\N	19:50:00	2	\N	\N	TB          	\N	\N	\N
4682	95	FRTWJN	\N	\N	\N	19:53:00	\N	\N	\N	\N	\N	            	\N	\N	\N
4683	95	SPEANBD	\N	20:07:00	20:10:00	\N	20:07:00	20:09:00	2	\N	\N	T X         	\N	\N	\N
4684	95	ROYBDGE	\N	20:17:00	20:17:00	\N	20:17:00	20:17:00	1	\N	\N	R           	\N	\N	\N
4685	95	TULLOCH	\N	20:28:00	20:30:00	\N	20:28:00	20:29:00	1	\N	\N	T           	\N	\N	\N
4686	95	CORROUR	\N	20:51:00	20:53:00	\N	20:51:00	20:52:00	1	\N	\N	T           	\N	1	\N
4687	95	RANNOCH	\N	21:06:00	21:09:00	\N	21:06:00	21:08:00	2	\N	\N	T X         	\N	\N	\N
4688	95	BOORCHY	\N	21:35:00	21:37:00	\N	21:35:00	21:36:00	1	\N	\N	T           	\N	\N	\N
4689	95	TYNDRMU	\N	21:52:00	21:55:00	\N	21:52:00	21:54:00	1	\N	\N	T           	\N	\N	\N
4690	95	CRNLRCH	\N	22:07:00	22:09:00	\N	22:07:00	22:08:00	1	\N	\N	T           	\N	\N	\N
4691	95	ARDLUI	\N	22:27:30	22:29:00	\N	22:28:00	22:28:00	1	\N	\N	R           	\N	\N	\N
4692	95	ARCHRAT	\N	22:44:00	22:45:30	\N	22:44:00	22:44:00	1	\N	\N	T           	\N	\N	\N
4693	95	GLDL	\N	\N	\N	22:55:30	\N	\N	\N	\N	\N	            	\N	\N	\N
4694	95	GRLCHHD	\N	23:09:30	23:11:00	\N	23:10:00	23:10:00	1	\N	\N	T           	\N	\N	\N
4695	95	HLNSBRU	\N	23:23:00	23:24:30	\N	23:23:00	23:23:00	1	\N	\N	T           	\N	\N	\N
4696	95	CRGDRNJ	\N	\N	\N	23:28:30	\N	\N	\N	\N	\N	            	\N	\N	\N
4697	95	DLREOCH	\N	\N	\N	23:36:30	\N	\N	\N	\N	\N	            	\N	\N	\N
4698	95	DMBRTNC	\N	23:38:00	23:39:30	\N	23:38:00	23:38:00	1	\N	\N	T           	\N	\N	\N
4699	95	DALMUIR	\N	23:50:00	23:53:30	\N	23:50:00	23:51:00	2	\N	\N	T           	\N	\N	\N
4700	95	WESTRTN	\N	\N	\N	23:59:30	\N	\N	2	\N	\N	            	\N	\N	\N
4701	95	MRYHILL	\N	\N	\N	00:02:00	\N	\N	\N	\N	\N	            	\N	\N	\N
4702	95	CWLRSNJ	\N	\N	\N	00:05:30	\N	\N	\N	\N	\N	            	\N	\N	\N
4703	95	CWLRSEJ	\N	\N	\N	00:07:00	\N	\N	\N	UEG	\N	            	\N	\N	\N
4704	95	BSHB	\N	\N	\N	00:09:30	\N	\N	\N	\N	\N	            	\N	\N	\N
4705	95	LENZIE	\N	\N	\N	00:13:00	\N	\N	\N	\N	\N	            	\N	\N	\N
4706	95	CROY	\N	\N	\N	00:17:00	\N	\N	1	\N	\N	            	\N	\N	\N
4707	95	GNHLUJN	\N	\N	\N	00:21:00	\N	\N	\N	\N	\N	            	\N	\N	\N
4708	95	FALKRKH	\N	\N	\N	00:24:00	\N	\N	1	\N	\N	            	\N	\N	\N
4709	95	POLMONT	\N	\N	\N	00:26:00	\N	\N	1	\N	\N	            	\N	\N	\N
4710	95	LNLTHGW	\N	\N	\N	00:29:30	\N	\N	1	\N	\N	            	\N	 H	\N
4711	95	WNCBROJ	\N	\N	\N	00:34:00	\N	\N	\N	\N	\N	            	\N	 H	\N
4712	95	NWBG	\N	\N	\N	00:37:30	\N	\N	\N	\N	\N	            	2	1	\N
4713	95	HAYMRWJ	\N	\N	\N	00:45:00	\N	\N	\N	US	\N	            	\N	2	\N
4714	95	HAYMRKT	\N	\N	\N	00:48:00	\N	\N	3	US	\N	            	\N	\N	\N
4715	95	PRNCSTG	\N	\N	\N	00:49:30	\N	\N	\N	W	\N	            	\N	\N	\N
4716	95	EDINBUR	\N	\N	\N	00:51:30	\N	\N	10	SL	W	            	\N	\N	\N
4717	95	EDIN815	\N	00:53:00	00:55:00	\N	\N	\N	\N	\N	\N	PRRM        	\N	\N	\N
4718	95	EDINBUR	2	00:57:00	\N	\N	01:08:00	\N	7	\N	SL	TFPR        	\N	\N	\N
4719	96	ABRDEEN	\N	\N	20:26:00	\N	\N	20:26:00	3	\N	\N	TB          	\N	\N	\N
4720	96	ABRDFJN	\N	\N	\N	20:27:00	\N	\N	\N	\N	\N	            	\N	\N	\N
4721	96	CRGISTH	\N	\N	\N	20:28:30	\N	\N	\N	\N	\N	            	\N	\N	\N
4722	96	ABRD56	\N	\N	\N	20:29:00	\N	\N	\N	\N	\N	            	\N	\N	\N
4723	96	ABRD230	\N	\N	\N	20:31:30	\N	\N	\N	\N	\N	            	\N	\N	\N
4724	96	ABRD222	\N	\N	\N	20:37:00	\N	\N	\N	\N	\N	            	\N	\N	\N
4725	96	SHVN	\N	20:43:00	20:45:00	\N	\N	20:43:00	1	\N	\N	U           	\N	\N	\N
4726	96	CAARMNT	\N	\N	\N	20:52:00	\N	\N	\N	\N	\N	            	\N	\N	\N
4727	96	LRNCKRK	\N	\N	\N	20:58:30	\N	\N	\N	\N	\N	            	\N	\N	\N
4728	96	CRAIGO	\N	\N	\N	21:03:00	\N	\N	\N	\N	\N	            	\N	\N	\N
4729	96	MONTRSE	\N	21:07:00	21:08:30	\N	\N	21:06:00	1	\N	\N	U           	\N	\N	\N
4730	96	USAN	\N	\N	\N	21:12:30	\N	\N	\N	\N	\N	            	\N	\N	\N
4731	96	INVKLOR	\N	\N	\N	21:17:30	\N	\N	\N	\N	\N	            	\N	\N	\N
4732	96	ARBROTH	\N	21:23:30	21:25:00	\N	\N	21:23:00	1	\N	\N	U           	\N	\N	\N
4733	96	CNST	\N	21:31:30	21:33:00	\N	\N	21:31:00	1	\N	\N	U           	\N	\N	\N
4734	96	BRFRY	\N	\N	\N	21:40:00	\N	\N	1	\N	\N	            	1	\N	\N
4735	96	CMPRDNJ	\N	\N	\N	21:43:30	\N	\N	\N	\N	\N	            	\N	\N	\N
4736	96	DUNDETB	\N	21:46:00	21:56:00	\N	\N	21:54:00	1	\N	\N	U           	\N	\N	\N
4737	96	DUNDCJ	\N	\N	\N	21:57:00	\N	\N	\N	\N	\N	            	\N	\N	\N
4738	96	TAYBDGS	\N	\N	\N	22:06:00	\N	\N	\N	\N	\N	            	\N	\N	\N
4739	96	SFORT26	\N	\N	\N	22:08:30	\N	\N	\N	\N	\N	            	\N	\N	\N
4740	96	LEUCHRS	\N	22:12:00	22:14:30	\N	\N	22:12:00	1	\N	\N	U           	\N	\N	\N
4741	96	CUPAR	\N	\N	\N	22:22:00	\N	\N	1	\N	\N	            	\N	\N	\N
4742	96	LADYBNK	\N	\N	\N	22:27:00	\N	\N	1	\N	\N	            	1	\N	\N
4743	96	THRNTNJ	\N	\N	\N	22:36:00	\N	\N	\N	\N	\N	            	\N	1	\N
4744	96	THRNUPL	\N	22:38:00	22:47:00	\N	\N	\N	\N	\N	\N	A           	\N	\N	\N
4745	96	THRNTSJ	\N	\N	\N	22:48:00	\N	\N	\N	\N	\N	            	\N	\N	\N
4746	96	KCLD	\N	22:52:30	22:54:00	\N	\N	22:52:00	1	\N	\N	U           	\N	\N	\N
4747	96	BISLND	\N	\N	\N	23:01:30	\N	\N	1	\N	\N	            	\N	\N	\N
4748	96	IVRKTHG	\N	23:09:30	23:11:00	\N	\N	23:09:00	1	\N	\N	U           	\N	\N	\N
4749	96	DLMYJN	\N	\N	\N	23:17:30	\N	\N	\N	\N	\N	            	1	3	\N
4750	96	HAYMRWJ	\N	\N	\N	23:27:00	\N	\N	\N	UN	\N	            	\N	 H	\N
4751	96	HAYMRKT	\N	\N	\N	23:28:30	\N	\N	1	UN	\N	            	\N	1	\N
4752	96	PRNCSTG	\N	\N	\N	23:31:00	\N	\N	\N	X	\N	            	\N	\N	\N
4753	96	EDINBUR	\N	23:33:00	\N	\N	23:33:00	\N	7	\N	X	TFN         	\N	\N	\N
4754	97	EDINBUR	\N	\N	23:42:00	\N	\N	23:40:00	11	W	\N	TB          	\N	 H	\N
4755	97	PRNCSTG	\N	\N	\N	23:44:00	\N	\N	\N	DS	\N	            	\N	1	\N
4756	97	HAYMRKT	\N	\N	\N	23:46:30	\N	\N	4	\N	\N	            	\N	\N	\N
4757	97	SLATEFD	\N	\N	\N	23:49:00	\N	\N	\N	\N	\N	            	\N	\N	\N
4758	97	MDCLDRJ	\N	\N	\N	23:56:00	\N	\N	\N	\N	\N	            	\N	\N	\N
4759	97	COBB712	\N	\N	\N	00:02:00	\N	\N	\N	\N	\N	            	\N	\N	\N
4760	97	ACHNGRY	\N	\N	\N	00:04:30	\N	\N	\N	\N	\N	            	\N	\N	\N
4761	97	CRSTRSE	\N	\N	\N	00:09:00	\N	\N	\N	\N	\N	            	\N	\N	\N
4762	97	CRSTUPL	\N	00:11:30	00:19:30	\N	\N	\N	\N	\N	\N	A PRRM      	\N	\N	\N
4763	97	CRSTRS	\N	00:21:00	\N	\N	00:21:00	\N	2	\N	\N	TFN PR      	\N	\N	\N
4764	98	GLGC	\N	\N	23:40:00	\N	\N	23:40:00	1	A1	\N	TB          	\N	\N	\N
4765	98	GLGCBSJ	\N	\N	\N	23:42:00	\N	\N	\N	1U	\N	            	\N	\N	\N
4766	98	EGLNSTJ	\N	\N	\N	23:43:00	\N	\N	\N	UF	\N	            	\N	\N	\N
4767	98	LRKFLDJ	\N	\N	\N	23:44:30	\N	\N	\N	FL	\N	            	\N	\N	\N
4768	98	SHFD	\N	\N	\N	23:45:30	\N	\N	\N	\N	\N	            	\N	\N	\N
4769	98	RTHGNEJ	\N	\N	\N	23:46:30	\N	\N	\N	\N	\N	            	\N	\N	\N
4770	98	NWTLWJ	\N	\N	\N	23:48:00	\N	\N	\N	\N	\N	            	\N	\N	\N
4771	98	NWTLEJ	\N	\N	\N	23:49:00	\N	\N	\N	\N	\N	            	\N	\N	\N
4772	98	UDNGTNJ	\N	\N	\N	23:50:00	\N	\N	\N	\N	\N	            	\N	\N	\N
4773	98	MOTHRWL	\N	23:54:00	23:58:00	\N	\N	23:55:00	1	\N	\N	U           	\N	\N	\N
4774	98	SHILDMR	\N	\N	\N	00:01:00	\N	\N	2	\N	\N	            	\N	2H	\N
4775	98	LAWJ	\N	\N	\N	00:06:30	\N	\N	\N	\N	\N	            	\N	\N	\N
4776	98	LANARKJ	\N	\N	\N	00:12:30	\N	\N	\N	\N	\N	            	1	 H	\N
4777	98	CRSTRSN	\N	\N	\N	00:16:30	\N	\N	\N	PL	\N	            	\N	\N	\N
4778	98	CRSTRS	\N	00:18:00	00:40:00	\N	\N	00:25:00	2	\N	\N	U -U        	\N	\N	\N
4779	98	CRSTRSS	\N	\N	\N	00:41:30	\N	\N	\N	\N	\N	            	\N	\N	\N
4780	98	ABINGTN	\N	\N	\N	00:54:30	\N	\N	UM	\N	\N	            	\N	\N	1
4781	98	BEATCKS	\N	\N	\N	01:01:30	\N	\N	UM	\N	\N	            	\N	\N	\N
4782	98	BEATCK	\N	\N	\N	01:09:00	\N	\N	UM	\N	\N	            	\N	\N	\N
4783	98	LCKRBIE	\N	\N	\N	01:19:30	\N	\N	2	\N	\N	            	2	\N	\N
4784	98	KRKP862	\N	\N	\N	01:31:30	\N	\N	\N	\N	\N	            	\N	\N	\N
4785	98	GRETNAJ	\N	\N	\N	01:34:30	\N	\N	\N	\N	\N	            	\N	1	\N
4786	98	KGMRJCN	\N	\N	\N	01:40:00	\N	\N	\N	\N	\N	            	\N	\N	\N
4787	98	CARLCJN	\N	\N	\N	01:41:00	\N	\N	\N	UML	\N	            	\N	\N	\N
4788	98	CARLILE	\N	01:43:00	01:45:00	\N	\N	01:45:00	4	\N	\N	U           	\N	\N	\N
4789	98	PNTH	\N	\N	\N	02:00:30	\N	\N	1	\N	\N	            	\N	\N	\N
4790	98	EDENVGL	\N	\N	\N	02:03:30	\N	\N	\N	\N	\N	            	\N	\N	\N
4791	98	SHAPSMT	\N	\N	\N	02:11:00	\N	\N	\N	\N	\N	            	\N	\N	1
4792	98	TEBAY	\N	\N	\N	02:16:00	\N	\N	\N	\N	\N	            	\N	\N	\N
4793	98	GRIGG	\N	\N	\N	02:22:30	\N	\N	\N	\N	\N	            	\N	\N	\N
4794	98	OXENHLM	\N	\N	\N	02:28:00	\N	\N	1	\N	\N	            	1	\N	\N
4795	98	CRNFNJN	\N	\N	\N	02:38:30	\N	\N	\N	\N	\N	            	\N	\N	\N
4796	98	MORCMSJ	\N	\N	\N	02:42:00	\N	\N	\N	\N	\N	            	\N	\N	1
4797	98	LANCSTR	\N	\N	\N	02:44:30	\N	\N	UFL	\N	\N	            	\N	\N	\N
4798	98	GSTANG	\N	\N	\N	02:53:30	\N	\N	\N	\N	\N	            	2	\N	\N
4799	98	PRSTNFJ	\N	\N	\N	03:04:30	\N	\N	\N	DFL	\N	            	\N	\N	\N
4800	98	PRST	\N	03:06:00	03:15:00	\N	\N	\N	3	DFL	DFL	C A         	\N	\N	\N
4801	98	PRSTRJN	\N	\N	\N	03:16:30	\N	\N	\N	SL	\N	            	\N	\N	\N
4802	98	FRNGTNC	\N	\N	\N	03:18:00	\N	\N	\N	\N	\N	            	\N	\N	\N
4803	98	EUXTONJ	\N	\N	\N	03:21:00	\N	\N	\N	\N	\N	            	\N	\N	\N
4804	98	BALSHWL	\N	\N	\N	03:22:30	\N	\N	\N	FL	\N	            	\N	\N	\N
4805	98	WIGANNW	\N	\N	\N	03:28:30	\N	\N	4	\N	\N	            	\N	\N	\N
4806	98	WIGASJN	\N	\N	\N	03:29:00	\N	\N	\N	\N	\N	            	\N	\N	\N
4807	98	SPRBJN	\N	\N	\N	03:30:00	\N	\N	\N	SL	\N	            	\N	\N	\N
4808	98	GOLBRNJ	\N	\N	\N	03:35:00	\N	\N	\N	FL	\N	            	\N	\N	\N
4809	98	WINWCKJ	\N	\N	\N	03:38:30	\N	\N	\N	\N	\N	            	\N	\N	\N
4810	98	DALAMBR	\N	\N	\N	03:41:00	\N	\N	\N	\N	\N	            	\N	\N	\N
4811	98	WRGTNBQ	\N	\N	\N	03:42:30	\N	\N	2	OL	\N	            	\N	\N	\N
4812	98	WRGTWOJ	\N	\N	\N	03:45:00	\N	\N	\N	\N	\N	            	\N	\N	\N
4813	98	ACGJN	\N	\N	\N	03:47:30	\N	\N	\N	FL	\N	            	1	\N	\N
4814	98	WEAVERJ	\N	\N	\N	03:54:30	\N	\N	\N	\N	\N	            	\N	\N	\N
4815	98	ACBG	\N	\N	\N	03:56:30	\N	\N	\N	\N	\N	            	\N	\N	\N
4816	98	HARTFDJ	\N	\N	\N	03:57:30	\N	\N	\N	\N	\N	            	\N	\N	1
4817	98	WNSFD	\N	\N	\N	04:02:30	\N	\N	\N	SL	\N	            	1	\N	\N
4818	98	CREWECY	\N	\N	\N	04:09:00	\N	\N	\N	\N	\N	            	\N	\N	\N
4819	98	CREWE	\N	\N	\N	04:12:00	\N	\N	UFL	\N	\N	            	\N	\N	\N
4820	98	CREWBHJ	\N	\N	\N	04:14:00	\N	\N	\N	\N	\N	            	\N	\N	\N
4821	98	MADELEY	\N	\N	\N	04:19:00	\N	\N	\N	SL	SL	            	1	1H	\N
4822	98	LBRDFJN	\N	\N	\N	04:30:30	\N	\N	\N	\N	\N	            	\N	\N	1
4823	98	STAFFRD	\N	\N	\N	04:34:30	\N	\N	4	SL	SL	            	\N	\N	\N
4824	98	STAFTVJ	\N	\N	\N	04:35:00	\N	\N	\N	\N	\N	            	\N	\N	\N
4825	98	WHHSJN	\N	\N	\N	04:37:30	\N	\N	\N	FL	\N	            	\N	 H	\N
4826	98	COLWICH	\N	\N	\N	04:40:30	\N	\N	\N	FL	FL	            	\N	\N	\N
4827	98	RUGLYNJ	\N	\N	\N	04:42:30	\N	\N	\N	FL	FL	            	\N	\N	\N
4828	98	LCHTCUR	\N	\N	\N	04:49:00	\N	\N	\N	DFL	\N	            	\N	\N	1
4829	98	LCHTNJ	\N	\N	\N	04:50:30	\N	\N	\N	DFL	DFL	            	\N	\N	\N
4830	98	AMNGTNJ	\N	\N	\N	04:58:00	\N	\N	\N	FL	DFL	            	\N	5	\N
4831	98	NNTNASJ	\N	\N	\N	05:12:30	\N	\N	\N	DFL	\N	            	\N	1	\N
4832	98	NNTN	\N	\N	\N	05:15:30	\N	\N	4	FL	DFL	            	10	\N	1
4833	98	RUGBTVJ	\N	\N	\N	05:37:00	\N	\N	\N	FL	FL	            	\N	\N	\N
4834	98	RUGBY	\N	\N	\N	05:37:30	\N	\N	4	FL	FL	            	\N	\N	\N
4835	98	HMTNJ	\N	\N	\N	05:38:30	\N	\N	\N	\N	\N	            	\N	\N	\N
4836	98	WEEDON	\N	\N	\N	05:47:00	\N	\N	\N	FL	FL	            	10	\N	\N
4837	98	HANSLPJ	\N	\N	\N	06:07:30	\N	\N	\N	FL	FL	            	\N	\N	\N
4838	98	MKNSCEN	\N	\N	\N	06:13:00	\N	\N	4	FL	FL	            	\N	\N	\N
4839	98	BLTCHLY	\N	\N	\N	06:15:00	\N	\N	2	FL	FL	            	\N	\N	\N
4840	98	LEDBRNJ	\N	\N	\N	06:23:00	\N	\N	\N	FL	FL	            	1	\N	\N
4841	98	TRING	\N	\N	\N	06:28:30	\N	\N	2	FL	FL	            	\N	\N	\N
4842	98	BONENDJ	\N	\N	\N	06:33:00	\N	\N	\N	FL	FL	            	\N	\N	\N
4843	98	WATFDJ	\N	06:39:30	06:41:30	\N	06:40:00	\N	7	FL	FL	D           	\N	\N	\N
4844	98	HROW	\N	\N	\N	06:47:00	\N	\N	4	FL	FL	            	1	\N	\N
4845	98	WMBY	\N	\N	\N	06:50:30	\N	\N	4	\N	\N	            	\N	\N	\N
4846	98	WLSDWLJ	\N	\N	\N	06:52:30	\N	\N	\N	FL	FL	            	\N	\N	1
4847	98	CMDNJN	\N	\N	\N	06:56:30	\N	\N	\N	A	\N	            	\N	\N	\N
4848	98	CMDNSTH	\N	\N	\N	06:57:00	\N	\N	\N	\N	\N	            	\N	\N	\N
4849	98	EUSTON	\N	07:00:00	\N	\N	07:15:00	\N	1	\N	\N	TF          	\N	\N	\N
4850	99	IVRNESS	\N	\N	20:45:00	\N	\N	20:45:00	2	\N	\N	TB          	\N	\N	\N
4851	99	MILBRNJ	\N	\N	\N	20:46:30	\N	\N	\N	DH	\N	            	\N	\N	\N
4852	99	CRAHALL	\N	\N	\N	20:48:00	\N	\N	\N	\N	\N	            	\N	\N	\N
4853	99	CULDNMR	\N	\N	\N	20:55:00	\N	\N	\N	\N	\N	            	\N	\N	\N
4854	99	MOYY	\N	\N	\N	21:06:30	\N	\N	\N	\N	\N	X           	\N	\N	\N
4855	99	TOMATIN	\N	\N	\N	21:10:30	\N	\N	\N	\N	\N	            	\N	\N	\N
4856	99	SLOCHD	\N	\N	\N	21:15:00	\N	\N	\N	\N	\N	            	\N	\N	\N
4857	99	CARRBDG	\N	\N	\N	21:20:00	\N	\N	1	\N	\N	            	1	\N	\N
4858	99	AVIEMRE	\N	21:27:00	21:34:00	\N	\N	21:32:00	1	\N	\N	U           	\N	\N	\N
4859	99	KNCRAIG	\N	\N	\N	21:41:00	\N	\N	\N	\N	\N	            	\N	\N	\N
4860	99	KGUSSIE	\N	21:46:00	21:50:00	\N	\N	21:48:00	2	\N	\N	U X         	\N	\N	\N
4861	99	NWTM	\N	21:54:30	21:56:30	\N	\N	21:54:00	1	\N	\N	U           	\N	\N	\N
4862	99	DALWHIN	\N	22:09:00	22:11:00	\N	\N	22:09:00	1	\N	\N	U X         	\N	\N	\N
4863	99	DLNSPDL	\N	\N	\N	22:19:00	\N	\N	\N	\N	\N	            	\N	\N	\N
4864	99	DLNCRDH	\N	\N	\N	22:24:30	\N	\N	\N	\N	\N	            	1	\N	\N
4865	99	BLARATH	\N	22:35:30	22:37:30	\N	\N	22:35:00	1	\N	\N	U           	\N	\N	\N
4866	99	PTLCHRY	\N	22:47:00	22:49:00	\N	\N	22:47:00	1	\N	\N	U           	\N	\N	\N
4867	99	DUNKELD	\N	23:01:30	23:05:30	\N	\N	23:03:00	1	\N	\N	U           	\N	\N	\N
4868	99	STNY	\N	\N	\N	23:15:00	\N	\N	\N	\N	\N	            	1	\N	\N
4869	99	PERTH	\N	23:23:30	23:28:30	\N	\N	23:26:00	4	\N	\N	U           	\N	\N	\N
4870	99	HILTONJ	\N	\N	\N	23:33:00	\N	\N	\N	\N	\N	            	\N	\N	\N
4871	99	HILT4	\N	\N	\N	23:36:00	\N	\N	\N	\N	\N	            	\N	\N	\N
4872	99	AUCHTDR	\N	\N	\N	23:44:00	\N	\N	\N	\N	\N	            	\N	\N	\N
4873	99	GLNEGLS	\N	23:46:00	23:47:30	\N	\N	23:45:00	1	\N	\N	U           	\N	\N	\N
4874	99	BLFD	\N	\N	\N	23:51:30	\N	\N	\N	\N	\N	            	\N	\N	\N
4875	99	GRNLNNG	\N	\N	\N	23:55:30	\N	\N	\N	\N	\N	            	1	\N	\N
4876	99	DUNANE	\N	00:02:00	00:04:00	\N	\N	00:02:00	1	\N	\N	U           	\N	\N	\N
4877	99	STIRLNG	\N	00:11:30	00:13:30	\N	\N	00:11:00	3	\N	\N	U           	\N	\N	\N
4878	99	LARBERJ	\N	\N	\N	00:21:30	\N	\N	\N	\N	\N	            	\N	\N	\N
4879	99	CRMRSEJ	\N	\N	\N	00:22:30	\N	\N	\N	\N	\N	            	1	\N	\N
4880	99	FALKRKG	\N	00:26:30	00:28:00	\N	\N	00:26:00	1	\N	\N	U           	\N	\N	\N
4881	99	GRNGMTJ	\N	\N	\N	00:30:30	\N	\N	\N	\N	\N	            	\N	\N	\N
4882	99	POLMONT	\N	\N	\N	00:33:30	\N	\N	1	\N	\N	            	\N	\N	\N
4883	99	LNLTHGW	\N	\N	\N	00:37:30	\N	\N	1	\N	\N	            	\N	\N	\N
4884	99	WNCBROJ	\N	\N	\N	00:41:30	\N	\N	\N	\N	\N	            	\N	\N	\N
4885	99	NWBG	\N	\N	\N	00:44:30	\N	\N	\N	\N	\N	            	2	\N	\N
4886	99	HAYMRWJ	\N	\N	\N	00:51:00	\N	\N	\N	US	\N	            	\N	\N	\N
4887	99	HAYMRKT	\N	\N	\N	00:52:00	\N	\N	3	US	\N	            	\N	 H	\N
4888	99	PRNCSTG	\N	\N	\N	00:54:00	\N	\N	\N	X	\N	            	\N	\N	\N
4889	99	EDINBUR	\N	00:56:00	01:24:00	\N	\N	\N	7	W	X	-UL         	\N	\N	\N
4890	99	PRNCSTG	2	\N	\N	01:25:30	\N	\N	\N	DS	\N	            	\N	\N	\N
4891	99	HAYMRKT	2	\N	\N	01:27:00	\N	\N	4	\N	\N	            	\N	\N	\N
4892	99	SLATEFD	\N	\N	\N	01:29:00	\N	\N	\N	\N	\N	            	\N	\N	\N
4893	99	MDCLDRJ	\N	\N	\N	01:36:30	\N	\N	\N	\N	\N	            	\N	\N	\N
4894	99	COBB712	\N	\N	\N	01:42:30	\N	\N	\N	\N	\N	            	\N	\N	\N
4895	99	ACHNGRY	\N	\N	\N	01:45:00	\N	\N	\N	\N	\N	            	\N	\N	\N
4896	99	CRSTRSE	\N	\N	\N	01:49:30	\N	\N	\N	\N	\N	            	1	\N	\N
4897	99	CRSTRSS	\N	\N	\N	01:51:30	\N	\N	\N	\N	\N	            	\N	\N	\N
4898	99	ABINGTN	\N	\N	\N	02:06:00	\N	\N	UM	\N	\N	            	\N	\N	\N
4899	99	BEATCKS	\N	\N	\N	02:12:00	\N	\N	UM	\N	\N	            	\N	\N	\N
4900	99	BEATCK	\N	\N	\N	02:19:30	\N	\N	UM	\N	\N	            	\N	\N	\N
4901	99	LCKRBIE	\N	\N	\N	02:30:00	\N	\N	2	\N	\N	            	2	\N	\N
4902	99	KRKP862	\N	\N	\N	02:42:00	\N	\N	\N	\N	\N	            	\N	\N	\N
4903	99	GRETNAJ	\N	\N	\N	02:45:00	\N	\N	\N	\N	\N	            	\N	\N	\N
4904	99	KGMRJCN	\N	\N	\N	02:49:30	\N	\N	\N	\N	\N	            	\N	\N	\N
4905	99	CARLCJN	\N	\N	\N	02:50:30	\N	\N	\N	UML	\N	            	\N	\N	\N
4906	99	CARLILE	\N	02:52:30	02:54:30	\N	\N	\N	4	\N	\N	S           	\N	\N	\N
4907	99	PNTH	\N	\N	\N	03:10:00	\N	\N	1	\N	\N	            	\N	\N	\N
4908	99	EDENVGL	\N	\N	\N	03:13:00	\N	\N	\N	\N	\N	            	\N	\N	\N
4909	99	SHAPSMT	\N	\N	\N	03:20:30	\N	\N	\N	\N	\N	            	\N	\N	\N
4910	99	TEBAY	\N	\N	\N	03:24:30	\N	\N	\N	\N	\N	            	\N	\N	\N
4911	99	GRIGG	\N	\N	\N	03:31:00	\N	\N	\N	\N	\N	            	\N	\N	\N
4912	99	OXENHLM	\N	\N	\N	03:36:30	\N	\N	1	\N	\N	            	1	\N	\N
4913	99	CRNFNJN	\N	\N	\N	03:47:00	\N	\N	\N	\N	\N	            	\N	\N	\N
4914	99	MORCMSJ	\N	\N	\N	03:50:30	\N	\N	\N	\N	\N	            	\N	\N	\N
4915	99	LANCSTR	\N	\N	\N	03:52:00	\N	\N	UFL	\N	\N	            	\N	\N	\N
4916	99	GSTANG	\N	\N	\N	04:01:00	\N	\N	\N	\N	\N	            	2	\N	\N
4917	99	PRSTNFJ	\N	\N	\N	04:12:00	\N	\N	\N	UFL	\N	            	\N	\N	\N
4918	99	PRST	\N	04:13:30	04:15:30	\N	04:15:00	\N	4	DFL	UFL	D           	\N	\N	\N
4919	99	PRSTRJN	\N	\N	\N	04:17:00	\N	\N	\N	SL	\N	            	\N	\N	\N
4920	99	FRNGTNC	\N	\N	\N	04:18:30	\N	\N	\N	\N	\N	            	\N	\N	\N
4921	99	EUXTONJ	\N	\N	\N	04:21:30	\N	\N	\N	\N	\N	            	\N	\N	\N
4922	99	BALSHWL	\N	\N	\N	04:23:00	\N	\N	\N	FL	\N	            	\N	\N	\N
4923	99	WIGANNW	\N	\N	\N	04:29:00	\N	\N	4	\N	\N	            	\N	\N	\N
4924	99	WIGASJN	\N	\N	\N	04:29:30	\N	\N	\N	\N	\N	            	\N	\N	\N
4925	99	SPRBJN	\N	\N	\N	04:30:00	\N	\N	\N	SL	\N	            	\N	\N	\N
4926	99	GOLBRNJ	\N	\N	\N	04:35:00	\N	\N	\N	FL	\N	            	\N	\N	\N
4927	99	WINWCKJ	\N	\N	\N	04:38:30	\N	\N	\N	\N	\N	            	\N	\N	\N
4928	99	DALAMBR	\N	\N	\N	04:41:00	\N	\N	\N	\N	\N	            	\N	\N	\N
4929	99	WRGTNBQ	\N	\N	\N	04:42:30	\N	\N	2	OL	\N	            	\N	\N	\N
4930	99	WRGTWOJ	\N	\N	\N	04:45:00	\N	\N	\N	\N	\N	            	\N	\N	\N
4931	99	ACGJN	\N	\N	\N	04:47:30	\N	\N	\N	FL	\N	            	1	\N	\N
4932	99	WEAVERJ	\N	\N	\N	04:54:30	\N	\N	\N	\N	\N	            	\N	\N	\N
4933	99	ACBG	\N	\N	\N	04:56:30	\N	\N	\N	\N	\N	            	\N	\N	\N
4934	99	HARTFDJ	\N	\N	\N	04:57:30	\N	\N	\N	\N	\N	            	\N	 H	1
4935	99	WNSFD	\N	\N	\N	05:03:00	\N	\N	\N	SL	\N	            	1	\N	\N
4936	99	CREWECY	\N	\N	\N	05:09:30	\N	\N	\N	\N	\N	            	\N	\N	\N
4937	99	CREWE	\N	05:11:00	05:14:00	\N	05:12:00	\N	5	\N	\N	D           	\N	 H	\N
4938	99	CREWBHJ	\N	\N	\N	05:18:00	\N	\N	\N	FL	\N	            	\N	\N	\N
4939	99	MADELEY	\N	\N	\N	05:23:00	\N	\N	\N	FL	FL	            	1	\N	\N
4940	99	NTNB	\N	\N	\N	05:32:00	\N	\N	\N	FL	FL	            	\N	\N	\N
4941	99	STAFFRD	\N	\N	\N	05:37:00	\N	\N	UFL	FL	FL	            	\N	\N	\N
4942	99	STAFFSJ	\N	\N	\N	05:37:30	\N	\N	\N	SL	\N	            	\N	\N	\N
4943	99	STAFTVJ	\N	\N	\N	05:38:00	\N	\N	\N	\N	\N	            	\N	\N	\N
4944	99	PNKRDG	\N	\N	\N	05:42:00	\N	\N	\N	\N	\N	            	1	1	\N
4945	99	BSBYJN	\N	\N	\N	05:51:30	\N	\N	\N	\N	\N	            	\N	\N	\N
4946	99	PBLJWM	\N	\N	\N	05:54:30	\N	\N	\N	\N	\N	            	\N	\N	\N
4947	99	DRLSTNJ	\N	\N	\N	05:57:00	\N	\N	\N	\N	\N	            	\N	\N	\N
4948	99	BSCTSTA	\N	\N	\N	05:58:00	\N	\N	\N	\N	\N	            	1	\N	\N
4949	99	PRYBRNJ	\N	\N	\N	06:02:30	\N	\N	\N	\N	\N	            	\N	\N	\N
4950	99	ASTON	\N	\N	\N	06:04:30	\N	\N	2	\N	\N	            	\N	4	\N
4951	99	STECHFD	\N	\N	\N	06:13:30	\N	\N	\N	\N	\N	            	\N	\N	\N
4952	99	BHAMINT	\N	06:18:30	06:20:30	\N	06:20:00	\N	5	\N	\N	D           	\N	\N	\N
4953	99	BKSWELL	\N	\N	\N	06:25:30	\N	\N	\N	\N	\N	            	1	 H	\N
4954	99	COVNTRY	\N	\N	\N	06:31:00	\N	\N	2	\N	\N	            	1	\N	\N
4955	99	RUGBTVJ	\N	\N	\N	06:40:00	\N	\N	\N	FL	\N	            	\N	\N	\N
4956	99	RUGBY	\N	\N	\N	06:41:00	\N	\N	4	FL	FL	            	\N	\N	\N
4957	99	HMTNJ	\N	\N	\N	06:42:00	\N	\N	\N	\N	\N	            	\N	\N	\N
4958	99	WEEDON	\N	\N	\N	06:50:30	\N	\N	\N	FL	FL	            	\N	\N	\N
4959	99	HANSLPJ	\N	\N	\N	07:00:30	\N	\N	\N	FL	FL	            	\N	\N	\N
4960	99	MKNSCEN	\N	\N	\N	07:05:30	\N	\N	4	FL	FL	            	\N	\N	\N
4961	99	BLTCHLY	\N	\N	\N	07:07:30	\N	\N	2	FL	FL	            	\N	\N	\N
4962	99	LEDBRNJ	\N	\N	\N	07:14:30	\N	\N	\N	FL	FL	            	1	\N	\N
4963	99	TRING	\N	\N	\N	07:20:00	\N	\N	2	FL	FL	            	\N	\N	\N
4964	99	BONENDJ	\N	\N	\N	07:24:30	\N	\N	\N	FL	FL	            	\N	\N	\N
4965	99	WATFDJ	\N	\N	\N	07:30:30	\N	\N	7	FL	FL	            	\N	\N	\N
4966	99	HROW	\N	\N	\N	07:35:00	\N	\N	4	FL	FL	            	1	\N	\N
4967	99	WMBY	\N	\N	\N	07:38:30	\N	\N	4	\N	\N	            	\N	\N	\N
4968	99	WLSDWLJ	\N	\N	\N	07:40:30	\N	\N	\N	FL	FL	            	\N	\N	\N
4969	99	CMDNJN	\N	\N	\N	07:43:30	\N	\N	\N	D	\N	            	\N	\N	\N
4970	99	CMDNSTH	\N	\N	\N	07:44:00	\N	\N	\N	\N	\N	            	\N	\N	\N
4971	99	EUSTON	\N	07:47:00	\N	\N	08:00:00	\N	15	\N	\N	TF          	\N	\N	\N
4972	100	EUSTON	\N	\N	21:15:00	\N	\N	21:15:00	1	X	\N	TBK         	\N	\N	\N
4973	100	CMDNSTH	\N	\N	\N	21:18:00	\N	\N	\N	E	\N	            	\N	\N	\N
4974	100	CMDNJN	\N	\N	\N	21:18:30	\N	\N	\N	FL	\N	            	\N	\N	\N
4975	100	WLSDWLJ	\N	\N	\N	21:21:30	\N	\N	\N	FL	FL	            	\N	\N	\N
4976	100	WMBY	\N	\N	\N	21:23:30	\N	\N	3	\N	\N	            	\N	\N	\N
4977	100	HROW	\N	\N	\N	21:26:00	\N	\N	3	FL	FL	            	\N	\N	\N
4978	100	WATFDJ	\N	\N	\N	21:30:30	\N	\N	6	FL	FL	            	\N	\N	\N
4979	100	BONENDJ	\N	\N	\N	21:36:30	\N	\N	\N	FL	FL	            	\N	\N	\N
4980	100	TRING	\N	\N	\N	21:41:00	\N	\N	1	FL	FL	            	\N	\N	\N
4981	100	LEDBRNJ	\N	\N	\N	21:45:30	\N	\N	\N	FL	FL	            	\N	\N	\N
4982	100	BLTCHLY	\N	\N	\N	21:52:30	\N	\N	1	FL	FL	            	\N	\N	\N
4983	100	MKNSCEN	\N	\N	\N	21:55:00	\N	\N	6	FL	FL	            	1	\N	\N
4984	100	HANSLPJ	\N	\N	\N	22:01:00	\N	\N	\N	FL	FL	            	\N	\N	 H
4985	100	WEEDON	\N	\N	\N	22:11:30	\N	\N	\N	FL	FL	            	1	\N	\N
4986	100	HMTNJ	\N	\N	\N	22:21:00	\N	\N	\N	\N	\N	            	\N	\N	\N
4987	100	RUGBY	\N	\N	\N	22:22:00	\N	\N	DFL	FL	FL	            	\N	\N	\N
4988	100	RUGBTVJ	\N	\N	\N	22:22:30	\N	\N	\N	\N	FL	            	1	 H	\N
4989	100	COVNTRY	\N	\N	\N	22:32:00	\N	\N	3	\N	\N	            	\N	\N	\N
4990	100	BKSWELL	\N	\N	\N	22:36:00	\N	\N	\N	\N	\N	            	\N	1	\N
4991	100	BHAMINT	\N	22:41:30	22:44:30	\N	\N	22:42:00	3	\N	\N	U           	\N	\N	\N
4992	100	STECHFD	\N	\N	\N	22:50:00	\N	\N	\N	\N	\N	            	1	\N	\N
4993	100	ASTON	\N	\N	\N	22:56:00	\N	\N	1	\N	\N	            	\N	\N	\N
4994	100	PRYBRNJ	\N	\N	\N	22:58:30	\N	\N	\N	\N	\N	            	\N	\N	\N
4995	100	BSCTSTA	\N	\N	\N	23:02:00	\N	\N	\N	\N	\N	            	1	\N	\N
4996	100	DRLSTNJ	\N	\N	\N	23:04:00	\N	\N	\N	\N	\N	            	\N	\N	\N
4997	100	PBLJWM	\N	\N	\N	23:06:30	\N	\N	\N	\N	\N	            	\N	\N	\N
4998	100	BSBYJN	\N	\N	\N	23:09:00	\N	\N	\N	\N	\N	            	\N	\N	\N
4999	100	PNKRDG	\N	\N	\N	23:17:00	\N	\N	\N	\N	\N	            	1	\N	\N
5000	100	STAFTVJ	\N	\N	\N	23:22:00	\N	\N	\N	SL	\N	            	\N	\N	\N
5001	100	STAFFRD	\N	\N	\N	23:22:30	\N	\N	5	SL	SL	            	\N	\N	\N
5002	100	SLIGHTJ	\N	\N	\N	23:27:00	\N	\N	\N	\N	\N	            	\N	\N	\N
5003	100	MADELEY	\N	\N	\N	23:35:00	\N	\N	\N	SL	SL	            	1	2	 H
5004	100	CREWBHJ	\N	\N	\N	23:43:30	\N	\N	\N	\N	\N	            	\N	1H	\N
5005	100	CREWE	\N	23:47:00	23:50:00	\N	\N	23:45:00	6	\N	\N	U K         	\N	\N	\N
5006	100	CREWECY	\N	\N	\N	23:51:30	\N	\N	\N	\N	\N	            	\N	\N	\N
5007	100	WNSFD	\N	\N	\N	23:57:30	\N	\N	\N	FL	\N	            	\N	\N	\N
5008	100	HARTFDJ	\N	\N	\N	00:01:00	\N	\N	\N	\N	\N	            	\N	\N	\N
5009	100	ACBG	\N	\N	\N	00:02:30	\N	\N	\N	\N	\N	            	\N	\N	\N
5010	100	WEAVERJ	\N	\N	\N	00:04:00	\N	\N	\N	\N	\N	            	\N	\N	\N
5011	100	ACGJN	\N	\N	\N	00:11:30	\N	\N	\N	OL	\N	            	\N	\N	\N
5012	100	WRGTWOJ	\N	\N	\N	00:14:00	\N	\N	\N	\N	\N	            	\N	\N	\N
5013	100	WRGTNBQ	\N	\N	\N	00:17:00	\N	\N	3	FL	\N	            	\N	\N	\N
5014	100	DALAMBR	\N	\N	\N	00:18:00	\N	\N	\N	\N	\N	            	\N	\N	\N
5015	100	WINWCKJ	\N	\N	\N	00:20:30	\N	\N	\N	\N	\N	            	\N	\N	\N
5016	100	GOLBRNJ	\N	\N	\N	00:24:00	\N	\N	\N	SL	\N	            	\N	\N	\N
5017	100	SPRBJN	\N	\N	\N	00:28:00	\N	\N	\N	FL	\N	            	\N	\N	\N
5018	100	WIGASJN	\N	\N	\N	00:28:30	\N	\N	\N	\N	\N	            	\N	\N	\N
5019	100	WIGANNW	\N	\N	\N	00:29:00	\N	\N	5	\N	\N	            	\N	 H	1
5020	100	BALSHWL	\N	\N	\N	00:36:00	\N	\N	\N	SL	\N	            	1	\N	\N
5021	100	EUXTONJ	\N	\N	\N	00:39:00	\N	\N	\N	\N	\N	            	\N	\N	\N
5022	100	FRNGTNC	\N	\N	\N	00:42:00	\N	\N	\N	\N	\N	            	\N	\N	\N
5023	100	PRSTRJN	\N	\N	\N	00:44:00	\N	\N	\N	DFL	\N	            	\N	\N	 H
5024	100	PRST	\N	00:46:00	00:58:00	\N	\N	00:30:00	4	UFL	DFL	U K         	\N	\N	\N
5025	100	PRSTNFJ	\N	\N	\N	00:59:30	\N	\N	\N	\N	\N	            	\N	\N	\N
5026	100	BBGHGL	\N	\N	\N	01:03:30	\N	\N	\N	\N	\N	            	\N	\N	\N
5027	100	GSTANG	\N	\N	\N	01:07:00	\N	\N	\N	\N	\N	            	\N	\N	\N
5028	100	LANCSTR	\N	\N	\N	01:16:30	\N	\N	DFL	\N	\N	            	\N	\N	\N
5029	100	MORCMSJ	\N	\N	\N	01:18:00	\N	\N	\N	\N	\N	            	\N	\N	\N
5030	100	CRNFNJN	\N	\N	\N	01:21:00	\N	\N	\N	\N	\N	            	\N	\N	\N
5031	100	OXENHLM	\N	\N	\N	01:31:00	\N	\N	2	\N	\N	            	\N	\N	\N
5032	100	GRIGG	\N	\N	\N	01:36:30	\N	\N	\N	\N	\N	            	1	\N	\N
5033	100	TEBAY	\N	\N	\N	01:42:00	\N	\N	\N	\N	\N	            	\N	\N	\N
5034	100	SHAPSMT	\N	\N	\N	01:46:00	\N	\N	\N	\N	\N	            	\N	\N	\N
5035	100	SHAPHNS	\N	\N	\N	01:49:00	\N	\N	\N	\N	\N	            	\N	 H	\N
5036	100	PNTH	\N	\N	\N	01:58:00	\N	\N	2	\N	\N	            	2	\N	1
5037	100	CARLILE	\N	02:15:30	02:18:30	\N	\N	\N	3	DML	\N	S           	\N	\N	\N
5038	100	CARLCJN	\N	\N	\N	02:20:30	\N	\N	\N	\N	\N	            	\N	\N	\N
5039	100	KGMRJCN	\N	\N	\N	02:22:00	\N	\N	\N	\N	\N	            	\N	\N	\N
5040	100	FLORSTN	\N	\N	\N	02:25:00	\N	\N	\N	\N	\N	            	\N	\N	\N
5041	100	GRETNAJ	\N	\N	\N	02:27:00	\N	\N	\N	\N	\N	            	\N	\N	\N
5042	100	KRKP863	\N	\N	\N	02:30:00	\N	\N	\N	\N	\N	            	\N	\N	\N
5043	100	LCKRBIE	\N	\N	\N	02:39:30	\N	\N	1	\N	\N	            	\N	\N	\N
5044	100	BEATCK	\N	\N	\N	02:50:30	\N	\N	DM	\N	\N	            	\N	\N	1
5045	100	BEATCKS	\N	\N	\N	02:59:30	\N	\N	DM	\N	\N	            	\N	 H	\N
5046	100	ABINGTN	\N	\N	\N	03:06:00	\N	\N	DM	\N	\N	            	2	\N	\N
5047	100	CRSTRSS	\N	\N	\N	03:20:00	\N	\N	\N	\N	\N	            	\N	\N	\N
5048	100	CRSTRSE	\N	\N	\N	03:21:00	\N	\N	\N	\N	\N	            	\N	\N	\N
5049	100	ACHNGRY	\N	\N	\N	03:25:30	\N	\N	\N	\N	\N	            	\N	\N	\N
5050	100	COBB713	\N	\N	\N	03:28:00	\N	\N	\N	\N	\N	            	\N	\N	\N
5051	100	MDCLDRJ	\N	\N	\N	03:34:00	\N	\N	\N	\N	\N	            	1	\N	\N
5052	100	SLATEFD	\N	\N	\N	03:42:00	\N	\N	\N	\N	\N	            	\N	\N	\N
5053	100	HAYMRKT	\N	\N	\N	03:44:00	\N	\N	3	US	\N	            	\N	\N	\N
5054	100	PRNCSTG	\N	\N	\N	03:45:30	\N	\N	\N	X	\N	            	\N	\N	\N
5055	100	EDINBUR	\N	03:47:00	04:20:00	\N	\N	\N	7	X	X	L -D        	\N	\N	\N
5056	100	PRNCSTG	2	\N	\N	04:21:30	\N	\N	\N	DS	\N	            	\N	\N	\N
5057	100	HAYMRKT	2	\N	\N	04:23:00	\N	\N	4	DS	\N	            	\N	\N	\N
5058	100	HAYMRWJ	\N	\N	\N	04:24:30	\N	\N	\N	\N	DS	            	\N	\N	\N
5059	100	NWBG	\N	\N	\N	04:31:00	\N	\N	\N	\N	\N	            	\N	\N	\N
5060	100	WNCBROJ	\N	\N	\N	04:34:30	\N	\N	\N	\N	\N	            	\N	\N	\N
5061	100	LNLTHGW	\N	\N	\N	04:38:30	\N	\N	2	\N	\N	            	\N	\N	\N
5062	100	POLMONT	\N	\N	\N	04:44:00	\N	\N	2	\N	\N	            	\N	\N	\N
5063	100	GRNGMTJ	\N	\N	\N	04:47:00	\N	\N	\N	\N	\N	            	1	\N	\N
5064	100	CRMRSEJ	\N	\N	\N	04:50:30	\N	\N	\N	\N	\N	            	\N	\N	\N
5065	100	LARBERJ	\N	\N	\N	04:51:30	\N	\N	\N	\N	\N	            	\N	\N	\N
5066	100	STIRLNG	\N	04:58:30	05:00:00	\N	04:59:00	\N	2	\N	\N	D           	\N	\N	\N
5067	100	DUNANE	\N	05:08:00	05:09:30	\N	05:08:00	\N	2	\N	\N	D           	\N	\N	\N
5068	100	DUNA43	\N	\N	\N	05:13:00	\N	\N	\N	\N	\N	            	1	\N	\N
5069	100	GRNLNNG	\N	\N	\N	05:17:30	\N	\N	\N	\N	\N	            	\N	\N	\N
5070	100	BLFD	\N	\N	\N	05:21:30	\N	\N	\N	\N	\N	            	\N	\N	\N
5071	100	GLNEGLS	\N	05:23:30	05:25:00	\N	05:24:00	\N	2	\N	\N	D           	\N	\N	\N
5072	100	AUCHTDR	\N	\N	\N	05:27:30	\N	\N	\N	\N	\N	            	\N	\N	\N
5073	100	HILT19	\N	\N	\N	05:34:30	\N	\N	\N	\N	\N	            	1	\N	\N
5074	100	HILTONJ	\N	\N	\N	05:38:30	\N	\N	\N	\N	\N	            	\N	\N	\N
5075	100	PERTH	\N	05:42:00	05:43:30	\N	05:42:00	\N	7	\N	\N	D           	\N	\N	\N
5076	100	STNY	\N	\N	\N	05:53:00	\N	\N	\N	\N	\N	            	\N	\N	\N
5077	100	DUNKELD	\N	06:02:00	06:03:30	\N	06:02:00	\N	1	\N	\N	D           	\N	\N	\N
5078	100	PTLCHRY	\N	06:16:00	06:17:30	\N	06:16:00	\N	1	\N	\N	D           	\N	\N	\N
5079	100	BLARATH	\N	06:28:00	06:29:30	\N	06:28:00	\N	2	\N	\N	D           	\N	\N	\N
5080	100	DLNCRDH	\N	\N	\N	06:41:30	\N	\N	\N	\N	\N	            	\N	\N	\N
5081	100	DLNSPDL	\N	\N	\N	06:49:30	\N	\N	\N	\N	\N	            	1	\N	\N
5082	100	DALWHIN	\N	06:59:00	07:00:30	\N	06:59:00	\N	2	\N	\N	D           	\N	\N	\N
5083	100	NWTM	\N	07:10:30	07:12:00	\N	07:11:00	\N	1	\N	\N	D           	\N	\N	\N
5084	100	KGUSSIE	\N	07:16:00	07:17:30	\N	07:16:00	07:17:00	1	\N	\N	T           	\N	\N	\N
5085	100	KNCRAIG	\N	07:25:00	07:31:00	\N	\N	\N	\N	\N	\N	A X         	1	\N	\N
5086	100	AVIEMRE	\N	07:38:30	07:43:00	\N	07:39:00	07:43:00	1	\N	\N	T           	\N	\N	\N
5087	100	CARRBDG	\N	07:53:00	07:54:30	\N	07:53:00	07:54:00	1	\N	\N	T           	\N	\N	\N
5088	100	SLOCHD	\N	\N	\N	08:02:30	\N	\N	\N	\N	\N	            	\N	\N	\N
5089	100	TOMATIN	\N	08:08:00	08:16:00	\N	\N	\N	\N	\N	\N	X A         	\N	\N	\N
5090	100	MOYY	\N	\N	\N	08:20:30	\N	\N	\N	\N	\N	            	\N	\N	\N
5091	100	CULDNMR	\N	\N	\N	08:27:00	\N	\N	\N	\N	\N	            	1	\N	\N
5092	100	CRAHALL	\N	\N	\N	08:32:00	\N	\N	\N	DH	\N	            	\N	\N	\N
5093	100	MILBRNJ	\N	\N	\N	08:33:00	\N	\N	\N	\N	DH	            	\N	\N	\N
5094	100	IVRNESS	\N	08:35:00	\N	\N	08:45:00	\N	2	\N	\N	TF          	\N	\N	\N
5095	101	EDINBUR	\N	\N	04:28:00	\N	\N	04:28:00	7	W	\N	TBN         	\N	\N	\N
5096	101	PRNCSTG	\N	\N	\N	04:29:30	\N	\N	\N	DS	\N	            	\N	\N	\N
5097	101	HAYMRKT	\N	\N	\N	04:31:00	\N	\N	4	DS	\N	            	\N	\N	\N
5098	101	HAYMRWJ	\N	\N	\N	04:32:30	\N	\N	\N	\N	DS	            	\N	\N	\N
5099	101	NWBG	\N	\N	\N	04:39:00	\N	\N	\N	\N	\N	            	\N	\N	\N
5100	101	WNCBROJ	\N	\N	\N	04:42:30	\N	\N	\N	\N	\N	            	\N	\N	\N
5101	101	LNLTHGW	\N	\N	\N	04:47:00	\N	\N	2	\N	\N	            	\N	\N	\N
5102	101	POLMONT	\N	\N	\N	04:52:00	\N	\N	2	\N	\N	            	\N	\N	\N
5103	101	GRNGMTJ	\N	\N	\N	04:55:30	\N	\N	\N	\N	\N	            	1	\N	\N
5104	101	CRMRSEJ	\N	\N	\N	04:59:30	\N	\N	\N	\N	\N	            	\N	\N	\N
5105	101	LARBERJ	\N	\N	\N	05:00:30	\N	\N	\N	\N	\N	            	\N	\N	\N
5106	101	STIRLNG	\N	\N	\N	05:07:30	\N	\N	2	\N	\N	            	\N	4	\N
5107	101	DUNANE	\N	\N	\N	05:18:00	\N	\N	2	\N	\N	            	1	\N	\N
5108	101	DUNA43	\N	\N	\N	05:22:00	\N	\N	\N	\N	\N	            	\N	\N	\N
5109	101	GRNLNNG	\N	\N	\N	05:25:30	\N	\N	\N	\N	\N	            	\N	1	\N
5110	101	BLFD	\N	\N	\N	05:30:30	\N	\N	\N	\N	\N	            	\N	\N	\N
5111	101	AUCHTDR	\N	\N	\N	05:34:30	\N	\N	\N	\N	\N	            	\N	\N	\N
5112	101	HILT19	\N	\N	\N	05:41:30	\N	\N	\N	\N	\N	            	1	\N	\N
5113	101	HILTONJ	\N	\N	\N	05:45:30	\N	\N	\N	\N	\N	            	\N	\N	\N
5114	101	PERTH	\N	\N	\N	05:49:30	\N	\N	2	\N	\N	            	\N	\N	\N
5115	101	BHLP	\N	\N	\N	05:52:30	\N	\N	\N	\N	\N	            	\N	\N	\N
5116	101	ERROLLC	\N	\N	\N	06:01:00	\N	\N	\N	\N	\N	            	\N	\N	\N
5117	101	LFGNLC	\N	\N	\N	06:05:00	\N	\N	\N	\N	\N	            	\N	\N	\N
5118	101	DUND697	\N	\N	\N	06:06:00	\N	\N	\N	\N	\N	            	\N	\N	\N
5119	101	DUNDCJ	\N	\N	\N	06:09:00	\N	\N	\N	\N	\N	            	\N	\N	\N
5120	101	DUNDETB	\N	06:10:00	06:12:00	\N	06:11:00	\N	4	\N	\N	D           	\N	\N	\N
5121	101	CMPRDNJ	\N	\N	\N	06:14:30	\N	\N	\N	\N	\N	            	\N	\N	\N
5122	101	BRFRY	\N	\N	\N	06:19:00	\N	\N	2	\N	\N	            	\N	\N	\N
5123	101	CNST	\N	06:24:30	06:26:30	\N	06:26:00	\N	2	\N	\N	D           	\N	\N	\N
5124	101	ARBROTH	\N	06:32:00	06:34:00	\N	06:33:00	\N	2	\N	\N	D           	\N	\N	\N
5125	101	INVKLOR	\N	\N	\N	06:40:30	\N	\N	\N	\N	\N	            	\N	\N	\N
5126	101	USAN	\N	\N	\N	06:45:30	\N	\N	\N	\N	\N	            	\N	\N	\N
5127	101	MONTRSE	\N	06:48:30	06:50:30	\N	06:50:00	\N	2	\N	\N	D           	1	\N	\N
5128	101	CRAIGO	\N	\N	\N	06:56:30	\N	\N	\N	\N	\N	            	\N	\N	\N
5129	101	LRNCKRK	\N	\N	\N	07:01:30	\N	\N	\N	\N	\N	            	\N	\N	\N
5130	101	CAARMNT	\N	\N	\N	07:08:00	\N	\N	\N	\N	\N	            	\N	\N	\N
5131	101	SHVN	\N	07:13:30	07:15:30	\N	07:15:00	\N	2	\N	\N	D           	\N	\N	\N
5132	101	ABRD223	\N	\N	\N	07:21:30	\N	\N	\N	\N	\N	            	\N	\N	\N
5133	101	ABRD229	\N	\N	\N	07:25:00	\N	\N	\N	\N	\N	            	\N	\N	\N
5134	101	ABRD55	\N	\N	\N	07:28:30	\N	\N	\N	\N	\N	            	\N	\N	\N
5135	101	CRGISTH	\N	\N	\N	07:29:30	\N	\N	\N	\N	\N	            	1	\N	\N
5136	101	ABRDFJN	\N	\N	\N	07:32:00	\N	\N	\N	\N	\N	            	\N	\N	\N
5137	101	ABRDEEN	\N	07:34:00	\N	\N	07:50:00	\N	6S	\N	\N	TF          	\N	\N	\N
5138	102	EDINBUR	\N	\N	04:50:00	\N	\N	04:50:00	7	W	\N	TB          	\N	 H	\N
5139	102	PRNCSTG	\N	\N	\N	04:51:30	\N	\N	\N	DS	\N	            	\N	\N	\N
5140	102	HAYMRKT	\N	\N	\N	04:53:00	\N	\N	4	DS	\N	            	\N	\N	\N
5141	102	HAYMRWJ	\N	\N	\N	04:55:00	\N	\N	\N	\N	DS	            	\N	\N	\N
5142	102	NWBG	\N	\N	\N	05:01:00	\N	\N	\N	\N	\N	            	\N	\N	\N
5143	102	UPHALL	\N	\N	\N	05:06:00	\N	\N	\N	\N	\N	            	\N	\N	\N
5144	102	BTHGATE	\N	\N	\N	05:12:00	\N	\N	2	\N	\N	            	\N	\N	\N
5145	102	AIRDRIE	\N	\N	\N	05:26:00	\N	\N	2	\N	\N	            	\N	\N	\N
5146	102	COATBDS	\N	\N	\N	05:29:30	\N	\N	\N	\N	\N	            	\N	\N	\N
5147	102	SHTLSTN	\N	\N	\N	05:36:30	\N	\N	\N	\N	\N	            	\N	\N	\N
5148	102	BLGRVE	\N	\N	\N	05:41:30	\N	\N	1	\N	\N	            	\N	\N	\N
5149	102	GLGQLL	\N	05:47:00	05:48:30	\N	\N	05:48:00	8	\N	\N	U           	\N	\N	\N
5150	102	FNSTNEJ	\N	\N	\N	05:54:00	\N	\N	\N	\N	\N	            	\N	\N	\N
5151	102	HYNDLEJ	\N	\N	\N	05:57:00	\N	\N	\N	\N	\N	            	\N	\N	\N
5152	102	ANSL	\N	\N	\N	05:58:00	\N	\N	2	\N	\N	            	\N	\N	\N
5153	102	WESTRTN	\N	\N	\N	06:00:30	\N	\N	2	\N	\N	            	\N	\N	\N
5154	102	DALMUIR	\N	06:04:30	06:06:00	\N	06:05:00	06:06:00	1	\N	\N	T           	\N	\N	\N
5155	102	DMBRTNC	\N	06:15:30	06:17:00	\N	06:16:00	06:17:00	2	\N	\N	T           	\N	\N	\N
5156	102	DLREOCH	\N	\N	\N	06:18:30	\N	\N	\N	\N	\N	            	\N	\N	\N
5157	102	CRGDRNJ	\N	\N	\N	06:26:30	\N	\N	\N	\N	\N	            	\N	\N	\N
5158	102	HLNSBRU	\N	06:30:30	06:33:30	\N	06:31:00	06:33:00	1	\N	\N	T           	\N	\N	\N
5159	102	GRLCHHD	\N	06:45:30	06:47:00	\N	06:46:00	06:47:00	2	\N	\N	T           	\N	\N	\N
5160	102	GLDL	\N	\N	\N	07:00:00	\N	\N	\N	\N	\N	            	\N	\N	\N
5161	102	ARCHRAT	\N	07:08:00	07:09:30	\N	07:08:00	07:09:00	2	\N	\N	T X         	\N	\N	\N
5162	102	ARDLUI	\N	07:23:30	07:25:00	\N	07:24:00	07:25:00	2	\N	\N	R           	\N	\N	\N
5163	102	CRNLRCH	\N	07:45:00	07:48:00	\N	07:45:00	07:48:00	2	\N	\N	T           	\N	\N	\N
5164	102	TYNDRMU	\N	07:59:00	08:02:00	\N	07:59:00	08:02:00	2	\N	\N	T           	\N	\N	\N
5165	102	BOORCHY	\N	08:16:30	08:18:30	\N	08:17:00	08:18:00	2	\N	\N	T           	\N	\N	\N
5166	102	RANNOCH	\N	08:43:30	08:45:00	\N	08:44:00	08:45:00	1	\N	\N	T X         	\N	\N	\N
5167	102	CORROUR	\N	08:58:00	09:00:00	\N	08:58:00	09:00:00	1	\N	\N	T           	\N	\N	\N
5168	102	TULLOCH	\N	09:19:00	09:21:00	\N	09:19:00	09:21:00	2	\N	\N	T X         	\N	\N	\N
5169	102	ROYBDGE	\N	09:31:30	09:31:30	\N	09:31:00	09:31:00	1	\N	\N	R           	\N	\N	\N
5170	102	SPEANBD	\N	09:38:00	09:39:30	\N	09:38:00	09:39:00	1	\N	\N	T           	\N	\N	\N
5171	102	FRTWJN	\N	\N	\N	09:51:30	\N	\N	\N	\N	\N	            	\N	\N	\N
5172	102	FRTWLM	\N	09:55:00	\N	\N	10:00:00	\N	1	\N	\N	TF          	\N	\N	\N
5173	103	HTRWTM5	\N	\N	23:12:00	\N	\N	23:12:00	4	\N	\N	TB          	\N	\N	\N
5174	103	HTRWAPT	\N	23:15:30	23:19:00	\N	23:16:00	23:19:00	2	\N	\N	T           	\N	\N	\N
5175	103	HTRWTJN	\N	\N	\N	23:22:00	\N	\N	\N	\N	\N	            	\N	\N	\N
5176	103	STKYJN	\N	\N	\N	23:22:30	\N	\N	\N	ML	\N	            	\N	\N	\N
5177	103	HTRWAJN	\N	\N	\N	23:23:00	\N	\N	\N	ML	\N	            	\N	 H	\N
5178	103	STHALL	\N	\N	\N	23:24:30	\N	\N	2	ML	\N	            	\N	1H	\N
5179	103	ACTONW	\N	\N	\N	23:28:00	\N	\N	\N	ML	ML	            	1	 H	\N
5180	103	LDBRKJ	\N	\N	\N	23:32:00	\N	\N	\N	3	ML	            	\N	\N	\N
5181	103	PRTOBJP	\N	\N	\N	23:33:00	\N	\N	\N	3	\N	            	\N	\N	\N
5182	103	ROYAOJN	\N	\N	\N	23:34:00	\N	\N	\N	3	\N	            	\N	\N	\N
5183	103	PADTON	\N	23:35:00	\N	\N	23:35:00	\N	7	\N	\N	TF          	\N	\N	\N
5184	104	FRTWLM	\N	\N	19:50:00	\N	\N	19:50:00	2	\N	\N	TB          	\N	\N	\N
5185	104	FRTWJN	\N	\N	\N	19:53:00	\N	\N	\N	\N	\N	            	\N	\N	\N
5186	104	SPEANBD	\N	20:07:00	20:10:00	\N	20:07:00	20:09:00	2	\N	\N	T X         	\N	\N	\N
5187	104	ROYBDGE	\N	20:17:00	20:17:00	\N	20:17:00	20:17:00	1	\N	\N	R           	\N	\N	\N
5188	104	TULLOCH	\N	20:28:00	20:30:00	\N	20:28:00	20:29:00	1	\N	\N	T           	\N	\N	\N
5189	104	CORROUR	\N	20:51:00	20:53:00	\N	20:51:00	20:52:00	1	\N	\N	T           	\N	1	\N
5190	104	RANNOCH	\N	21:06:00	21:09:00	\N	21:06:00	21:08:00	2	\N	\N	T X         	\N	\N	\N
5191	104	BOORCHY	\N	21:35:00	21:37:00	\N	21:35:00	21:36:00	1	\N	\N	T           	\N	\N	\N
5192	104	TYNDRMU	\N	21:52:00	21:55:00	\N	21:52:00	21:54:00	1	\N	\N	T           	\N	\N	\N
5193	104	CRNLRCH	\N	22:07:00	22:09:00	\N	22:07:00	22:08:00	1	\N	\N	T           	\N	\N	\N
5194	104	ARDLUI	\N	22:27:30	22:29:00	\N	22:28:00	22:28:00	1	\N	\N	R           	\N	\N	\N
5195	104	ARCHRAT	\N	22:44:00	22:45:30	\N	22:44:00	22:44:00	1	\N	\N	T           	\N	\N	\N
5196	104	GLDL	\N	\N	\N	22:55:30	\N	\N	\N	\N	\N	            	\N	\N	\N
5197	104	GRLCHHD	\N	23:09:30	23:11:00	\N	23:10:00	23:10:00	1	\N	\N	T           	\N	\N	\N
5198	104	HLNSBRU	\N	23:23:00	23:24:30	\N	23:23:00	23:23:00	1	\N	\N	T           	\N	\N	\N
5199	104	CRGDRNJ	\N	\N	\N	23:28:30	\N	\N	\N	\N	\N	            	\N	\N	\N
5200	104	DLREOCH	\N	\N	\N	23:36:30	\N	\N	\N	\N	\N	            	\N	\N	\N
5201	104	DMBRTNC	\N	23:38:00	23:39:30	\N	23:38:00	23:38:00	1	\N	\N	T           	\N	\N	\N
5202	104	DALMUIR	\N	23:50:00	23:53:30	\N	23:50:00	23:51:00	2	\N	\N	T           	\N	\N	\N
5203	104	WESTRTN	\N	\N	\N	23:59:30	\N	\N	2	\N	\N	            	\N	\N	\N
5204	104	MRYHILL	\N	\N	\N	00:02:00	\N	\N	\N	\N	\N	            	\N	\N	\N
5205	104	CWLRSNJ	\N	\N	\N	00:05:30	\N	\N	\N	\N	\N	            	\N	\N	\N
5206	104	CWLRSEJ	\N	\N	\N	00:07:00	\N	\N	\N	UEG	\N	            	\N	\N	\N
5207	104	BSHB	\N	\N	\N	00:09:30	\N	\N	\N	\N	\N	            	\N	\N	\N
5208	104	LENZIE	\N	\N	\N	00:13:00	\N	\N	\N	\N	\N	            	\N	\N	\N
5209	104	CROY	\N	\N	\N	00:17:00	\N	\N	1	\N	\N	            	\N	\N	\N
5210	104	GNHLUJN	\N	\N	\N	00:21:00	\N	\N	\N	\N	\N	            	\N	\N	\N
5211	104	FALKRKH	\N	\N	\N	00:24:00	\N	\N	1	\N	\N	            	\N	\N	\N
5212	104	POLMONT	\N	\N	\N	00:26:00	\N	\N	1	\N	\N	            	\N	\N	\N
5213	104	LNLTHGW	\N	\N	\N	00:29:30	\N	\N	1	\N	\N	            	\N	 H	\N
5214	104	WNCBROJ	\N	\N	\N	00:34:00	\N	\N	\N	\N	\N	            	\N	 H	\N
5215	104	NWBG	\N	\N	\N	00:37:30	\N	\N	\N	\N	\N	            	2	1	\N
5216	104	HAYMRWJ	\N	\N	\N	00:45:00	\N	\N	\N	US	\N	            	\N	2	\N
5217	104	HAYMRKT	\N	\N	\N	00:48:00	\N	\N	3	US	\N	            	\N	1	\N
5218	104	PRNCSTG	\N	\N	\N	00:50:30	\N	\N	\N	Z	\N	            	\N	\N	\N
5219	104	EDINBUR	\N	\N	\N	00:52:00	\N	\N	1	NL	Z	            	\N	\N	\N
5220	104	EDIN813	\N	00:53:30	00:55:30	\N	\N	\N	\N	\N	\N	PRRM        	\N	\N	\N
5221	104	EDINBUR	2	00:58:00	\N	\N	01:08:00	\N	2	\N	NL	TFPR        	\N	\N	\N
5222	105	ABRDEEN	\N	\N	20:26:00	\N	\N	20:26:00	3	\N	\N	TB          	\N	\N	\N
5223	105	ABRDFJN	\N	\N	\N	20:27:00	\N	\N	\N	\N	\N	            	\N	\N	\N
5224	105	CRGISTH	\N	\N	\N	20:28:30	\N	\N	\N	\N	\N	            	\N	\N	\N
5225	105	ABRD56	\N	\N	\N	20:29:00	\N	\N	\N	\N	\N	            	\N	\N	\N
5226	105	ABRD230	\N	\N	\N	20:31:30	\N	\N	\N	\N	\N	            	\N	\N	\N
5227	105	ABRD222	\N	\N	\N	20:37:00	\N	\N	\N	\N	\N	            	\N	\N	\N
5228	105	SHVN	\N	20:43:00	20:45:00	\N	\N	20:43:00	1	\N	\N	U           	\N	\N	\N
5229	105	CAARMNT	\N	\N	\N	20:52:00	\N	\N	\N	\N	\N	            	\N	\N	\N
5230	105	LRNCKRK	\N	\N	\N	20:58:30	\N	\N	\N	\N	\N	            	\N	\N	\N
5231	105	CRAIGO	\N	\N	\N	21:03:00	\N	\N	\N	\N	\N	            	\N	\N	\N
5232	105	MONTRSE	\N	21:07:00	21:08:30	\N	\N	21:06:00	1	\N	\N	U           	\N	\N	\N
5233	105	USAN	\N	\N	\N	21:12:30	\N	\N	\N	\N	\N	            	\N	\N	\N
5234	105	INVKLOR	\N	\N	\N	21:17:30	\N	\N	\N	\N	\N	            	\N	\N	\N
5235	105	ARBROTH	\N	21:23:30	21:25:00	\N	\N	21:23:00	1	\N	\N	U           	\N	\N	\N
5236	105	CNST	\N	21:31:30	21:33:00	\N	\N	21:31:00	1	\N	\N	U           	\N	\N	\N
5237	105	BRFRY	\N	\N	\N	21:40:00	\N	\N	1	\N	\N	            	1	\N	\N
5238	105	CMPRDNJ	\N	\N	\N	21:43:30	\N	\N	\N	\N	\N	            	\N	\N	\N
5239	105	DUNDETB	\N	21:46:00	21:56:00	\N	\N	21:54:00	1	\N	\N	U           	\N	\N	\N
5240	105	DUNDCJ	\N	\N	\N	21:57:00	\N	\N	\N	\N	\N	            	\N	\N	\N
5241	105	TAYBDGS	\N	\N	\N	22:06:00	\N	\N	\N	\N	\N	            	\N	\N	\N
5242	105	SFORT26	\N	\N	\N	22:08:30	\N	\N	\N	\N	\N	            	\N	\N	\N
5243	105	LEUCHRS	\N	22:12:00	22:14:30	\N	\N	22:12:00	1	\N	\N	U           	\N	\N	\N
5244	105	CUPAR	\N	\N	\N	22:22:00	\N	\N	1	\N	\N	            	\N	\N	\N
5245	105	LADYBNK	\N	\N	\N	22:27:00	\N	\N	1	\N	\N	            	1	1H	\N
5246	105	THRNTNJ	\N	\N	\N	22:39:30	\N	\N	\N	\N	\N	            	\N	\N	\N
5247	105	GLNRTHS	\N	\N	\N	22:41:30	\N	\N	2	\N	\N	            	\N	\N	\N
5248	105	CWDNBTH	\N	\N	\N	22:54:30	\N	\N	1	\N	\N	            	\N	\N	\N
5249	105	DNFRMLE	\N	\N	\N	23:02:30	\N	\N	1	\N	\N	            	\N	\N	\N
5250	105	IVRKTHG	\N	23:08:00	23:12:30	\N	\N	23:09:00	1	\N	\N	U           	\N	\N	\N
5251	105	DLMYJN	\N	\N	\N	23:19:00	\N	\N	\N	\N	\N	            	1	1H	\N
5252	105	HAYMRWJ	\N	\N	\N	23:27:00	\N	\N	\N	UN	\N	            	\N	 H	\N
5253	105	HAYMRKT	\N	\N	\N	23:28:30	\N	\N	1	UN	\N	            	\N	1	\N
5254	105	PRNCSTG	\N	\N	\N	23:31:00	\N	\N	\N	Z	\N	            	\N	\N	\N
5255	105	EDINBUR	\N	23:33:00	\N	\N	23:33:00	\N	2	\N	Z	TFN         	\N	\N	\N
5256	106	EDINBUR	\N	\N	23:42:00	\N	\N	23:40:00	11	W	\N	TB          	\N	 H	\N
5257	106	PRNCSTG	\N	\N	\N	23:44:00	\N	\N	\N	DS	\N	            	\N	1	\N
5258	106	HAYMRKT	\N	\N	\N	23:46:30	\N	\N	4	\N	\N	            	\N	\N	\N
5259	106	SLATEFD	\N	\N	\N	23:49:00	\N	\N	\N	\N	\N	            	\N	\N	\N
5260	106	MDCLDRJ	\N	\N	\N	23:56:00	\N	\N	\N	\N	\N	            	\N	\N	\N
5261	106	COBB712	\N	\N	\N	00:02:00	\N	\N	\N	\N	\N	            	\N	\N	\N
5262	106	ACHNGRY	\N	\N	\N	00:04:30	\N	\N	\N	\N	\N	            	\N	\N	\N
5263	106	CRSTRSE	\N	\N	\N	00:09:00	\N	\N	\N	\N	\N	            	\N	\N	\N
5264	106	CRSTUPL	\N	00:11:30	00:19:30	\N	\N	\N	\N	\N	\N	A PRRM      	\N	\N	\N
5265	106	CRSTRS	\N	00:21:00	\N	\N	00:21:00	\N	2	\N	\N	TFN PR      	\N	\N	\N
5266	107	GLGC	\N	\N	23:40:00	\N	\N	23:40:00	1	A1	\N	TB          	\N	\N	\N
5267	107	GLGCBSJ	\N	\N	\N	23:42:00	\N	\N	\N	1U	\N	            	\N	\N	\N
5268	107	EGLNSTJ	\N	\N	\N	23:43:00	\N	\N	\N	UF	\N	            	\N	\N	\N
5269	107	LRKFLDJ	\N	\N	\N	23:44:30	\N	\N	\N	FL	\N	            	\N	\N	\N
5270	107	SHFD	\N	\N	\N	23:45:30	\N	\N	\N	\N	\N	            	\N	\N	\N
5271	107	RTHGNEJ	\N	\N	\N	23:46:30	\N	\N	\N	\N	\N	            	\N	\N	\N
5272	107	NWTLWJ	\N	\N	\N	23:48:00	\N	\N	\N	\N	\N	            	\N	\N	\N
5273	107	NWTLEJ	\N	\N	\N	23:49:00	\N	\N	\N	\N	\N	            	\N	\N	\N
5274	107	UDNGTNJ	\N	\N	\N	23:50:00	\N	\N	\N	\N	\N	            	\N	\N	\N
5275	107	MOTHRWL	\N	23:54:00	23:58:00	\N	\N	23:55:00	1	\N	\N	U           	\N	\N	\N
5276	107	SHILDMR	\N	\N	\N	00:01:00	\N	\N	2	\N	\N	            	\N	2H	\N
5277	107	LAWJ	\N	\N	\N	00:06:30	\N	\N	\N	\N	\N	            	\N	\N	\N
5278	107	LANARKJ	\N	\N	\N	00:12:30	\N	\N	\N	\N	\N	            	1	 H	\N
5279	107	CRSTRSN	\N	\N	\N	00:16:30	\N	\N	\N	PL	\N	            	\N	\N	\N
5280	107	CRSTRS	\N	00:18:00	00:40:00	\N	\N	00:25:00	2	\N	\N	U -U        	\N	\N	\N
5281	107	CRSTRSS	\N	\N	\N	00:41:30	\N	\N	\N	\N	\N	            	\N	\N	\N
5282	107	ABINGTN	\N	\N	\N	00:54:30	\N	\N	UM	\N	\N	            	\N	\N	1
5283	107	BEATCKS	\N	\N	\N	01:01:30	\N	\N	UM	\N	\N	            	\N	\N	\N
5284	107	BEATCK	\N	\N	\N	01:09:00	\N	\N	UM	\N	\N	            	\N	\N	\N
5285	107	LCKRBIE	\N	\N	\N	01:19:30	\N	\N	2	\N	\N	            	2	\N	\N
5286	107	KRKP862	\N	\N	\N	01:31:30	\N	\N	\N	\N	\N	            	\N	\N	\N
5287	107	GRETNAJ	\N	\N	\N	01:34:30	\N	\N	\N	\N	\N	            	\N	1	\N
5288	107	KGMRJCN	\N	\N	\N	01:40:00	\N	\N	\N	\N	\N	            	\N	\N	\N
5289	107	CARLCJN	\N	\N	\N	01:41:00	\N	\N	\N	UML	\N	            	\N	\N	\N
5290	107	CARLILE	\N	01:43:00	01:45:00	\N	\N	01:45:00	4	\N	\N	U           	\N	\N	\N
5291	107	PNTH	\N	\N	\N	02:00:30	\N	\N	1	\N	\N	            	\N	\N	\N
5292	107	EDENVGL	\N	\N	\N	02:03:30	\N	\N	\N	\N	\N	            	\N	\N	\N
5293	107	SHAPSMT	\N	\N	\N	02:11:00	\N	\N	\N	\N	\N	            	\N	\N	1
5294	107	TEBAY	\N	\N	\N	02:16:00	\N	\N	\N	\N	\N	            	\N	\N	\N
5295	107	GRIGG	\N	\N	\N	02:22:30	\N	\N	\N	\N	\N	            	\N	\N	\N
5296	107	OXENHLM	\N	\N	\N	02:28:00	\N	\N	1	\N	\N	            	1	\N	\N
5297	107	CRNFNJN	\N	\N	\N	02:38:30	\N	\N	\N	\N	\N	            	\N	\N	\N
5298	107	MORCMSJ	\N	\N	\N	02:42:00	\N	\N	\N	\N	\N	            	\N	\N	1
5299	107	LANCSTR	\N	\N	\N	02:44:30	\N	\N	UFL	\N	\N	            	\N	\N	\N
5300	107	GSTANG	\N	\N	\N	02:53:30	\N	\N	\N	\N	\N	            	2	\N	\N
5301	107	PRSTNFJ	\N	\N	\N	03:04:30	\N	\N	\N	USL	\N	            	\N	\N	\N
5302	107	PRST	\N	03:06:00	03:15:00	\N	\N	\N	3	USL	USL	C A         	\N	\N	\N
5303	107	PRSTRJN	\N	\N	\N	03:16:30	\N	\N	\N	FL	\N	            	\N	\N	\N
5304	107	EUXTONJ	\N	\N	\N	03:20:30	\N	\N	\N	\N	\N	            	\N	\N	\N
5305	107	BALSHWL	\N	\N	\N	03:22:00	\N	\N	\N	\N	\N	            	\N	\N	\N
5306	107	WIGANNW	\N	\N	\N	03:27:30	\N	\N	4	\N	\N	            	\N	\N	\N
5307	107	WIGASJN	\N	\N	\N	03:28:00	\N	\N	\N	\N	\N	            	\N	\N	\N
5308	107	SPRBJN	\N	\N	\N	03:29:00	\N	\N	\N	SL	\N	            	\N	\N	\N
5309	107	GOLBRNJ	\N	\N	\N	03:34:00	\N	\N	\N	FL	\N	            	\N	\N	\N
5310	107	WINWCKJ	\N	\N	\N	03:37:30	\N	\N	\N	\N	\N	            	\N	\N	\N
5311	107	DALAMBR	\N	\N	\N	03:40:00	\N	\N	\N	\N	\N	            	\N	\N	\N
5312	107	WRGTNBQ	\N	\N	\N	03:41:30	\N	\N	2	OL	\N	            	\N	\N	\N
5313	107	WRGTWOJ	\N	\N	\N	03:44:00	\N	\N	\N	\N	\N	            	\N	\N	\N
5314	107	ACGJN	\N	\N	\N	03:46:30	\N	\N	\N	FL	\N	            	1	\N	\N
5315	107	WEAVERJ	\N	\N	\N	03:53:30	\N	\N	\N	\N	\N	            	\N	\N	\N
5316	107	ACBG	\N	\N	\N	03:55:30	\N	\N	\N	\N	\N	            	\N	\N	\N
5317	107	HARTFDJ	\N	\N	\N	03:56:30	\N	\N	\N	\N	\N	            	\N	\N	1
5318	107	WNSFD	\N	\N	\N	04:01:30	\N	\N	\N	SL	\N	            	1	\N	\N
5319	107	CREWECY	\N	\N	\N	04:08:00	\N	\N	\N	\N	\N	            	\N	\N	\N
5320	107	CREWE	\N	\N	\N	04:11:00	\N	\N	UFL	\N	\N	            	\N	\N	\N
5321	107	CREWBHJ	\N	\N	\N	04:13:00	\N	\N	\N	\N	\N	            	\N	 H	\N
5322	107	MADELEY	\N	\N	\N	04:18:30	\N	\N	\N	SL	SL	            	1	2	\N
5323	107	LBRDFJN	\N	\N	\N	04:30:30	\N	\N	\N	\N	\N	            	\N	\N	1
5324	107	STAFFRD	\N	\N	\N	04:34:30	\N	\N	4	SL	SL	            	\N	\N	\N
5325	107	STAFTVJ	\N	\N	\N	04:35:00	\N	\N	\N	\N	\N	            	\N	\N	\N
5326	107	WHHSJN	\N	\N	\N	04:37:30	\N	\N	\N	FL	\N	            	\N	 H	\N
5327	107	COLWICH	\N	\N	\N	04:40:30	\N	\N	\N	FL	FL	            	\N	\N	\N
5328	107	RUGLYNJ	\N	\N	\N	04:42:30	\N	\N	\N	FL	FL	            	\N	\N	1
5329	107	LCHTNJ	\N	\N	\N	04:49:00	\N	\N	\N	FL	FL	            	\N	\N	\N
5330	107	AMNGTNJ	\N	\N	\N	04:55:00	\N	\N	\N	FL	FL	            	\N	1H	\N
5331	107	NNTN	\N	\N	\N	05:06:00	\N	\N	4	FL	FL	            	10	\N	1
5332	107	RUGBTVJ	\N	\N	\N	05:27:30	\N	\N	\N	FL	FL	            	\N	\N	\N
5333	107	RUGBY	\N	\N	\N	05:28:00	\N	\N	4	FL	FL	            	\N	1	\N
5334	107	HMTNJ	\N	\N	\N	05:30:00	\N	\N	\N	\N	\N	            	\N	\N	\N
5335	107	WEEDON	\N	\N	\N	05:38:30	\N	\N	\N	FL	FL	            	10	 H	\N
5336	107	HANSLPJ	\N	\N	\N	05:59:30	\N	\N	\N	SL	FL	            	\N	\N	\N
5337	107	MKNSCEN	\N	\N	\N	06:05:00	\N	\N	1	SL	SL	            	\N	\N	\N
5338	107	DNBGHSJ	\N	\N	\N	06:07:00	\N	\N	\N	\N	\N	            	\N	\N	\N
5339	107	BLTCHLY	\N	\N	\N	06:08:00	\N	\N	4	SL	SL	            	\N	4	\N
5340	107	LEDBRNJ	\N	\N	\N	06:20:00	\N	\N	\N	FL	SL	            	1	\N	\N
5341	107	TRING	\N	\N	\N	06:25:30	\N	\N	2	FL	FL	            	\N	\N	\N
5342	107	BONENDJ	\N	\N	\N	06:30:00	\N	\N	\N	FL	FL	            	\N	 H	1
5343	107	WATFDJ	\N	06:38:00	06:40:00	\N	06:40:00	\N	7	FL	FL	D           	\N	\N	\N
5344	107	HROW	\N	\N	\N	06:45:30	\N	\N	4	FL	FL	            	1	\N	\N
5345	107	WMBY	\N	\N	\N	06:49:00	\N	\N	4	\N	\N	            	\N	\N	\N
5346	107	WLSDWLJ	\N	\N	\N	06:51:00	\N	\N	\N	FL	FL	            	\N	\N	2H
5347	107	CMDNJN	\N	\N	\N	06:56:30	\N	\N	\N	A	\N	            	\N	\N	\N
5348	107	CMDNSTH	\N	\N	\N	06:57:00	\N	\N	\N	\N	\N	            	\N	\N	\N
5349	107	EUSTON	\N	07:00:00	\N	\N	07:15:00	\N	1	\N	\N	TF          	\N	\N	\N
5350	108	IVRNESS	\N	\N	20:45:00	\N	\N	20:45:00	2	\N	\N	TB          	\N	\N	\N
5351	108	MILBRNJ	\N	\N	\N	20:46:30	\N	\N	\N	DH	\N	            	\N	\N	\N
5352	108	CRAHALL	\N	\N	\N	20:48:00	\N	\N	\N	\N	\N	            	\N	\N	\N
5353	108	CULDNMR	\N	\N	\N	20:55:00	\N	\N	\N	\N	\N	            	\N	\N	\N
5354	108	MOYY	\N	\N	\N	21:06:30	\N	\N	\N	\N	\N	X           	\N	\N	\N
5355	108	TOMATIN	\N	\N	\N	21:10:30	\N	\N	\N	\N	\N	            	\N	\N	\N
5356	108	SLOCHD	\N	\N	\N	21:15:00	\N	\N	\N	\N	\N	            	\N	\N	\N
5357	108	CARRBDG	\N	\N	\N	21:20:00	\N	\N	1	\N	\N	            	1	\N	\N
5358	108	AVIEMRE	\N	21:27:00	21:34:00	\N	\N	21:32:00	1	\N	\N	U           	\N	\N	\N
5359	108	KNCRAIG	\N	\N	\N	21:41:00	\N	\N	\N	\N	\N	            	\N	\N	\N
5360	108	KGUSSIE	\N	21:46:00	21:50:00	\N	\N	21:48:00	2	\N	\N	U X         	\N	\N	\N
5361	108	NWTM	\N	21:54:30	21:56:30	\N	\N	21:54:00	1	\N	\N	U           	\N	\N	\N
5362	108	DALWHIN	\N	22:09:00	22:11:00	\N	\N	22:09:00	1	\N	\N	U X         	\N	\N	\N
5363	108	DLNSPDL	\N	\N	\N	22:19:00	\N	\N	\N	\N	\N	            	\N	\N	\N
5364	108	DLNCRDH	\N	\N	\N	22:24:30	\N	\N	\N	\N	\N	            	1	\N	\N
5365	108	BLARATH	\N	22:35:30	22:37:30	\N	\N	22:35:00	1	\N	\N	U           	\N	\N	\N
5366	108	PTLCHRY	\N	22:47:00	22:49:00	\N	\N	22:47:00	1	\N	\N	U           	\N	\N	\N
5367	108	DUNKELD	\N	23:01:30	23:05:30	\N	\N	23:03:00	1	\N	\N	U           	\N	\N	\N
5368	108	STNY	\N	\N	\N	23:15:00	\N	\N	\N	\N	\N	            	1	\N	\N
5369	108	PERTH	\N	23:23:30	23:28:30	\N	\N	23:26:00	4	\N	\N	U           	\N	\N	\N
5370	108	HILTONJ	\N	\N	\N	23:33:00	\N	\N	\N	\N	\N	            	\N	\N	\N
5371	108	HILT4	\N	\N	\N	23:36:00	\N	\N	\N	\N	\N	            	\N	\N	\N
5372	108	AUCHTDR	\N	\N	\N	23:44:00	\N	\N	\N	\N	\N	            	\N	\N	\N
5373	108	GLNEGLS	\N	23:46:00	23:47:30	\N	\N	23:45:00	1	\N	\N	U           	\N	\N	\N
5374	108	BLFD	\N	\N	\N	23:51:30	\N	\N	\N	\N	\N	            	\N	\N	\N
5375	108	GRNLNNG	\N	\N	\N	23:55:30	\N	\N	\N	\N	\N	            	1	\N	\N
5376	108	DUNANE	\N	00:02:00	00:04:00	\N	\N	00:02:00	1	\N	\N	U           	\N	\N	\N
5377	108	STIRLNG	\N	00:11:30	00:13:30	\N	\N	00:11:00	3	\N	\N	U           	\N	\N	\N
5378	108	LARBERJ	\N	\N	\N	00:21:30	\N	\N	\N	\N	\N	            	\N	\N	\N
5379	108	CRMRSEJ	\N	\N	\N	00:22:30	\N	\N	\N	\N	\N	            	1	\N	\N
5380	108	FALKRKG	\N	00:26:30	00:28:00	\N	\N	00:26:00	1	\N	\N	U           	\N	\N	\N
5381	108	GRNGMTJ	\N	\N	\N	00:30:30	\N	\N	\N	\N	\N	            	\N	\N	\N
5382	108	POLMONT	\N	\N	\N	00:33:30	\N	\N	1	\N	\N	            	\N	\N	\N
5383	108	LNLTHGW	\N	\N	\N	00:37:30	\N	\N	1	\N	\N	            	\N	\N	\N
5384	108	WNCBROJ	\N	\N	\N	00:41:30	\N	\N	\N	\N	\N	            	\N	\N	\N
5385	108	NWBG	\N	\N	\N	00:44:30	\N	\N	\N	\N	\N	            	2	\N	\N
5386	108	HAYMRWJ	\N	\N	\N	00:51:00	\N	\N	\N	US	\N	            	\N	\N	\N
5387	108	HAYMRKT	\N	\N	\N	00:52:00	\N	\N	3	US	\N	            	\N	 H	\N
5388	108	PRNCSTG	\N	\N	\N	00:54:00	\N	\N	\N	Z	\N	            	\N	\N	\N
5389	108	EDINBUR	\N	00:56:00	01:24:00	\N	\N	\N	2	Z	Z	-UL         	\N	\N	\N
5390	108	PRNCSTG	2	\N	\N	01:25:30	\N	\N	\N	DS	\N	            	\N	\N	\N
5391	108	HAYMRKT	2	\N	\N	01:27:00	\N	\N	4	\N	\N	            	\N	\N	\N
5392	108	SLATEFD	\N	\N	\N	01:29:00	\N	\N	\N	\N	\N	            	\N	\N	\N
5393	108	MDCLDRJ	\N	\N	\N	01:36:30	\N	\N	\N	\N	\N	            	\N	\N	\N
5394	108	COBB712	\N	\N	\N	01:42:30	\N	\N	\N	\N	\N	            	\N	\N	\N
5395	108	ACHNGRY	\N	\N	\N	01:45:00	\N	\N	\N	\N	\N	            	\N	\N	\N
5396	108	CRSTRSE	\N	\N	\N	01:49:30	\N	\N	\N	\N	\N	            	1	\N	\N
5397	108	CRSTRSS	\N	\N	\N	01:51:30	\N	\N	\N	\N	\N	            	\N	\N	\N
5398	108	ABINGTN	\N	\N	\N	02:06:00	\N	\N	UM	\N	\N	            	\N	\N	\N
5399	108	BEATCKS	\N	\N	\N	02:12:00	\N	\N	UM	\N	\N	            	\N	\N	\N
5400	108	BEATCK	\N	\N	\N	02:19:30	\N	\N	UM	\N	\N	            	\N	\N	\N
5401	108	LCKRBIE	\N	\N	\N	02:30:00	\N	\N	2	\N	\N	            	2	\N	\N
5402	108	KRKP862	\N	\N	\N	02:42:00	\N	\N	\N	\N	\N	            	\N	\N	\N
5403	108	GRETNAJ	\N	\N	\N	02:45:00	\N	\N	\N	\N	\N	            	\N	\N	\N
5404	108	KGMRJCN	\N	\N	\N	02:49:30	\N	\N	\N	\N	\N	            	\N	\N	\N
5405	108	CARLCJN	\N	\N	\N	02:50:30	\N	\N	\N	UML	\N	            	\N	\N	\N
5406	108	CARLILE	\N	02:52:30	02:54:30	\N	\N	\N	4	\N	\N	S           	\N	\N	\N
5407	108	PNTH	\N	\N	\N	03:10:00	\N	\N	1	\N	\N	            	\N	\N	\N
5408	108	EDENVGL	\N	\N	\N	03:13:00	\N	\N	\N	\N	\N	            	\N	\N	\N
5409	108	SHAPSMT	\N	\N	\N	03:20:30	\N	\N	\N	\N	\N	            	\N	\N	\N
5410	108	TEBAY	\N	\N	\N	03:24:30	\N	\N	\N	\N	\N	            	\N	\N	\N
5411	108	GRIGG	\N	\N	\N	03:31:00	\N	\N	\N	\N	\N	            	\N	\N	\N
5412	108	OXENHLM	\N	\N	\N	03:36:30	\N	\N	1	\N	\N	            	1	\N	\N
5413	108	CRNFNJN	\N	\N	\N	03:47:00	\N	\N	\N	\N	\N	            	\N	\N	\N
5414	108	MORCMSJ	\N	\N	\N	03:50:30	\N	\N	\N	\N	\N	            	\N	\N	\N
5415	108	LANCSTR	\N	\N	\N	03:52:00	\N	\N	UFL	\N	\N	            	\N	\N	\N
5416	108	GSTANG	\N	\N	\N	04:01:00	\N	\N	\N	\N	\N	            	2	\N	\N
5417	108	PRSTNFJ	\N	\N	\N	04:12:00	\N	\N	\N	USL	\N	            	\N	\N	\N
5418	108	PRST	\N	04:13:30	04:15:30	\N	04:15:00	\N	3	USL	USL	D           	\N	\N	\N
5419	108	PRSTRJN	\N	\N	\N	04:17:00	\N	\N	\N	FL	\N	            	\N	\N	\N
5420	108	EUXTONJ	\N	\N	\N	04:21:00	\N	\N	\N	\N	\N	            	\N	\N	\N
5421	108	BALSHWL	\N	\N	\N	04:22:30	\N	\N	\N	\N	\N	            	\N	\N	\N
5422	108	WIGANNW	\N	\N	\N	04:28:00	\N	\N	4	\N	\N	            	\N	\N	\N
5423	108	WIGASJN	\N	\N	\N	04:28:30	\N	\N	\N	\N	\N	            	\N	\N	\N
5424	108	SPRBJN	\N	\N	\N	04:29:00	\N	\N	\N	SL	\N	            	\N	\N	\N
5425	108	GOLBRNJ	\N	\N	\N	04:34:00	\N	\N	\N	FL	\N	            	\N	\N	\N
5426	108	WINWCKJ	\N	\N	\N	04:37:30	\N	\N	\N	\N	\N	            	\N	\N	\N
5427	108	DALAMBR	\N	\N	\N	04:40:00	\N	\N	\N	\N	\N	            	\N	\N	\N
5428	108	WRGTNBQ	\N	\N	\N	04:41:30	\N	\N	2	OL	\N	            	\N	\N	\N
5429	108	WRGTWOJ	\N	\N	\N	04:44:00	\N	\N	\N	\N	\N	            	\N	\N	\N
5430	108	ACGJN	\N	\N	\N	04:46:30	\N	\N	\N	FL	\N	            	1	\N	\N
5431	108	WEAVERJ	\N	\N	\N	04:53:30	\N	\N	\N	\N	\N	            	\N	\N	\N
5432	108	ACBG	\N	\N	\N	04:55:30	\N	\N	\N	\N	\N	            	\N	\N	\N
5433	108	HARTFDJ	\N	\N	\N	04:56:30	\N	\N	\N	\N	\N	            	\N	1H	1
5434	108	WNSFD	\N	\N	\N	05:03:00	\N	\N	\N	SL	\N	            	1	\N	\N
5435	108	CREWECY	\N	\N	\N	05:09:30	\N	\N	\N	\N	\N	            	\N	\N	\N
5436	108	CREWE	\N	05:11:00	05:14:00	\N	05:12:00	\N	5	\N	\N	D           	\N	 H	\N
5437	108	CREWBHJ	\N	\N	\N	05:18:00	\N	\N	\N	FL	\N	            	\N	\N	\N
5438	108	MADELEY	\N	\N	\N	05:23:00	\N	\N	\N	FL	FL	            	1	\N	\N
5439	108	NTNB	\N	\N	\N	05:32:00	\N	\N	\N	FL	FL	            	\N	\N	\N
5440	108	STAFFRD	\N	\N	\N	05:37:00	\N	\N	UFL	FL	FL	            	\N	\N	\N
5441	108	STAFFSJ	\N	\N	\N	05:37:30	\N	\N	\N	SL	\N	            	\N	\N	\N
5442	108	STAFTVJ	\N	\N	\N	05:38:00	\N	\N	\N	\N	\N	            	\N	\N	\N
5443	108	PNKRDG	\N	\N	\N	05:42:00	\N	\N	\N	\N	\N	            	1	1	\N
5444	108	BSBYJN	\N	\N	\N	05:51:30	\N	\N	\N	\N	\N	            	\N	\N	\N
5445	108	PBLJWM	\N	\N	\N	05:54:30	\N	\N	\N	\N	\N	            	\N	\N	\N
5446	108	DRLSTNJ	\N	\N	\N	05:57:00	\N	\N	\N	\N	\N	            	\N	\N	\N
5447	108	BSCTSTA	\N	\N	\N	05:58:00	\N	\N	\N	\N	\N	            	1	\N	\N
5448	108	PRYBRNJ	\N	\N	\N	06:02:30	\N	\N	\N	\N	\N	            	\N	\N	\N
5449	108	ASTON	\N	\N	\N	06:04:30	\N	\N	2	\N	\N	            	\N	4	\N
5450	108	STECHFD	\N	\N	\N	06:13:30	\N	\N	\N	\N	\N	            	\N	\N	\N
5451	108	BHAMINT	\N	06:18:30	06:21:00	\N	06:20:00	\N	5	\N	\N	D           	\N	\N	\N
5452	108	BKSWELL	\N	\N	\N	06:26:00	\N	\N	\N	\N	\N	            	1	\N	\N
5453	108	COVNTRY	\N	\N	\N	06:31:00	\N	\N	2	\N	\N	            	1	\N	\N
5454	108	RUGBTVJ	\N	\N	\N	06:40:00	\N	\N	\N	FL	\N	            	\N	\N	\N
5455	108	RUGBY	\N	\N	\N	06:41:00	\N	\N	4	FL	FL	            	\N	\N	\N
5456	108	HMTNJ	\N	\N	\N	06:42:00	\N	\N	\N	\N	\N	            	\N	\N	\N
5457	108	WEEDON	\N	\N	\N	06:50:30	\N	\N	\N	FL	FL	            	\N	\N	\N
5458	108	HANSLPJ	\N	\N	\N	07:00:30	\N	\N	\N	FL	FL	            	\N	\N	\N
5459	108	MKNSCEN	\N	\N	\N	07:05:30	\N	\N	4	FL	FL	            	\N	\N	\N
5460	108	BLTCHLY	\N	\N	\N	07:07:30	\N	\N	2	FL	FL	            	\N	\N	\N
5461	108	LEDBRNJ	\N	\N	\N	07:14:30	\N	\N	\N	FL	FL	            	1	\N	\N
5462	108	TRING	\N	\N	\N	07:20:00	\N	\N	2	FL	FL	            	\N	\N	\N
5463	108	BONENDJ	\N	\N	\N	07:24:30	\N	\N	\N	FL	FL	            	\N	\N	\N
5464	108	WATFDJ	\N	\N	\N	07:30:30	\N	\N	7	FL	FL	            	\N	\N	\N
5465	108	HROW	\N	\N	\N	07:35:00	\N	\N	4	FL	FL	            	1	\N	\N
5466	108	WMBY	\N	\N	\N	07:38:30	\N	\N	4	\N	\N	            	\N	\N	\N
5467	108	WLSDWLJ	\N	\N	\N	07:40:30	\N	\N	\N	FL	FL	            	\N	\N	\N
5468	108	CMDNJN	\N	\N	\N	07:43:30	\N	\N	\N	D	\N	            	\N	\N	\N
5469	108	CMDNSTH	\N	\N	\N	07:44:00	\N	\N	\N	\N	\N	            	\N	\N	\N
5470	108	EUSTON	\N	07:47:00	\N	\N	08:00:00	\N	15	\N	\N	TF          	\N	\N	\N
5471	109	EUSTON	\N	\N	21:15:00	\N	\N	21:15:00	1	X	\N	TBK         	\N	\N	\N
5472	109	CMDNSTH	\N	\N	\N	21:18:00	\N	\N	\N	E	\N	            	\N	\N	\N
5473	109	CMDNJN	\N	\N	\N	21:18:30	\N	\N	\N	FL	\N	            	\N	\N	\N
5474	109	WLSDWLJ	\N	\N	\N	21:21:30	\N	\N	\N	FL	FL	            	\N	\N	\N
5475	109	WMBY	\N	\N	\N	21:23:30	\N	\N	3	\N	\N	            	\N	\N	\N
5476	109	HROW	\N	\N	\N	21:26:00	\N	\N	3	FL	FL	            	\N	\N	\N
5477	109	WATFDJ	\N	\N	\N	21:30:30	\N	\N	6	FL	FL	            	\N	\N	\N
5478	109	BONENDJ	\N	\N	\N	21:36:30	\N	\N	\N	FL	FL	            	\N	\N	\N
5479	109	TRING	\N	\N	\N	21:41:00	\N	\N	1	FL	FL	            	\N	\N	\N
5480	109	LEDBRNJ	\N	\N	\N	21:45:30	\N	\N	\N	FL	FL	            	\N	\N	\N
5481	109	BLTCHLY	\N	\N	\N	21:52:30	\N	\N	1	FL	FL	            	\N	\N	\N
5482	109	MKNSCEN	\N	\N	\N	21:55:00	\N	\N	6	FL	FL	            	1	\N	\N
5483	109	HANSLPJ	\N	\N	\N	22:01:00	\N	\N	\N	FL	FL	            	\N	\N	 H
5484	109	WEEDON	\N	\N	\N	22:11:30	\N	\N	\N	FL	FL	            	1	\N	\N
5485	109	HMTNJ	\N	\N	\N	22:21:00	\N	\N	\N	\N	\N	            	\N	\N	\N
5486	109	RUGBY	\N	\N	\N	22:22:00	\N	\N	DFL	FL	FL	            	\N	\N	\N
5487	109	RUGBTVJ	\N	\N	\N	22:22:30	\N	\N	\N	\N	FL	            	1	 H	\N
5488	109	COVNTRY	\N	\N	\N	22:32:00	\N	\N	3	\N	\N	            	\N	\N	\N
5489	109	BKSWELL	\N	\N	\N	22:36:00	\N	\N	\N	\N	\N	            	\N	1	\N
5490	109	BHAMINT	\N	22:41:30	22:44:30	\N	\N	22:42:00	3	\N	\N	U           	\N	\N	\N
5491	109	STECHFD	\N	\N	\N	22:50:00	\N	\N	\N	\N	\N	            	1	\N	\N
5492	109	ASTON	\N	\N	\N	22:56:00	\N	\N	1	\N	\N	            	\N	\N	\N
5493	109	PRYBRNJ	\N	\N	\N	22:58:30	\N	\N	\N	\N	\N	            	\N	\N	\N
5494	109	BSCTSTA	\N	\N	\N	23:02:00	\N	\N	\N	\N	\N	            	1	\N	\N
5495	109	DRLSTNJ	\N	\N	\N	23:04:00	\N	\N	\N	\N	\N	            	\N	\N	\N
5496	109	PBLJWM	\N	\N	\N	23:06:30	\N	\N	\N	\N	\N	            	\N	\N	\N
5497	109	BSBYJN	\N	\N	\N	23:09:00	\N	\N	\N	\N	\N	            	\N	\N	\N
5498	109	PNKRDG	\N	\N	\N	23:17:00	\N	\N	\N	\N	\N	            	1	\N	\N
5499	109	STAFTVJ	\N	\N	\N	23:22:00	\N	\N	\N	SL	\N	            	\N	\N	\N
5500	109	STAFFRD	\N	\N	\N	23:22:30	\N	\N	5	SL	SL	            	\N	\N	\N
5501	109	SLIGHTJ	\N	\N	\N	23:27:00	\N	\N	\N	\N	\N	            	\N	\N	\N
5502	109	MADELEY	\N	\N	\N	23:35:00	\N	\N	\N	SL	SL	            	1	2	 H
5503	109	CREWBHJ	\N	\N	\N	23:43:30	\N	\N	\N	\N	\N	            	\N	1H	\N
5504	109	CREWE	\N	23:47:00	23:50:00	\N	\N	23:45:00	6	\N	\N	U K         	\N	\N	\N
5505	109	CREWECY	\N	\N	\N	23:51:30	\N	\N	\N	\N	\N	            	\N	\N	\N
5506	109	WNSFD	\N	\N	\N	23:57:30	\N	\N	\N	FL	\N	            	\N	\N	\N
5507	109	HARTFDJ	\N	\N	\N	00:01:00	\N	\N	\N	\N	\N	            	\N	\N	\N
5508	109	ACBG	\N	\N	\N	00:02:30	\N	\N	\N	\N	\N	            	\N	\N	\N
5509	109	WEAVERJ	\N	\N	\N	00:04:00	\N	\N	\N	\N	\N	            	\N	\N	\N
5510	109	ACGJN	\N	\N	\N	00:11:30	\N	\N	\N	OL	\N	            	\N	\N	\N
5511	109	WRGTWOJ	\N	\N	\N	00:14:00	\N	\N	\N	\N	\N	            	\N	\N	\N
5512	109	WRGTNBQ	\N	\N	\N	00:17:00	\N	\N	3	FL	\N	            	\N	\N	\N
5513	109	DALAMBR	\N	\N	\N	00:18:00	\N	\N	\N	\N	\N	            	\N	\N	\N
5514	109	WINWCKJ	\N	\N	\N	00:20:30	\N	\N	\N	\N	\N	            	\N	\N	\N
5515	109	GOLBRNJ	\N	\N	\N	00:24:00	\N	\N	\N	SL	\N	            	\N	\N	\N
5516	109	SPRBJN	\N	\N	\N	00:28:00	\N	\N	\N	FL	\N	            	\N	\N	\N
5517	109	WIGASJN	\N	\N	\N	00:28:30	\N	\N	\N	\N	\N	            	\N	\N	\N
5518	109	WIGANNW	\N	\N	\N	00:29:00	\N	\N	5	\N	\N	            	\N	 H	1
5519	109	BALSHWL	\N	\N	\N	00:36:00	\N	\N	\N	\N	\N	            	1	\N	\N
5520	109	EUXTONJ	\N	\N	\N	00:38:30	\N	\N	\N	\N	\N	            	1	2	\N
5521	109	PRSTRJN	\N	\N	\N	00:46:00	\N	\N	\N	DSL	\N	            	\N	\N	 H
5522	109	PRST	\N	00:48:00	00:58:00	\N	\N	00:30:00	3	DSL	DSL	U K         	\N	\N	\N
5523	109	PRSTNFJ	\N	\N	\N	00:59:30	\N	\N	\N	\N	\N	            	\N	\N	\N
5524	109	BBGHGL	\N	\N	\N	01:03:30	\N	\N	\N	\N	\N	            	\N	\N	\N
5525	109	GSTANG	\N	\N	\N	01:07:00	\N	\N	\N	\N	\N	            	\N	\N	\N
5526	109	LANCSTR	\N	\N	\N	01:16:30	\N	\N	DFL	\N	\N	            	\N	\N	\N
5527	109	MORCMSJ	\N	\N	\N	01:18:00	\N	\N	\N	\N	\N	            	\N	\N	\N
5528	109	CRNFNJN	\N	\N	\N	01:21:00	\N	\N	\N	\N	\N	            	\N	\N	\N
5529	109	OXENHLM	\N	\N	\N	01:31:00	\N	\N	2	\N	\N	            	\N	\N	\N
5530	109	GRIGG	\N	\N	\N	01:36:30	\N	\N	\N	\N	\N	            	1	\N	\N
5531	109	TEBAY	\N	\N	\N	01:42:00	\N	\N	\N	\N	\N	            	\N	\N	\N
5532	109	SHAPSMT	\N	\N	\N	01:46:00	\N	\N	\N	\N	\N	            	\N	\N	\N
5533	109	SHAPHNS	\N	\N	\N	01:49:00	\N	\N	\N	\N	\N	            	\N	 H	\N
5534	109	PNTH	\N	\N	\N	01:58:00	\N	\N	2	\N	\N	            	2	\N	1
5535	109	CARLILE	\N	02:15:30	02:18:30	\N	\N	\N	3	DML	\N	S           	\N	\N	\N
5536	109	CARLCJN	\N	\N	\N	02:20:30	\N	\N	\N	\N	\N	            	\N	\N	\N
5537	109	KGMRJCN	\N	\N	\N	02:22:00	\N	\N	\N	\N	\N	            	\N	\N	\N
5538	109	FLORSTN	\N	\N	\N	02:25:00	\N	\N	\N	\N	\N	            	\N	\N	\N
5539	109	GRETNAJ	\N	\N	\N	02:27:00	\N	\N	\N	\N	\N	            	\N	\N	\N
5540	109	KRKP863	\N	\N	\N	02:30:00	\N	\N	\N	\N	\N	            	\N	\N	\N
5541	109	LCKRBIE	\N	\N	\N	02:39:30	\N	\N	1	\N	\N	            	\N	\N	\N
5542	109	BEATCK	\N	\N	\N	02:50:30	\N	\N	DM	\N	\N	            	\N	\N	1
5543	109	BEATCKS	\N	\N	\N	02:59:30	\N	\N	DM	\N	\N	            	\N	 H	\N
5544	109	ABINGTN	\N	\N	\N	03:06:00	\N	\N	DM	\N	\N	            	2	\N	\N
5545	109	CRSTRSS	\N	\N	\N	03:20:00	\N	\N	\N	\N	\N	            	\N	\N	\N
5546	109	CRSTRSE	\N	\N	\N	03:21:00	\N	\N	\N	\N	\N	            	\N	\N	\N
5547	109	ACHNGRY	\N	\N	\N	03:25:30	\N	\N	\N	\N	\N	            	\N	\N	\N
5548	109	COBB713	\N	\N	\N	03:28:00	\N	\N	\N	\N	\N	            	\N	\N	\N
5549	109	MDCLDRJ	\N	\N	\N	03:34:00	\N	\N	\N	\N	\N	            	1	\N	\N
5550	109	SLATEFD	\N	\N	\N	03:42:00	\N	\N	\N	\N	\N	            	\N	\N	\N
5551	109	HAYMRKT	\N	\N	\N	03:44:00	\N	\N	3	US	\N	            	\N	\N	\N
5552	109	PRNCSTG	\N	\N	\N	03:45:30	\N	\N	\N	Z	\N	            	\N	\N	\N
5553	109	EDINBUR	\N	03:47:00	04:20:00	\N	\N	\N	2	Z	Z	L -D        	\N	\N	\N
5554	109	PRNCSTG	2	\N	\N	04:21:30	\N	\N	\N	DS	\N	            	\N	\N	\N
5555	109	HAYMRKT	2	\N	\N	04:23:00	\N	\N	4	DS	\N	            	\N	\N	\N
5556	109	HAYMRWJ	\N	\N	\N	04:24:30	\N	\N	\N	\N	DS	            	\N	\N	\N
5557	109	NWBG	\N	\N	\N	04:31:00	\N	\N	\N	\N	\N	            	\N	\N	\N
5558	109	WNCBROJ	\N	\N	\N	04:34:30	\N	\N	\N	\N	\N	            	\N	\N	\N
5559	109	LNLTHGW	\N	\N	\N	04:38:30	\N	\N	2	\N	\N	            	\N	\N	\N
5560	109	POLMONT	\N	\N	\N	04:44:00	\N	\N	2	\N	\N	            	\N	\N	\N
5561	109	GRNGMTJ	\N	\N	\N	04:47:00	\N	\N	\N	\N	\N	            	1	\N	\N
5562	109	CRMRSEJ	\N	\N	\N	04:50:30	\N	\N	\N	\N	\N	            	\N	\N	\N
5563	109	LARBERJ	\N	\N	\N	04:51:30	\N	\N	\N	\N	\N	            	\N	\N	\N
5564	109	STIRLNG	\N	04:58:30	05:00:00	\N	04:59:00	\N	2	\N	\N	D           	\N	\N	\N
5565	109	DUNANE	\N	05:08:00	05:09:30	\N	05:08:00	\N	2	\N	\N	D           	\N	\N	\N
5566	109	DUNA43	\N	\N	\N	05:13:00	\N	\N	\N	\N	\N	            	1	\N	\N
5567	109	GRNLNNG	\N	\N	\N	05:17:30	\N	\N	\N	\N	\N	            	\N	\N	\N
5568	109	BLFD	\N	\N	\N	05:21:30	\N	\N	\N	\N	\N	            	\N	\N	\N
5569	109	GLNEGLS	\N	05:23:30	05:25:00	\N	05:24:00	\N	2	\N	\N	D           	\N	\N	\N
5570	109	AUCHTDR	\N	\N	\N	05:27:30	\N	\N	\N	\N	\N	            	\N	\N	\N
5571	109	HILT19	\N	\N	\N	05:34:30	\N	\N	\N	\N	\N	            	1	\N	\N
5572	109	HILTONJ	\N	\N	\N	05:38:30	\N	\N	\N	\N	\N	            	\N	\N	\N
5573	109	PERTH	\N	05:42:00	05:43:30	\N	05:42:00	\N	7	\N	\N	D           	\N	\N	\N
5574	109	STNY	\N	\N	\N	05:53:00	\N	\N	\N	\N	\N	            	\N	\N	\N
5575	109	DUNKELD	\N	06:02:00	06:03:30	\N	06:02:00	\N	1	\N	\N	D           	\N	\N	\N
5576	109	PTLCHRY	\N	06:16:00	06:17:30	\N	06:16:00	\N	1	\N	\N	D           	\N	\N	\N
5577	109	BLARATH	\N	06:28:00	06:29:30	\N	06:28:00	\N	2	\N	\N	D           	\N	\N	\N
5578	109	DLNCRDH	\N	\N	\N	06:41:30	\N	\N	\N	\N	\N	            	\N	\N	\N
5579	109	DLNSPDL	\N	\N	\N	06:49:30	\N	\N	\N	\N	\N	            	1	\N	\N
5580	109	DALWHIN	\N	06:59:00	07:00:30	\N	06:59:00	\N	2	\N	\N	D           	\N	\N	\N
5581	109	NWTM	\N	07:10:30	07:12:00	\N	07:11:00	\N	1	\N	\N	D           	\N	\N	\N
5582	109	KGUSSIE	\N	07:16:00	07:17:30	\N	07:16:00	07:17:00	1	\N	\N	T           	\N	\N	\N
5583	109	KNCRAIG	\N	07:25:00	07:31:00	\N	\N	\N	\N	\N	\N	A X         	1	\N	\N
5584	109	AVIEMRE	\N	07:38:30	07:43:00	\N	07:39:00	07:43:00	1	\N	\N	T           	\N	\N	\N
5585	109	CARRBDG	\N	07:53:00	07:54:30	\N	07:53:00	07:54:00	1	\N	\N	T           	\N	\N	\N
5586	109	SLOCHD	\N	\N	\N	08:02:30	\N	\N	\N	\N	\N	            	\N	\N	\N
5587	109	TOMATIN	\N	08:08:00	08:16:00	\N	\N	\N	\N	\N	\N	X A         	\N	\N	\N
5588	109	MOYY	\N	\N	\N	08:20:30	\N	\N	\N	\N	\N	            	\N	\N	\N
5589	109	CULDNMR	\N	\N	\N	08:27:00	\N	\N	\N	\N	\N	            	1	\N	\N
5590	109	CRAHALL	\N	\N	\N	08:32:00	\N	\N	\N	DH	\N	            	\N	\N	\N
5591	109	MILBRNJ	\N	\N	\N	08:33:00	\N	\N	\N	\N	DH	            	\N	\N	\N
5592	109	IVRNESS	\N	08:35:00	\N	\N	08:45:00	\N	2	\N	\N	TF          	\N	\N	\N
5593	110	EDINBUR	\N	\N	04:28:00	\N	\N	04:28:00	2	Z	\N	TBN         	\N	\N	\N
5594	110	PRNCSTG	\N	\N	\N	04:29:30	\N	\N	\N	DS	\N	            	\N	\N	\N
5595	110	HAYMRKT	\N	\N	\N	04:31:00	\N	\N	4	DS	\N	            	\N	\N	\N
5596	110	HAYMRWJ	\N	\N	\N	04:32:30	\N	\N	\N	\N	DS	            	\N	\N	\N
5597	110	NWBG	\N	\N	\N	04:39:00	\N	\N	\N	\N	\N	            	\N	\N	\N
5598	110	WNCBROJ	\N	\N	\N	04:42:30	\N	\N	\N	\N	\N	            	\N	\N	\N
5599	110	LNLTHGW	\N	\N	\N	04:47:00	\N	\N	2	\N	\N	            	\N	\N	\N
5600	110	POLMONT	\N	\N	\N	04:52:00	\N	\N	2	\N	\N	            	\N	\N	\N
5601	110	GRNGMTJ	\N	\N	\N	04:55:30	\N	\N	\N	\N	\N	            	1	\N	\N
5602	110	CRMRSEJ	\N	\N	\N	04:59:30	\N	\N	\N	\N	\N	            	\N	\N	\N
5603	110	LARBERJ	\N	\N	\N	05:00:30	\N	\N	\N	\N	\N	            	\N	\N	\N
5604	110	STIRLNG	\N	\N	\N	05:07:30	\N	\N	2	\N	\N	            	\N	4	\N
5605	110	DUNANE	\N	\N	\N	05:18:00	\N	\N	2	\N	\N	            	1	\N	\N
5606	110	DUNA43	\N	\N	\N	05:22:00	\N	\N	\N	\N	\N	            	\N	\N	\N
5607	110	GRNLNNG	\N	\N	\N	05:25:30	\N	\N	\N	\N	\N	            	\N	1	\N
5608	110	BLFD	\N	\N	\N	05:30:30	\N	\N	\N	\N	\N	            	\N	\N	\N
5609	110	AUCHTDR	\N	\N	\N	05:34:30	\N	\N	\N	\N	\N	            	\N	\N	\N
5610	110	HILT19	\N	\N	\N	05:41:30	\N	\N	\N	\N	\N	            	1	\N	\N
5611	110	HILTONJ	\N	\N	\N	05:45:30	\N	\N	\N	\N	\N	            	\N	\N	\N
5612	110	PERTH	\N	\N	\N	05:49:30	\N	\N	2	\N	\N	            	\N	\N	\N
5613	110	BHLP	\N	\N	\N	05:52:30	\N	\N	\N	\N	\N	            	\N	\N	\N
5614	110	ERROLLC	\N	\N	\N	06:01:00	\N	\N	\N	\N	\N	            	\N	\N	\N
5615	110	LFGNLC	\N	\N	\N	06:05:00	\N	\N	\N	\N	\N	            	\N	\N	\N
5616	110	DUND697	\N	\N	\N	06:06:00	\N	\N	\N	\N	\N	            	\N	\N	\N
5617	110	DUNDCJ	\N	\N	\N	06:09:00	\N	\N	\N	\N	\N	            	\N	\N	\N
5618	110	DUNDETB	\N	06:10:00	06:12:00	\N	06:11:00	\N	4	\N	\N	D           	\N	\N	\N
5619	110	CMPRDNJ	\N	\N	\N	06:14:30	\N	\N	\N	\N	\N	            	\N	\N	\N
5620	110	BRFRY	\N	\N	\N	06:19:00	\N	\N	2	\N	\N	            	\N	\N	\N
5621	110	CNST	\N	06:24:30	06:26:30	\N	06:26:00	\N	2	\N	\N	D           	\N	\N	\N
5622	110	ARBROTH	\N	06:32:00	06:34:00	\N	06:33:00	\N	2	\N	\N	D           	\N	\N	\N
5623	110	INVKLOR	\N	\N	\N	06:40:30	\N	\N	\N	\N	\N	            	\N	\N	\N
5624	110	USAN	\N	\N	\N	06:45:30	\N	\N	\N	\N	\N	            	\N	\N	\N
5625	110	MONTRSE	\N	06:48:30	06:50:30	\N	06:50:00	\N	2	\N	\N	D           	1	\N	\N
5626	110	CRAIGO	\N	\N	\N	06:56:30	\N	\N	\N	\N	\N	            	\N	\N	\N
5627	110	LRNCKRK	\N	\N	\N	07:01:30	\N	\N	\N	\N	\N	            	\N	\N	\N
5628	110	CAARMNT	\N	\N	\N	07:08:00	\N	\N	\N	\N	\N	            	\N	\N	\N
5629	110	SHVN	\N	07:13:30	07:15:30	\N	07:15:00	\N	2	\N	\N	D           	\N	\N	\N
5630	110	ABRD223	\N	\N	\N	07:21:30	\N	\N	\N	\N	\N	            	\N	\N	\N
5631	110	ABRD229	\N	\N	\N	07:25:00	\N	\N	\N	\N	\N	            	\N	\N	\N
5632	110	ABRD55	\N	\N	\N	07:28:30	\N	\N	\N	\N	\N	            	\N	\N	\N
5633	110	CRGISTH	\N	\N	\N	07:29:30	\N	\N	\N	\N	\N	            	1	\N	\N
5634	110	ABRDFJN	\N	\N	\N	07:32:00	\N	\N	\N	\N	\N	            	\N	\N	\N
5635	110	ABRDEEN	\N	07:34:00	\N	\N	07:50:00	\N	6S	\N	\N	TF          	\N	\N	\N
5636	111	EDINBUR	\N	\N	04:50:00	\N	\N	04:50:00	2	Z	\N	TB          	\N	\N	\N
5637	111	PRNCSTG	\N	\N	\N	04:51:30	\N	\N	\N	DS	\N	            	\N	\N	\N
5638	111	HAYMRKT	\N	\N	\N	04:53:00	\N	\N	4	DS	\N	            	\N	\N	\N
5639	111	HAYMRWJ	\N	\N	\N	04:55:00	\N	\N	\N	\N	DS	            	\N	\N	\N
5640	111	NWBG	\N	\N	\N	05:01:00	\N	\N	\N	\N	\N	            	\N	\N	\N
5641	111	UPHALL	\N	\N	\N	05:06:00	\N	\N	\N	\N	\N	            	\N	\N	\N
5642	111	BTHGATE	\N	\N	\N	05:12:00	\N	\N	2	\N	\N	            	\N	\N	\N
5643	111	AIRDRIE	\N	\N	\N	05:26:00	\N	\N	2	\N	\N	            	\N	\N	\N
5644	111	COATBDS	\N	\N	\N	05:29:30	\N	\N	\N	\N	\N	            	\N	\N	\N
5645	111	SHTLSTN	\N	\N	\N	05:36:30	\N	\N	\N	\N	\N	            	\N	\N	\N
5646	111	BLGRVE	\N	\N	\N	05:41:30	\N	\N	1	\N	\N	            	\N	\N	\N
5647	111	GLGQLL	\N	05:47:00	05:48:30	\N	\N	05:48:00	8	\N	\N	U           	\N	\N	\N
5648	111	FNSTNEJ	\N	\N	\N	05:54:00	\N	\N	\N	\N	\N	            	\N	\N	\N
5649	111	HYNDLEJ	\N	\N	\N	05:57:00	\N	\N	\N	\N	\N	            	\N	\N	\N
5650	111	ANSL	\N	\N	\N	05:58:00	\N	\N	2	\N	\N	            	\N	\N	\N
5651	111	WESTRTN	\N	\N	\N	06:00:30	\N	\N	2	\N	\N	            	\N	\N	\N
5652	111	DALMUIR	\N	06:04:30	06:06:00	\N	06:05:00	06:06:00	1	\N	\N	T           	\N	\N	\N
5653	111	DMBRTNC	\N	06:15:30	06:17:00	\N	06:16:00	06:17:00	2	\N	\N	T           	\N	\N	\N
5654	111	DLREOCH	\N	\N	\N	06:18:30	\N	\N	\N	\N	\N	            	\N	\N	\N
5655	111	CRGDRNJ	\N	\N	\N	06:26:30	\N	\N	\N	\N	\N	            	\N	\N	\N
5656	111	HLNSBRU	\N	06:30:30	06:33:30	\N	06:31:00	06:33:00	1	\N	\N	T           	\N	\N	\N
5657	111	GRLCHHD	\N	06:45:30	06:47:00	\N	06:46:00	06:47:00	2	\N	\N	T           	\N	\N	\N
5658	111	GLDL	\N	\N	\N	07:00:00	\N	\N	\N	\N	\N	            	\N	\N	\N
5659	111	ARCHRAT	\N	07:08:00	07:09:30	\N	07:08:00	07:09:00	2	\N	\N	T X         	\N	\N	\N
5660	111	ARDLUI	\N	07:23:30	07:25:00	\N	07:24:00	07:25:00	2	\N	\N	R           	\N	\N	\N
5661	111	CRNLRCH	\N	07:45:00	07:48:00	\N	07:45:00	07:48:00	2	\N	\N	T           	\N	\N	\N
5662	111	TYNDRMU	\N	07:59:00	08:02:00	\N	07:59:00	08:02:00	2	\N	\N	T           	\N	\N	\N
5663	111	BOORCHY	\N	08:16:30	08:18:30	\N	08:17:00	08:18:00	2	\N	\N	T           	\N	\N	\N
5664	111	RANNOCH	\N	08:43:30	08:45:00	\N	08:44:00	08:45:00	1	\N	\N	T X         	\N	\N	\N
5665	111	CORROUR	\N	08:58:00	09:00:00	\N	08:58:00	09:00:00	1	\N	\N	T           	\N	\N	\N
5666	111	TULLOCH	\N	09:19:00	09:21:00	\N	09:19:00	09:21:00	2	\N	\N	T X         	\N	\N	\N
5667	111	ROYBDGE	\N	09:31:30	09:31:30	\N	09:31:00	09:31:00	1	\N	\N	R           	\N	\N	\N
5668	111	SPEANBD	\N	09:38:00	09:39:30	\N	09:38:00	09:39:00	1	\N	\N	T           	\N	\N	\N
5669	111	FRTWJN	\N	\N	\N	09:51:30	\N	\N	\N	\N	\N	            	\N	\N	\N
5670	111	FRTWLM	\N	09:55:00	\N	\N	10:00:00	\N	1	\N	\N	TF          	\N	\N	\N
5671	112	HTRWTM5	\N	\N	23:12:00	\N	\N	23:12:00	3	\N	\N	TB          	\N	\N	\N
5672	112	HTRWAPT	\N	23:15:30	23:19:00	\N	23:16:00	23:19:00	2	\N	\N	T           	\N	\N	\N
5673	112	HTRWTJN	\N	\N	\N	23:22:00	\N	\N	\N	\N	\N	            	\N	\N	\N
5674	112	STKYJN	\N	\N	\N	23:22:30	\N	\N	\N	RL	\N	            	\N	\N	\N
5675	112	HTRWAJN	\N	\N	\N	23:23:00	\N	\N	\N	RL	\N	            	\N	\N	\N
5676	112	STHALL	\N	\N	\N	23:24:30	\N	\N	4	RL	\N	            	\N	\N	\N
5677	112	WEALING	\N	\N	\N	23:26:30	\N	\N	4	RL	\N	            	\N	 H	\N
5678	112	ACTONW	\N	\N	\N	23:28:00	\N	\N	\N	RL	RL	            	1	1H	\N
5679	112	LDBRKJ	\N	\N	\N	23:33:30	\N	\N	\N	6	RL	            	\N	\N	\N
5680	112	PRTOBJP	\N	\N	\N	23:34:00	\N	\N	\N	5	\N	            	\N	\N	\N
5681	112	ROYAOJN	\N	\N	\N	23:35:00	\N	\N	\N	6	\N	            	\N	\N	\N
5682	112	PADTON	\N	23:36:00	\N	\N	23:36:00	\N	10	\N	\N	TF          	\N	\N	\N
5683	114	FRTWLM	\N	\N	19:50:00	\N	\N	19:50:00	2	\N	\N	TB          	\N	\N	\N
5684	114	FRTWJN	\N	\N	\N	19:53:00	\N	\N	\N	\N	\N	            	\N	\N	\N
5685	114	SPEANBD	\N	20:07:00	20:10:00	\N	20:07:00	20:09:00	2	\N	\N	T X         	\N	\N	\N
5686	114	ROYBDGE	\N	20:17:00	20:17:00	\N	20:17:00	20:17:00	1	\N	\N	R           	\N	\N	\N
5687	114	TULLOCH	\N	20:28:00	20:30:00	\N	20:28:00	20:29:00	1	\N	\N	T           	\N	\N	\N
5688	114	CORROUR	\N	20:51:00	20:53:00	\N	20:51:00	20:52:00	1	\N	\N	T           	\N	1	\N
5689	114	RANNOCH	\N	21:06:00	21:09:00	\N	21:06:00	21:08:00	2	\N	\N	T X         	\N	\N	\N
5690	114	BOORCHY	\N	21:35:00	21:37:00	\N	21:35:00	21:36:00	1	\N	\N	T           	\N	\N	\N
5691	114	TYNDRMU	\N	21:52:00	21:55:00	\N	21:52:00	21:54:00	1	\N	\N	T           	\N	\N	\N
5692	114	CRNLRCH	\N	22:07:00	22:09:00	\N	22:07:00	22:08:00	1	\N	\N	T           	\N	\N	\N
5693	114	ARDLUI	\N	22:27:30	22:29:00	\N	22:28:00	22:28:00	1	\N	\N	R           	\N	\N	\N
5694	114	ARCHRAT	\N	22:44:00	22:45:30	\N	22:44:00	22:44:00	1	\N	\N	T           	\N	\N	\N
5695	114	GLDL	\N	\N	\N	22:55:30	\N	\N	\N	\N	\N	            	\N	\N	\N
5696	114	GRLCHHD	\N	23:09:30	23:11:00	\N	23:10:00	23:10:00	1	\N	\N	T           	\N	\N	\N
5697	114	HLNSBRU	\N	23:23:00	23:24:30	\N	23:23:00	23:23:00	1	\N	\N	T           	\N	\N	\N
5698	114	CRGDRNJ	\N	\N	\N	23:28:30	\N	\N	\N	\N	\N	            	\N	\N	\N
5699	114	DLREOCH	\N	\N	\N	23:36:30	\N	\N	\N	\N	\N	            	\N	\N	\N
5700	114	DMBRTNC	\N	23:38:00	23:39:30	\N	23:38:00	23:38:00	1	\N	\N	T           	\N	\N	\N
5701	114	DALMUIR	\N	23:50:00	23:53:30	\N	23:50:00	23:51:00	2	\N	\N	T           	\N	\N	\N
5702	114	WESTRTN	\N	\N	\N	23:59:30	\N	\N	2	\N	\N	            	\N	\N	\N
5703	114	MRYHILL	\N	\N	\N	00:02:00	\N	\N	\N	\N	\N	            	\N	\N	\N
5704	114	CWLRSNJ	\N	\N	\N	00:05:30	\N	\N	\N	\N	\N	            	\N	\N	\N
5705	114	CWLRSEJ	\N	\N	\N	00:07:00	\N	\N	\N	UEG	\N	            	\N	\N	\N
5706	114	BSHB	\N	\N	\N	00:09:30	\N	\N	\N	\N	\N	            	\N	\N	\N
5707	114	LENZIE	\N	\N	\N	00:13:00	\N	\N	\N	\N	\N	            	\N	\N	\N
5708	114	CROY	\N	\N	\N	00:17:00	\N	\N	1	\N	\N	            	\N	\N	\N
5709	114	GNHLUJN	\N	\N	\N	00:21:00	\N	\N	\N	\N	\N	            	\N	\N	\N
5710	114	FALKRKH	\N	\N	\N	00:24:00	\N	\N	1	\N	\N	            	\N	\N	\N
5711	114	POLMONT	\N	\N	\N	00:26:00	\N	\N	1	\N	\N	            	\N	\N	\N
5712	114	LNLTHGW	\N	\N	\N	00:29:30	\N	\N	1	\N	\N	            	\N	 H	\N
5713	114	WNCBROJ	\N	\N	\N	00:34:00	\N	\N	\N	\N	\N	            	\N	 H	\N
5714	114	NWBG	\N	\N	\N	00:37:30	\N	\N	\N	\N	\N	            	2	1	\N
5715	114	HAYMRWJ	\N	\N	\N	00:45:00	\N	\N	\N	US	\N	            	\N	2	\N
5716	114	HAYMRKT	\N	\N	\N	00:48:00	\N	\N	3	US	\N	            	\N	\N	\N
5717	114	PRNCSTG	\N	\N	\N	00:49:30	\N	\N	\N	W	\N	            	\N	\N	\N
5718	114	EDINBUR	\N	\N	\N	00:51:30	\N	\N	10	SL	W	            	\N	\N	\N
5719	114	EDIN815	\N	00:53:00	00:55:00	\N	\N	\N	\N	\N	\N	PRRM        	\N	\N	\N
5720	114	EDINBUR	2	00:57:00	\N	\N	01:08:00	\N	7	\N	SL	TFPR        	\N	\N	\N
5721	115	ABRDEEN	\N	\N	20:26:00	\N	\N	20:26:00	3	\N	\N	TB          	\N	\N	\N
5722	115	ABRDFJN	\N	\N	\N	20:27:00	\N	\N	\N	\N	\N	            	\N	\N	\N
5723	115	CRGISTH	\N	\N	\N	20:28:30	\N	\N	\N	\N	\N	            	\N	\N	\N
5724	115	ABRD56	\N	\N	\N	20:29:00	\N	\N	\N	\N	\N	            	\N	\N	\N
5725	115	ABRD230	\N	\N	\N	20:31:30	\N	\N	\N	\N	\N	            	\N	\N	\N
5726	115	ABRD222	\N	\N	\N	20:37:00	\N	\N	\N	\N	\N	            	\N	\N	\N
5727	115	SHVN	\N	20:43:00	20:45:00	\N	\N	20:43:00	1	\N	\N	U           	\N	\N	\N
5728	115	CAARMNT	\N	\N	\N	20:52:00	\N	\N	\N	\N	\N	            	\N	\N	\N
5729	115	LRNCKRK	\N	\N	\N	20:58:30	\N	\N	\N	\N	\N	            	\N	\N	\N
5730	115	CRAIGO	\N	\N	\N	21:03:00	\N	\N	\N	\N	\N	            	\N	\N	\N
5731	115	MONTRSE	\N	21:07:00	21:08:30	\N	\N	21:06:00	1	\N	\N	U           	\N	\N	\N
5732	115	USAN	\N	\N	\N	21:12:30	\N	\N	\N	\N	\N	            	\N	\N	\N
5733	115	INVKLOR	\N	\N	\N	21:17:30	\N	\N	\N	\N	\N	            	\N	\N	\N
5734	115	ARBROTH	\N	21:23:30	21:25:00	\N	\N	21:23:00	1	\N	\N	U           	\N	\N	\N
5735	115	CNST	\N	21:31:30	21:33:00	\N	\N	21:31:00	1	\N	\N	U           	\N	\N	\N
5736	115	BRFRY	\N	\N	\N	21:40:00	\N	\N	1	\N	\N	            	1	\N	\N
5737	115	CMPRDNJ	\N	\N	\N	21:43:30	\N	\N	\N	\N	\N	            	\N	\N	\N
5738	115	DUNDETB	\N	21:46:00	21:56:00	\N	\N	21:54:00	1	\N	\N	U           	\N	\N	\N
5739	115	DUNDCJ	\N	\N	\N	21:57:00	\N	\N	\N	\N	\N	            	\N	\N	\N
5740	115	TAYBDGS	\N	\N	\N	22:06:00	\N	\N	\N	\N	\N	            	\N	\N	\N
5741	115	SFORT26	\N	\N	\N	22:08:30	\N	\N	\N	\N	\N	            	\N	\N	\N
5742	115	LEUCHRS	\N	22:12:00	22:14:30	\N	\N	22:12:00	1	\N	\N	U           	\N	\N	\N
5743	115	CUPAR	\N	\N	\N	22:22:00	\N	\N	1	\N	\N	            	\N	\N	\N
5744	115	LADYBNK	\N	\N	\N	22:27:00	\N	\N	1	\N	\N	            	1	1H	\N
5745	115	THRNTNJ	\N	\N	\N	22:39:30	\N	\N	\N	\N	\N	            	\N	\N	\N
5746	115	GLNRTHS	\N	\N	\N	22:41:30	\N	\N	2	\N	\N	            	\N	\N	\N
5747	115	CWDNBTH	\N	\N	\N	22:54:30	\N	\N	1	\N	\N	            	\N	\N	\N
5748	115	DNFRMLE	\N	\N	\N	23:02:30	\N	\N	1	\N	\N	            	\N	\N	\N
5749	115	IVRKTHG	\N	23:08:00	23:11:00	\N	\N	23:09:00	1	\N	\N	U           	\N	\N	\N
5750	115	DLMYJN	\N	\N	\N	23:17:30	\N	\N	\N	\N	\N	            	1	3	\N
5751	115	HAYMRWJ	\N	\N	\N	23:27:00	\N	\N	\N	UN	\N	            	\N	 H	\N
5752	115	HAYMRKT	\N	\N	\N	23:28:30	\N	\N	1	UN	\N	            	\N	1	\N
5753	115	PRNCSTG	\N	\N	\N	23:31:00	\N	\N	\N	X	\N	            	\N	\N	\N
5754	115	EDINBUR	\N	23:33:00	\N	\N	23:33:00	\N	7	\N	X	TFN         	\N	\N	\N
5755	116	EDINBUR	\N	\N	23:42:00	\N	\N	23:40:00	11	W	\N	TB          	\N	 H	\N
5756	116	PRNCSTG	\N	\N	\N	23:44:00	\N	\N	\N	DS	\N	            	\N	1	\N
5757	116	HAYMRKT	\N	\N	\N	23:46:30	\N	\N	4	\N	\N	            	\N	\N	\N
5758	116	SLATEFD	\N	\N	\N	23:49:00	\N	\N	\N	\N	\N	            	\N	\N	\N
5759	116	MDCLDRJ	\N	\N	\N	23:56:00	\N	\N	\N	\N	\N	            	\N	\N	\N
5760	116	COBB712	\N	\N	\N	00:02:00	\N	\N	\N	\N	\N	            	\N	\N	\N
5761	116	ACHNGRY	\N	\N	\N	00:04:30	\N	\N	\N	\N	\N	            	\N	\N	\N
5762	116	CRSTRSE	\N	\N	\N	00:09:00	\N	\N	\N	\N	\N	            	\N	\N	\N
5763	116	CRSTUPL	\N	00:11:30	00:19:30	\N	\N	\N	\N	\N	\N	A PRRM      	\N	\N	\N
5764	116	CRSTRS	\N	00:21:00	\N	\N	00:21:00	\N	2	\N	\N	TFN PR      	\N	\N	\N
5765	117	GLGC	\N	\N	23:40:00	\N	\N	23:40:00	1	A1	\N	TB          	\N	\N	\N
5766	117	GLGCBSJ	\N	\N	\N	23:42:00	\N	\N	\N	1U	\N	            	\N	\N	\N
5767	117	EGLNSTJ	\N	\N	\N	23:43:00	\N	\N	\N	UF	\N	            	\N	\N	\N
5768	117	LRKFLDJ	\N	\N	\N	23:44:30	\N	\N	\N	FL	\N	            	\N	\N	\N
5769	117	SHFD	\N	\N	\N	23:45:30	\N	\N	\N	\N	\N	            	\N	\N	\N
5770	117	RTHGNEJ	\N	\N	\N	23:46:30	\N	\N	\N	\N	\N	            	\N	\N	\N
5771	117	NWTLWJ	\N	\N	\N	23:48:00	\N	\N	\N	\N	\N	            	\N	\N	\N
5772	117	NWTLEJ	\N	\N	\N	23:49:00	\N	\N	\N	\N	\N	            	\N	\N	\N
5773	117	UDNGTNJ	\N	\N	\N	23:50:00	\N	\N	\N	\N	\N	            	\N	\N	\N
5774	117	MOTHRWL	\N	23:54:00	23:58:00	\N	\N	23:55:00	1	\N	\N	U           	\N	\N	\N
5775	117	SHILDMR	\N	\N	\N	00:01:00	\N	\N	2	\N	\N	            	\N	2H	\N
5776	117	LAWJ	\N	\N	\N	00:06:30	\N	\N	\N	\N	\N	            	\N	\N	\N
5777	117	LANARKJ	\N	\N	\N	00:12:30	\N	\N	\N	\N	\N	            	1	 H	\N
5778	117	CRSTRSN	\N	\N	\N	00:16:30	\N	\N	\N	PL	\N	            	\N	\N	\N
5779	117	CRSTRS	\N	00:18:00	00:40:00	\N	\N	00:25:00	2	\N	\N	U -U        	\N	\N	\N
5780	117	CRSTRSS	\N	\N	\N	00:41:30	\N	\N	\N	\N	\N	            	\N	\N	\N
5781	117	ABINGTN	\N	\N	\N	00:54:30	\N	\N	UM	\N	\N	            	\N	\N	1
5782	117	BEATCKS	\N	\N	\N	01:01:30	\N	\N	UM	\N	\N	            	\N	\N	\N
5783	117	BEATCK	\N	\N	\N	01:09:00	\N	\N	UM	\N	\N	            	\N	\N	\N
5784	117	LCKRBIE	\N	\N	\N	01:19:30	\N	\N	2	\N	\N	            	2	\N	\N
5785	117	KRKP862	\N	\N	\N	01:31:30	\N	\N	\N	\N	\N	            	\N	\N	\N
5786	117	GRETNAJ	\N	\N	\N	01:34:30	\N	\N	\N	\N	\N	            	\N	1	\N
5787	117	KGMRJCN	\N	\N	\N	01:40:00	\N	\N	\N	\N	\N	            	\N	\N	\N
5788	117	CARLCJN	\N	\N	\N	01:41:00	\N	\N	\N	UML	\N	            	\N	\N	\N
5789	117	CARLILE	\N	01:43:00	01:45:00	\N	\N	01:45:00	4	\N	\N	U           	\N	\N	\N
5790	117	PNTH	\N	\N	\N	02:00:30	\N	\N	1	\N	\N	            	\N	\N	\N
5791	117	EDENVGL	\N	\N	\N	02:03:30	\N	\N	\N	\N	\N	            	\N	\N	\N
5792	117	SHAPSMT	\N	\N	\N	02:11:00	\N	\N	\N	\N	\N	            	\N	\N	1
5793	117	TEBAY	\N	\N	\N	02:16:00	\N	\N	\N	\N	\N	            	\N	\N	\N
5794	117	GRIGG	\N	\N	\N	02:22:30	\N	\N	\N	\N	\N	            	\N	\N	\N
5795	117	OXENHLM	\N	\N	\N	02:28:00	\N	\N	1	\N	\N	            	1	\N	\N
5796	117	CRNFNJN	\N	\N	\N	02:38:30	\N	\N	\N	\N	\N	            	\N	\N	\N
5797	117	MORCMSJ	\N	\N	\N	02:42:00	\N	\N	\N	\N	\N	            	\N	\N	1
5798	117	LANCSTR	\N	\N	\N	02:44:30	\N	\N	UFL	\N	\N	            	\N	\N	\N
5799	117	GSTANG	\N	\N	\N	02:53:30	\N	\N	\N	\N	\N	            	2	\N	\N
5800	117	PRSTNFJ	\N	\N	\N	03:04:30	\N	\N	\N	DFL	\N	            	\N	\N	\N
5801	117	PRST	\N	03:06:00	03:15:00	\N	\N	\N	3	DFL	DFL	C A         	\N	\N	\N
5802	117	PRSTRJN	\N	\N	\N	03:16:30	\N	\N	\N	FL	\N	            	\N	\N	\N
5803	117	EUXTONJ	\N	\N	\N	03:20:30	\N	\N	\N	\N	\N	            	\N	\N	\N
5804	117	BALSHWL	\N	\N	\N	03:22:00	\N	\N	\N	\N	\N	            	\N	\N	\N
5805	117	WIGANNW	\N	\N	\N	03:27:30	\N	\N	4	\N	\N	            	\N	\N	\N
5806	117	WIGASJN	\N	\N	\N	03:28:00	\N	\N	\N	\N	\N	            	\N	\N	\N
5807	117	SPRBJN	\N	\N	\N	03:29:00	\N	\N	\N	SL	\N	            	\N	\N	\N
5808	117	GOLBRNJ	\N	\N	\N	03:34:00	\N	\N	\N	FL	\N	            	\N	\N	\N
5809	117	WINWCKJ	\N	\N	\N	03:37:30	\N	\N	\N	\N	\N	            	\N	\N	\N
5810	117	DALAMBR	\N	\N	\N	03:40:00	\N	\N	\N	\N	\N	            	\N	\N	\N
5811	117	WRGTNBQ	\N	\N	\N	03:41:30	\N	\N	2	OL	\N	            	\N	\N	\N
5812	117	WRGTWOJ	\N	\N	\N	03:44:00	\N	\N	\N	\N	\N	            	\N	\N	\N
5813	117	ACGJN	\N	\N	\N	03:46:30	\N	\N	\N	FL	\N	            	1	\N	\N
5814	117	WEAVERJ	\N	\N	\N	03:53:30	\N	\N	\N	\N	\N	            	\N	\N	\N
5815	117	ACBG	\N	\N	\N	03:55:30	\N	\N	\N	\N	\N	            	\N	\N	\N
5816	117	HARTFDJ	\N	\N	\N	03:56:30	\N	\N	\N	\N	\N	            	\N	\N	1
5817	117	WNSFD	\N	\N	\N	04:01:30	\N	\N	\N	SL	\N	            	1	\N	\N
5818	117	CREWECY	\N	\N	\N	04:08:00	\N	\N	\N	\N	\N	            	\N	\N	\N
5819	117	CREWE	\N	\N	\N	04:11:00	\N	\N	UFL	\N	\N	            	\N	\N	\N
5820	117	CREWBHJ	\N	\N	\N	04:13:00	\N	\N	\N	\N	\N	            	\N	 H	\N
5821	117	MADELEY	\N	\N	\N	04:18:30	\N	\N	\N	SL	SL	            	1	2	\N
5822	117	LBRDFJN	\N	\N	\N	04:30:30	\N	\N	\N	\N	\N	            	\N	\N	1
5823	117	STAFFRD	\N	\N	\N	04:34:30	\N	\N	4	SL	SL	            	\N	\N	\N
5824	117	STAFTVJ	\N	\N	\N	04:35:00	\N	\N	\N	\N	\N	            	\N	\N	\N
5825	117	WHHSJN	\N	\N	\N	04:37:30	\N	\N	\N	FL	\N	            	\N	 H	\N
5826	117	COLWICH	\N	\N	\N	04:40:30	\N	\N	\N	FL	FL	            	\N	\N	\N
5827	117	RUGLYNJ	\N	\N	\N	04:42:30	\N	\N	\N	FL	FL	            	\N	\N	1
5828	117	LCHTNJ	\N	\N	\N	04:49:00	\N	\N	\N	FL	FL	            	\N	\N	\N
5829	117	AMNGTNJ	\N	\N	\N	04:55:00	\N	\N	\N	FL	FL	            	\N	1H	\N
5830	117	NNTN	\N	\N	\N	05:06:00	\N	\N	4	FL	FL	            	10	\N	1
5831	117	RUGBNBJ	\N	\N	\N	05:27:30	\N	\N	\N	SL	\N	            	\N	\N	\N
5832	117	RUGBTVJ	\N	\N	\N	05:28:30	\N	\N	\N	UNL	SL	            	\N	\N	\N
5833	117	RUGBY	\N	\N	\N	05:30:30	\N	\N	5	UNL	UNL	            	\N	\N	\N
5834	117	HMTNJ	\N	\N	\N	05:31:30	\N	\N	\N	\N	\N	            	\N	\N	\N
5835	117	DVNTYNJ	\N	\N	\N	05:33:30	\N	\N	\N	\N	\N	            	\N	\N	\N
5836	117	LNGBKBY	\N	\N	\N	05:38:00	\N	\N	\N	\N	\N	            	1	\N	\N
5837	117	NMPTN	\N	\N	\N	05:47:30	\N	\N	UML	\N	\N	            	\N	\N	\N
5838	117	CTENHLJ	\N	\N	\N	05:52:30	\N	\N	\N	\N	\N	            	\N	\N	2
5839	117	HANSLPJ	\N	\N	\N	05:59:30	\N	\N	\N	SL	\N	            	\N	\N	\N
5840	117	MKNSCEN	\N	\N	\N	06:05:00	\N	\N	1	SL	SL	            	\N	\N	\N
5841	117	DNBGHSJ	\N	\N	\N	06:07:00	\N	\N	\N	\N	\N	            	\N	\N	\N
5842	117	BLTCHLY	\N	\N	\N	06:08:00	\N	\N	4	SL	SL	            	\N	4	\N
5843	117	LEDBRNJ	\N	\N	\N	06:20:00	\N	\N	\N	FL	SL	            	1	\N	\N
5844	117	TRING	\N	\N	\N	06:25:30	\N	\N	2	FL	FL	            	\N	\N	\N
5845	117	BONENDJ	\N	\N	\N	06:30:00	\N	\N	\N	FL	FL	            	\N	 H	1
5846	117	WATFDJ	\N	06:38:00	06:40:00	\N	06:40:00	\N	7	FL	FL	D           	\N	\N	\N
5847	117	HROW	\N	\N	\N	06:45:30	\N	\N	4	FL	FL	            	1	\N	\N
5848	117	WMBY	\N	\N	\N	06:49:00	\N	\N	4	\N	\N	            	\N	\N	\N
5849	117	WLSDWLJ	\N	\N	\N	06:51:00	\N	\N	\N	FL	FL	            	\N	\N	2H
5850	117	CMDNJN	\N	\N	\N	06:56:30	\N	\N	\N	A	\N	            	\N	\N	\N
5851	117	CMDNSTH	\N	\N	\N	06:57:00	\N	\N	\N	\N	\N	            	\N	\N	\N
5852	117	EUSTON	\N	07:00:00	\N	\N	07:15:00	\N	1	\N	\N	TF          	\N	\N	\N
5853	118	IVRNESS	\N	\N	20:45:00	\N	\N	20:45:00	2	\N	\N	TB          	\N	\N	\N
5854	118	MILBRNJ	\N	\N	\N	20:46:30	\N	\N	\N	DH	\N	            	\N	\N	\N
5855	118	CRAHALL	\N	\N	\N	20:48:00	\N	\N	\N	\N	\N	            	\N	\N	\N
5856	118	CULDNMR	\N	\N	\N	20:55:00	\N	\N	\N	\N	\N	            	\N	\N	\N
5857	118	MOYY	\N	\N	\N	21:06:30	\N	\N	\N	\N	\N	X           	\N	\N	\N
5858	118	TOMATIN	\N	\N	\N	21:10:30	\N	\N	\N	\N	\N	            	\N	\N	\N
5859	118	SLOCHD	\N	\N	\N	21:15:00	\N	\N	\N	\N	\N	            	\N	\N	\N
5860	118	CARRBDG	\N	\N	\N	21:20:00	\N	\N	1	\N	\N	            	1	\N	\N
5861	118	AVIEMRE	\N	21:27:00	21:34:00	\N	\N	21:32:00	1	\N	\N	U           	\N	\N	\N
5862	118	KNCRAIG	\N	\N	\N	21:41:00	\N	\N	\N	\N	\N	            	\N	\N	\N
5863	118	KGUSSIE	\N	21:46:00	21:50:00	\N	\N	21:48:00	2	\N	\N	U X         	\N	\N	\N
5864	118	NWTM	\N	21:54:30	21:56:30	\N	\N	21:54:00	1	\N	\N	U           	\N	\N	\N
5865	118	DALWHIN	\N	22:09:00	22:11:00	\N	\N	22:09:00	1	\N	\N	U X         	\N	\N	\N
5866	118	DLNSPDL	\N	\N	\N	22:19:00	\N	\N	\N	\N	\N	            	\N	\N	\N
5867	118	DLNCRDH	\N	\N	\N	22:24:30	\N	\N	\N	\N	\N	            	1	\N	\N
5868	118	BLARATH	\N	22:35:30	22:37:30	\N	\N	22:35:00	1	\N	\N	U           	\N	\N	\N
5869	118	PTLCHRY	\N	22:47:00	22:49:00	\N	\N	22:47:00	1	\N	\N	U           	\N	\N	\N
5870	118	DUNKELD	\N	23:01:30	23:05:30	\N	\N	23:03:00	1	\N	\N	U           	\N	\N	\N
5871	118	STNY	\N	\N	\N	23:15:00	\N	\N	\N	\N	\N	            	1	\N	\N
5872	118	PERTH	\N	23:23:30	23:28:30	\N	\N	23:26:00	4	\N	\N	U           	\N	\N	\N
5873	118	HILTONJ	\N	\N	\N	23:33:00	\N	\N	\N	\N	\N	            	\N	\N	\N
5874	118	HILT4	\N	\N	\N	23:36:00	\N	\N	\N	\N	\N	            	\N	\N	\N
5875	118	AUCHTDR	\N	\N	\N	23:44:00	\N	\N	\N	\N	\N	            	\N	\N	\N
5876	118	GLNEGLS	\N	23:46:00	23:47:30	\N	\N	23:45:00	1	\N	\N	U           	\N	\N	\N
5877	118	BLFD	\N	\N	\N	23:51:30	\N	\N	\N	\N	\N	            	\N	\N	\N
5878	118	GRNLNNG	\N	\N	\N	23:55:30	\N	\N	\N	\N	\N	            	1	\N	\N
5879	118	DUNANE	\N	00:02:00	00:04:00	\N	\N	00:02:00	1	\N	\N	U           	\N	\N	\N
5880	118	STIRLNG	\N	00:11:30	00:13:30	\N	\N	00:11:00	3	\N	\N	U           	\N	\N	\N
5881	118	LARBERJ	\N	\N	\N	00:21:30	\N	\N	\N	\N	\N	            	\N	\N	\N
5882	118	CRMRSEJ	\N	\N	\N	00:22:30	\N	\N	\N	\N	\N	            	1	\N	\N
5883	118	FALKRKG	\N	00:26:30	00:28:00	\N	\N	00:26:00	1	\N	\N	U           	\N	\N	\N
5884	118	GRNGMTJ	\N	\N	\N	00:30:30	\N	\N	\N	\N	\N	            	\N	\N	\N
5885	118	POLMONT	\N	\N	\N	00:33:30	\N	\N	1	\N	\N	            	\N	\N	\N
5886	118	LNLTHGW	\N	\N	\N	00:37:30	\N	\N	1	\N	\N	            	\N	\N	\N
5887	118	WNCBROJ	\N	\N	\N	00:41:30	\N	\N	\N	\N	\N	            	\N	\N	\N
5888	118	NWBG	\N	\N	\N	00:44:30	\N	\N	\N	\N	\N	            	2	\N	\N
5889	118	HAYMRWJ	\N	\N	\N	00:51:00	\N	\N	\N	US	\N	            	\N	\N	\N
5890	118	HAYMRKT	\N	\N	\N	00:52:00	\N	\N	3	US	\N	            	\N	 H	\N
5891	118	PRNCSTG	\N	\N	\N	00:54:00	\N	\N	\N	X	\N	            	\N	\N	\N
5892	118	EDINBUR	\N	00:56:00	01:24:00	\N	\N	\N	7	W	X	-UL         	\N	\N	\N
5893	118	PRNCSTG	2	\N	\N	01:25:30	\N	\N	\N	DS	\N	            	\N	\N	\N
5894	118	HAYMRKT	2	\N	\N	01:27:00	\N	\N	4	\N	\N	            	\N	\N	\N
5895	118	SLATEFD	\N	\N	\N	01:29:00	\N	\N	\N	\N	\N	            	\N	\N	\N
5896	118	MDCLDRJ	\N	\N	\N	01:36:30	\N	\N	\N	\N	\N	            	\N	\N	\N
5897	118	COBB712	\N	\N	\N	01:42:30	\N	\N	\N	\N	\N	            	\N	\N	\N
5898	118	ACHNGRY	\N	\N	\N	01:45:00	\N	\N	\N	\N	\N	            	\N	\N	\N
5899	118	CRSTRSE	\N	\N	\N	01:49:30	\N	\N	\N	\N	\N	            	1	\N	\N
5900	118	CRSTRSS	\N	\N	\N	01:51:30	\N	\N	\N	\N	\N	            	\N	\N	\N
5901	118	ABINGTN	\N	\N	\N	02:06:00	\N	\N	UM	\N	\N	            	\N	\N	\N
5902	118	BEATCKS	\N	\N	\N	02:12:00	\N	\N	UM	\N	\N	            	\N	\N	\N
5903	118	BEATCK	\N	\N	\N	02:19:30	\N	\N	UM	\N	\N	            	\N	\N	\N
5904	118	LCKRBIE	\N	\N	\N	02:30:00	\N	\N	2	\N	\N	            	2	\N	\N
5905	118	KRKP862	\N	\N	\N	02:42:00	\N	\N	\N	\N	\N	            	\N	\N	\N
5906	118	GRETNAJ	\N	\N	\N	02:45:00	\N	\N	\N	\N	\N	            	\N	\N	\N
5907	118	KGMRJCN	\N	\N	\N	02:49:30	\N	\N	\N	\N	\N	            	\N	\N	\N
5908	118	CARLCJN	\N	\N	\N	02:50:30	\N	\N	\N	UML	\N	            	\N	\N	\N
5909	118	CARLILE	\N	02:52:30	02:54:30	\N	\N	\N	4	\N	\N	S           	\N	\N	\N
5910	118	PNTH	\N	\N	\N	03:10:00	\N	\N	1	\N	\N	            	\N	\N	\N
5911	118	EDENVGL	\N	\N	\N	03:13:00	\N	\N	\N	\N	\N	            	\N	\N	\N
5912	118	SHAPSMT	\N	\N	\N	03:20:30	\N	\N	\N	\N	\N	            	\N	\N	\N
5913	118	TEBAY	\N	\N	\N	03:24:30	\N	\N	\N	\N	\N	            	\N	\N	\N
5914	118	GRIGG	\N	\N	\N	03:31:00	\N	\N	\N	\N	\N	            	\N	\N	\N
5915	118	OXENHLM	\N	\N	\N	03:36:30	\N	\N	1	\N	\N	            	1	\N	\N
5916	118	CRNFNJN	\N	\N	\N	03:47:00	\N	\N	\N	\N	\N	            	\N	\N	\N
5917	118	MORCMSJ	\N	\N	\N	03:50:30	\N	\N	\N	\N	\N	            	\N	\N	\N
5918	118	LANCSTR	\N	\N	\N	03:52:00	\N	\N	UFL	\N	\N	            	\N	\N	\N
5919	118	GSTANG	\N	\N	\N	04:01:00	\N	\N	\N	\N	\N	            	2	\N	\N
5920	118	PRSTNFJ	\N	\N	\N	04:12:00	\N	\N	\N	UFL	\N	            	\N	\N	\N
5921	118	PRST	\N	04:13:30	04:15:30	\N	04:15:00	\N	4	UFL	UFL	D           	\N	\N	\N
5922	118	PRSTRJN	\N	\N	\N	04:17:00	\N	\N	\N	FL	\N	            	\N	\N	\N
5923	118	EUXTONJ	\N	\N	\N	04:21:00	\N	\N	\N	\N	\N	            	\N	\N	\N
5924	118	BALSHWL	\N	\N	\N	04:22:30	\N	\N	\N	\N	\N	            	\N	\N	\N
5925	118	WIGANNW	\N	\N	\N	04:28:00	\N	\N	4	\N	\N	            	\N	\N	\N
5926	118	WIGASJN	\N	\N	\N	04:28:30	\N	\N	\N	\N	\N	            	\N	\N	\N
5927	118	SPRBJN	\N	\N	\N	04:29:00	\N	\N	\N	SL	\N	            	\N	\N	\N
5928	118	GOLBRNJ	\N	\N	\N	04:34:00	\N	\N	\N	FL	\N	            	\N	\N	\N
5929	118	WINWCKJ	\N	\N	\N	04:37:30	\N	\N	\N	\N	\N	            	\N	\N	\N
5930	118	DALAMBR	\N	\N	\N	04:40:00	\N	\N	\N	\N	\N	            	\N	\N	\N
5931	118	WRGTNBQ	\N	\N	\N	04:41:30	\N	\N	2	OL	\N	            	\N	\N	\N
5932	118	WRGTWOJ	\N	\N	\N	04:44:00	\N	\N	\N	\N	\N	            	\N	\N	\N
5933	118	ACGJN	\N	\N	\N	04:46:30	\N	\N	\N	FL	\N	            	1	\N	\N
5934	118	WEAVERJ	\N	\N	\N	04:53:30	\N	\N	\N	\N	\N	            	\N	\N	\N
5935	118	ACBG	\N	\N	\N	04:55:30	\N	\N	\N	\N	\N	            	\N	\N	\N
5936	118	HARTFDJ	\N	\N	\N	04:56:30	\N	\N	\N	\N	\N	            	\N	1H	1
5937	118	WNSFD	\N	\N	\N	05:03:00	\N	\N	\N	SL	\N	            	1	\N	\N
5938	118	CREWECY	\N	\N	\N	05:09:30	\N	\N	\N	\N	\N	            	\N	\N	\N
5939	118	CREWE	\N	05:11:00	05:14:00	\N	05:12:00	\N	5	\N	\N	D           	\N	 H	\N
5940	118	CREWBHJ	\N	\N	\N	05:18:00	\N	\N	\N	FL	\N	            	\N	\N	\N
5941	118	MADELEY	\N	\N	\N	05:23:00	\N	\N	\N	FL	FL	            	1	\N	\N
5942	118	NTNB	\N	\N	\N	05:32:00	\N	\N	\N	FL	FL	            	\N	\N	\N
5943	118	STAFFRD	\N	\N	\N	05:37:00	\N	\N	UFL	FL	FL	            	\N	\N	\N
5944	118	STAFFSJ	\N	\N	\N	05:37:30	\N	\N	\N	SL	\N	            	\N	\N	\N
5945	118	STAFTVJ	\N	\N	\N	05:38:00	\N	\N	\N	\N	\N	            	\N	\N	\N
5946	118	PNKRDG	\N	\N	\N	05:42:00	\N	\N	\N	\N	\N	            	1	1	\N
5947	118	BSBYJN	\N	\N	\N	05:51:30	\N	\N	\N	\N	\N	            	\N	\N	\N
5948	118	PBLJWM	\N	\N	\N	05:54:30	\N	\N	\N	\N	\N	            	\N	\N	\N
5949	118	DRLSTNJ	\N	\N	\N	05:57:00	\N	\N	\N	\N	\N	            	\N	\N	\N
5950	118	BSCTSTA	\N	\N	\N	05:58:00	\N	\N	\N	\N	\N	            	1	\N	\N
5951	118	PRYBRNJ	\N	\N	\N	06:02:30	\N	\N	\N	\N	\N	            	\N	\N	\N
5952	118	ASTON	\N	\N	\N	06:04:30	\N	\N	2	\N	\N	            	\N	4	\N
5953	118	STECHFD	\N	\N	\N	06:13:30	\N	\N	\N	\N	\N	            	\N	\N	\N
5954	118	BHAMINT	\N	06:18:30	06:21:00	\N	06:20:00	\N	5	\N	\N	D           	\N	\N	\N
5955	118	BKSWELL	\N	\N	\N	06:26:00	\N	\N	\N	\N	\N	            	1	\N	\N
5956	118	COVNTRY	\N	\N	\N	06:31:00	\N	\N	2	\N	\N	            	1	\N	\N
5957	118	RUGBTVJ	\N	\N	\N	06:40:00	\N	\N	\N	FL	\N	            	\N	\N	\N
5958	118	RUGBY	\N	\N	\N	06:41:00	\N	\N	4	FL	FL	            	\N	\N	\N
5959	118	HMTNJ	\N	\N	\N	06:42:00	\N	\N	\N	\N	\N	            	\N	\N	\N
5960	118	WEEDON	\N	\N	\N	06:50:30	\N	\N	\N	FL	FL	            	\N	\N	\N
5961	118	HANSLPJ	\N	\N	\N	07:00:30	\N	\N	\N	FL	FL	            	\N	\N	\N
5962	118	MKNSCEN	\N	\N	\N	07:05:30	\N	\N	4	FL	FL	            	\N	\N	\N
5963	118	BLTCHLY	\N	\N	\N	07:07:30	\N	\N	2	FL	FL	            	\N	\N	\N
5964	118	LEDBRNJ	\N	\N	\N	07:14:30	\N	\N	\N	FL	FL	            	1	\N	\N
5965	118	TRING	\N	\N	\N	07:20:00	\N	\N	2	FL	FL	            	\N	\N	\N
5966	118	BONENDJ	\N	\N	\N	07:24:30	\N	\N	\N	FL	FL	            	\N	\N	\N
5967	118	WATFDJ	\N	\N	\N	07:30:30	\N	\N	7	FL	FL	            	\N	\N	\N
5968	118	HROW	\N	\N	\N	07:35:00	\N	\N	4	FL	FL	            	1	\N	\N
5969	118	WMBY	\N	\N	\N	07:38:30	\N	\N	4	\N	\N	            	\N	\N	\N
5970	118	WLSDWLJ	\N	\N	\N	07:40:30	\N	\N	\N	FL	FL	            	\N	\N	\N
5971	118	CMDNJN	\N	\N	\N	07:43:30	\N	\N	\N	D	\N	            	\N	\N	\N
5972	118	CMDNSTH	\N	\N	\N	07:44:00	\N	\N	\N	\N	\N	            	\N	\N	\N
5973	118	EUSTON	\N	07:47:00	\N	\N	08:00:00	\N	15	\N	\N	TF          	\N	\N	\N
5974	119	EUSTON	\N	\N	21:15:00	\N	\N	21:15:00	1	X	\N	TBK         	\N	\N	\N
5975	119	CMDNSTH	\N	\N	\N	21:18:00	\N	\N	\N	E	\N	            	\N	\N	\N
5976	119	CMDNJN	\N	\N	\N	21:18:30	\N	\N	\N	FL	\N	            	\N	\N	\N
5977	119	WLSDWLJ	\N	\N	\N	21:21:30	\N	\N	\N	FL	FL	            	\N	\N	\N
5978	119	WMBY	\N	\N	\N	21:23:30	\N	\N	3	\N	\N	            	\N	\N	\N
5979	119	HROW	\N	\N	\N	21:26:00	\N	\N	3	FL	FL	            	\N	\N	\N
5980	119	WATFDJ	\N	\N	\N	21:30:30	\N	\N	6	FL	FL	            	\N	\N	\N
5981	119	BONENDJ	\N	\N	\N	21:36:30	\N	\N	\N	FL	FL	            	\N	\N	\N
5982	119	TRING	\N	\N	\N	21:41:00	\N	\N	1	FL	FL	            	\N	\N	\N
5983	119	LEDBRNJ	\N	\N	\N	21:45:30	\N	\N	\N	FL	FL	            	\N	\N	\N
5984	119	BLTCHLY	\N	\N	\N	21:52:30	\N	\N	1	FL	FL	            	\N	\N	\N
5985	119	MKNSCEN	\N	\N	\N	21:55:00	\N	\N	6	FL	FL	            	1	\N	\N
5986	119	HANSLPJ	\N	\N	\N	22:01:00	\N	\N	\N	FL	FL	            	\N	\N	 H
5987	119	WEEDON	\N	\N	\N	22:11:30	\N	\N	\N	FL	FL	            	1	\N	\N
5988	119	HMTNJ	\N	\N	\N	22:21:00	\N	\N	\N	\N	\N	            	\N	\N	\N
5989	119	RUGBY	\N	\N	\N	22:22:00	\N	\N	DFL	FL	FL	            	\N	\N	\N
5990	119	RUGBTVJ	\N	\N	\N	22:22:30	\N	\N	\N	\N	FL	            	1	 H	\N
5991	119	COVNTRY	\N	\N	\N	22:32:00	\N	\N	3	\N	\N	            	\N	\N	\N
5992	119	BKSWELL	\N	\N	\N	22:36:00	\N	\N	\N	\N	\N	            	\N	1	\N
5993	119	BHAMINT	\N	22:41:30	22:44:30	\N	\N	22:42:00	3	\N	\N	U           	\N	\N	\N
5994	119	STECHFD	\N	\N	\N	22:50:00	\N	\N	\N	\N	\N	            	1	\N	\N
5995	119	ASTON	\N	\N	\N	22:56:00	\N	\N	1	\N	\N	            	\N	\N	\N
5996	119	PRYBRNJ	\N	\N	\N	22:58:30	\N	\N	\N	\N	\N	            	\N	\N	\N
5997	119	BSCTSTA	\N	\N	\N	23:02:00	\N	\N	\N	\N	\N	            	1	\N	\N
5998	119	DRLSTNJ	\N	\N	\N	23:04:00	\N	\N	\N	\N	\N	            	\N	\N	\N
5999	119	PBLJWM	\N	\N	\N	23:06:30	\N	\N	\N	\N	\N	            	\N	\N	\N
6000	119	BSBYJN	\N	\N	\N	23:09:00	\N	\N	\N	\N	\N	            	\N	\N	\N
6001	119	PNKRDG	\N	\N	\N	23:17:00	\N	\N	\N	\N	\N	            	1	\N	\N
6002	119	STAFTVJ	\N	\N	\N	23:22:00	\N	\N	\N	SL	\N	            	\N	\N	\N
6003	119	STAFFRD	\N	\N	\N	23:22:30	\N	\N	5	SL	SL	            	\N	\N	\N
6004	119	SLIGHTJ	\N	\N	\N	23:27:00	\N	\N	\N	\N	\N	            	\N	\N	\N
6005	119	MADELEY	\N	\N	\N	23:35:00	\N	\N	\N	SL	SL	            	1	2	 H
6006	119	CREWBHJ	\N	\N	\N	23:43:30	\N	\N	\N	\N	\N	            	\N	1H	\N
6007	119	CREWE	\N	23:47:00	23:50:00	\N	\N	23:45:00	6	\N	\N	U K         	\N	\N	\N
6008	119	CREWECY	\N	\N	\N	23:51:30	\N	\N	\N	\N	\N	            	\N	\N	\N
6009	119	WNSFD	\N	\N	\N	23:57:30	\N	\N	\N	FL	\N	            	\N	\N	\N
6010	119	HARTFDJ	\N	\N	\N	00:01:00	\N	\N	\N	\N	\N	            	\N	\N	\N
6011	119	ACBG	\N	\N	\N	00:02:30	\N	\N	\N	\N	\N	            	\N	\N	\N
6012	119	WEAVERJ	\N	\N	\N	00:04:00	\N	\N	\N	\N	\N	            	\N	\N	\N
6013	119	ACGJN	\N	\N	\N	00:11:30	\N	\N	\N	OL	\N	            	\N	\N	\N
6014	119	WRGTWOJ	\N	\N	\N	00:14:00	\N	\N	\N	\N	\N	            	\N	\N	\N
6015	119	WRGTNBQ	\N	\N	\N	00:17:00	\N	\N	3	FL	\N	            	\N	\N	\N
6016	119	DALAMBR	\N	\N	\N	00:18:00	\N	\N	\N	\N	\N	            	\N	\N	\N
6017	119	WINWCKJ	\N	\N	\N	00:20:30	\N	\N	\N	\N	\N	            	\N	\N	\N
6018	119	GOLBRNJ	\N	\N	\N	00:24:00	\N	\N	\N	SL	\N	            	\N	\N	\N
6019	119	SPRBJN	\N	\N	\N	00:28:00	\N	\N	\N	FL	\N	            	\N	\N	\N
6020	119	WIGASJN	\N	\N	\N	00:28:30	\N	\N	\N	\N	\N	            	\N	\N	\N
6021	119	WIGANNW	\N	\N	\N	00:29:00	\N	\N	5	\N	\N	            	\N	 H	1
6022	119	BALSHWL	\N	\N	\N	00:36:00	\N	\N	\N	\N	\N	            	1	\N	\N
6023	119	EUXTONJ	\N	\N	\N	00:38:30	\N	\N	\N	\N	\N	            	1	2	\N
6024	119	PRSTRJN	\N	\N	\N	00:46:00	\N	\N	\N	DFL	\N	            	\N	\N	 H
6025	119	PRST	\N	00:48:00	00:58:00	\N	\N	00:30:00	4	UFL	DFL	U K         	\N	\N	\N
6026	119	PRSTNFJ	\N	\N	\N	00:59:30	\N	\N	\N	\N	\N	            	\N	\N	\N
6027	119	BBGHGL	\N	\N	\N	01:03:30	\N	\N	\N	\N	\N	            	\N	\N	\N
6028	119	GSTANG	\N	\N	\N	01:07:00	\N	\N	\N	\N	\N	            	\N	\N	\N
6029	119	LANCSTR	\N	\N	\N	01:16:30	\N	\N	DFL	\N	\N	            	\N	\N	\N
6030	119	MORCMSJ	\N	\N	\N	01:18:00	\N	\N	\N	\N	\N	            	\N	\N	\N
6031	119	CRNFNJN	\N	\N	\N	01:21:00	\N	\N	\N	\N	\N	            	\N	\N	\N
6032	119	OXENHLM	\N	\N	\N	01:31:00	\N	\N	2	\N	\N	            	\N	\N	\N
6033	119	GRIGG	\N	\N	\N	01:36:30	\N	\N	\N	\N	\N	            	1	\N	\N
6034	119	TEBAY	\N	\N	\N	01:42:00	\N	\N	\N	\N	\N	            	\N	\N	\N
6035	119	SHAPSMT	\N	\N	\N	01:46:00	\N	\N	\N	\N	\N	            	\N	\N	\N
6036	119	SHAPHNS	\N	\N	\N	01:49:00	\N	\N	\N	\N	\N	            	\N	 H	\N
6037	119	PNTH	\N	\N	\N	01:58:00	\N	\N	2	\N	\N	            	2	\N	1
6038	119	CARLILE	\N	02:15:30	02:18:30	\N	\N	\N	3	DML	\N	S           	\N	\N	\N
6039	119	CARLCJN	\N	\N	\N	02:20:30	\N	\N	\N	\N	\N	            	\N	\N	\N
6040	119	KGMRJCN	\N	\N	\N	02:22:00	\N	\N	\N	\N	\N	            	\N	\N	\N
6041	119	FLORSTN	\N	\N	\N	02:25:00	\N	\N	\N	\N	\N	            	\N	\N	\N
6042	119	GRETNAJ	\N	\N	\N	02:27:00	\N	\N	\N	\N	\N	            	\N	\N	\N
6043	119	KRKP863	\N	\N	\N	02:30:00	\N	\N	\N	\N	\N	            	\N	\N	\N
6044	119	LCKRBIE	\N	\N	\N	02:39:30	\N	\N	1	\N	\N	            	\N	\N	\N
6045	119	BEATCK	\N	\N	\N	02:50:30	\N	\N	DM	\N	\N	            	\N	\N	1
6046	119	BEATCKS	\N	\N	\N	02:59:30	\N	\N	DM	\N	\N	            	\N	 H	\N
6047	119	ABINGTN	\N	\N	\N	03:06:00	\N	\N	DM	\N	\N	            	2	\N	\N
6048	119	CRSTRSS	\N	\N	\N	03:20:00	\N	\N	\N	\N	\N	            	\N	\N	\N
6049	119	CRSTRSE	\N	\N	\N	03:21:00	\N	\N	\N	\N	\N	            	\N	\N	\N
6050	119	ACHNGRY	\N	\N	\N	03:25:30	\N	\N	\N	\N	\N	            	\N	\N	\N
6051	119	COBB713	\N	\N	\N	03:28:00	\N	\N	\N	\N	\N	            	\N	\N	\N
6052	119	MDCLDRJ	\N	\N	\N	03:34:00	\N	\N	\N	\N	\N	            	1	\N	\N
6053	119	SLATEFD	\N	\N	\N	03:42:00	\N	\N	\N	\N	\N	            	\N	\N	\N
6054	119	HAYMRKT	\N	\N	\N	03:44:00	\N	\N	3	US	\N	            	\N	\N	\N
6055	119	PRNCSTG	\N	\N	\N	03:45:30	\N	\N	\N	X	\N	            	\N	\N	\N
6056	119	EDINBUR	\N	03:47:00	04:20:00	\N	\N	\N	7	X	X	L -D        	\N	\N	\N
6057	119	PRNCSTG	2	\N	\N	04:21:30	\N	\N	\N	DS	\N	            	\N	\N	\N
6058	119	HAYMRKT	2	\N	\N	04:23:00	\N	\N	4	DS	\N	            	\N	\N	\N
6059	119	HAYMRWJ	\N	\N	\N	04:24:30	\N	\N	\N	\N	DS	            	\N	\N	\N
6060	119	NWBG	\N	\N	\N	04:31:00	\N	\N	\N	\N	\N	            	\N	\N	\N
6061	119	WNCBROJ	\N	\N	\N	04:34:30	\N	\N	\N	\N	\N	            	\N	\N	\N
6062	119	LNLTHGW	\N	\N	\N	04:38:30	\N	\N	2	\N	\N	            	\N	\N	\N
6063	119	POLMONT	\N	\N	\N	04:44:00	\N	\N	2	\N	\N	            	\N	\N	\N
6064	119	GRNGMTJ	\N	\N	\N	04:47:00	\N	\N	\N	\N	\N	            	1	\N	\N
6065	119	CRMRSEJ	\N	\N	\N	04:50:30	\N	\N	\N	\N	\N	            	\N	\N	\N
6066	119	LARBERJ	\N	\N	\N	04:51:30	\N	\N	\N	\N	\N	            	\N	\N	\N
6067	119	STIRLNG	\N	04:58:30	05:00:00	\N	04:59:00	\N	2	\N	\N	D           	\N	\N	\N
6068	119	DUNANE	\N	05:08:00	05:09:30	\N	05:08:00	\N	2	\N	\N	D           	\N	\N	\N
6069	119	DUNA43	\N	\N	\N	05:13:00	\N	\N	\N	\N	\N	            	1	\N	\N
6070	119	GRNLNNG	\N	\N	\N	05:17:30	\N	\N	\N	\N	\N	            	\N	\N	\N
6071	119	BLFD	\N	\N	\N	05:21:30	\N	\N	\N	\N	\N	            	\N	\N	\N
6072	119	GLNEGLS	\N	05:23:30	05:25:00	\N	05:24:00	\N	2	\N	\N	D           	\N	\N	\N
6073	119	AUCHTDR	\N	\N	\N	05:27:30	\N	\N	\N	\N	\N	            	\N	\N	\N
6074	119	HILT19	\N	\N	\N	05:34:30	\N	\N	\N	\N	\N	            	1	\N	\N
6075	119	HILTONJ	\N	\N	\N	05:38:30	\N	\N	\N	\N	\N	            	\N	\N	\N
6076	119	PERTH	\N	05:42:00	05:43:30	\N	05:42:00	\N	7	\N	\N	D           	\N	\N	\N
6077	119	STNY	\N	\N	\N	05:53:00	\N	\N	\N	\N	\N	            	\N	\N	\N
6078	119	DUNKELD	\N	06:02:00	06:03:30	\N	06:02:00	\N	1	\N	\N	D           	\N	\N	\N
6079	119	PTLCHRY	\N	06:16:00	06:17:30	\N	06:16:00	\N	1	\N	\N	D           	\N	\N	\N
6080	119	BLARATH	\N	06:28:00	06:29:30	\N	06:28:00	\N	2	\N	\N	D           	\N	\N	\N
6081	119	DLNCRDH	\N	\N	\N	06:41:30	\N	\N	\N	\N	\N	            	\N	\N	\N
6082	119	DLNSPDL	\N	\N	\N	06:49:30	\N	\N	\N	\N	\N	            	1	\N	\N
6083	119	DALWHIN	\N	06:59:00	07:00:30	\N	06:59:00	\N	2	\N	\N	D           	\N	\N	\N
6084	119	NWTM	\N	07:10:30	07:12:00	\N	07:11:00	\N	1	\N	\N	D           	\N	\N	\N
6085	119	KGUSSIE	\N	07:16:00	07:17:30	\N	07:16:00	07:17:00	1	\N	\N	T           	\N	\N	\N
6086	119	KNCRAIG	\N	07:25:00	07:31:00	\N	\N	\N	\N	\N	\N	A X         	1	\N	\N
6087	119	AVIEMRE	\N	07:38:30	07:43:00	\N	07:39:00	07:43:00	1	\N	\N	T           	\N	\N	\N
6088	119	CARRBDG	\N	07:53:00	07:54:30	\N	07:53:00	07:54:00	1	\N	\N	T           	\N	\N	\N
6089	119	SLOCHD	\N	\N	\N	08:02:30	\N	\N	\N	\N	\N	            	\N	\N	\N
6090	119	TOMATIN	\N	08:08:00	08:16:00	\N	\N	\N	\N	\N	\N	X A         	\N	\N	\N
6091	119	MOYY	\N	\N	\N	08:20:30	\N	\N	\N	\N	\N	            	\N	\N	\N
6092	119	CULDNMR	\N	\N	\N	08:27:00	\N	\N	\N	\N	\N	            	1	\N	\N
6093	119	CRAHALL	\N	\N	\N	08:32:00	\N	\N	\N	DH	\N	            	\N	\N	\N
6094	119	MILBRNJ	\N	\N	\N	08:33:00	\N	\N	\N	\N	DH	            	\N	\N	\N
6095	119	IVRNESS	\N	08:35:00	\N	\N	08:45:00	\N	2	\N	\N	TF          	\N	\N	\N
6096	120	EDINBUR	\N	\N	04:28:00	\N	\N	04:28:00	7	W	\N	TBN         	\N	\N	\N
6097	120	PRNCSTG	\N	\N	\N	04:29:30	\N	\N	\N	DS	\N	            	\N	\N	\N
6098	120	HAYMRKT	\N	\N	\N	04:31:00	\N	\N	4	DS	\N	            	\N	\N	\N
6099	120	HAYMRWJ	\N	\N	\N	04:32:30	\N	\N	\N	\N	DS	            	\N	\N	\N
6100	120	NWBG	\N	\N	\N	04:39:00	\N	\N	\N	\N	\N	            	\N	\N	\N
6101	120	WNCBROJ	\N	\N	\N	04:42:30	\N	\N	\N	\N	\N	            	\N	\N	\N
6102	120	LNLTHGW	\N	\N	\N	04:47:00	\N	\N	2	\N	\N	            	\N	\N	\N
6103	120	POLMONT	\N	\N	\N	04:52:00	\N	\N	2	\N	\N	            	\N	\N	\N
6104	120	GRNGMTJ	\N	\N	\N	04:55:30	\N	\N	\N	\N	\N	            	1	\N	\N
6105	120	CRMRSEJ	\N	\N	\N	04:59:30	\N	\N	\N	\N	\N	            	\N	\N	\N
6106	120	LARBERJ	\N	\N	\N	05:00:30	\N	\N	\N	\N	\N	            	\N	\N	\N
6107	120	STIRLNG	\N	\N	\N	05:07:30	\N	\N	2	\N	\N	            	\N	4	\N
6108	120	DUNANE	\N	\N	\N	05:18:00	\N	\N	2	\N	\N	            	1	\N	\N
6109	120	DUNA43	\N	\N	\N	05:22:00	\N	\N	\N	\N	\N	            	\N	\N	\N
6110	120	GRNLNNG	\N	\N	\N	05:25:30	\N	\N	\N	\N	\N	            	\N	1	\N
6111	120	BLFD	\N	\N	\N	05:30:30	\N	\N	\N	\N	\N	            	\N	\N	\N
6112	120	AUCHTDR	\N	\N	\N	05:34:30	\N	\N	\N	\N	\N	            	\N	\N	\N
6113	120	HILT19	\N	\N	\N	05:41:30	\N	\N	\N	\N	\N	            	1	\N	\N
6114	120	HILTONJ	\N	\N	\N	05:45:30	\N	\N	\N	\N	\N	            	\N	\N	\N
6115	120	PERTH	\N	\N	\N	05:49:30	\N	\N	2	\N	\N	            	\N	\N	\N
6116	120	BHLP	\N	\N	\N	05:52:30	\N	\N	\N	\N	\N	            	\N	\N	\N
6117	120	ERROLLC	\N	\N	\N	06:01:00	\N	\N	\N	\N	\N	            	\N	\N	\N
6118	120	LFGNLC	\N	\N	\N	06:05:00	\N	\N	\N	\N	\N	            	\N	\N	\N
6119	120	DUND697	\N	\N	\N	06:06:00	\N	\N	\N	\N	\N	            	\N	\N	\N
6120	120	DUNDCJ	\N	\N	\N	06:09:00	\N	\N	\N	\N	\N	            	\N	\N	\N
6121	120	DUNDETB	\N	06:10:00	06:12:00	\N	06:11:00	\N	4	\N	\N	D           	\N	\N	\N
6122	120	CMPRDNJ	\N	\N	\N	06:14:30	\N	\N	\N	\N	\N	            	\N	\N	\N
6123	120	BRFRY	\N	\N	\N	06:19:00	\N	\N	2	\N	\N	            	\N	\N	\N
6124	120	CNST	\N	06:24:30	06:26:30	\N	06:26:00	\N	2	\N	\N	D           	\N	\N	\N
6125	120	ARBROTH	\N	06:32:00	06:34:00	\N	06:33:00	\N	2	\N	\N	D           	\N	\N	\N
6126	120	INVKLOR	\N	\N	\N	06:40:30	\N	\N	\N	\N	\N	            	\N	\N	\N
6127	120	USAN	\N	\N	\N	06:45:30	\N	\N	\N	\N	\N	            	\N	\N	\N
6128	120	MONTRSE	\N	06:48:30	06:50:30	\N	06:50:00	\N	2	\N	\N	D           	1	\N	\N
6129	120	CRAIGO	\N	\N	\N	06:56:30	\N	\N	\N	\N	\N	            	\N	\N	\N
6130	120	LRNCKRK	\N	\N	\N	07:01:30	\N	\N	\N	\N	\N	            	\N	\N	\N
6131	120	CAARMNT	\N	\N	\N	07:08:00	\N	\N	\N	\N	\N	            	\N	\N	\N
6132	120	SHVN	\N	07:13:30	07:15:30	\N	07:15:00	\N	2	\N	\N	D           	\N	\N	\N
6133	120	ABRD223	\N	\N	\N	07:21:30	\N	\N	\N	\N	\N	            	\N	\N	\N
6134	120	ABRD229	\N	\N	\N	07:25:00	\N	\N	\N	\N	\N	            	\N	\N	\N
6135	120	ABRD55	\N	\N	\N	07:28:30	\N	\N	\N	\N	\N	            	\N	\N	\N
6136	120	CRGISTH	\N	\N	\N	07:29:30	\N	\N	\N	\N	\N	            	1	\N	\N
6137	120	ABRDFJN	\N	\N	\N	07:32:00	\N	\N	\N	\N	\N	            	\N	\N	\N
6138	120	ABRDEEN	\N	07:34:00	\N	\N	07:50:00	\N	6S	\N	\N	TF          	\N	\N	\N
6139	121	EDINBUR	\N	\N	04:50:00	\N	\N	04:50:00	7	W	\N	TB          	\N	 H	\N
6140	121	PRNCSTG	\N	\N	\N	04:51:30	\N	\N	\N	DS	\N	            	\N	\N	\N
6141	121	HAYMRKT	\N	\N	\N	04:53:00	\N	\N	4	DS	\N	            	\N	\N	\N
6142	121	HAYMRWJ	\N	\N	\N	04:55:00	\N	\N	\N	\N	DS	            	\N	\N	\N
6143	121	NWBG	\N	\N	\N	05:01:00	\N	\N	\N	\N	\N	            	\N	\N	\N
6144	121	UPHALL	\N	\N	\N	05:06:00	\N	\N	\N	\N	\N	            	\N	\N	\N
6145	121	BTHGATE	\N	\N	\N	05:12:00	\N	\N	2	\N	\N	            	\N	\N	\N
6146	121	AIRDRIE	\N	\N	\N	05:26:00	\N	\N	2	\N	\N	            	\N	\N	\N
6147	121	COATBDS	\N	\N	\N	05:29:30	\N	\N	\N	\N	\N	            	\N	\N	\N
6148	121	SHTLSTN	\N	\N	\N	05:36:30	\N	\N	\N	\N	\N	            	\N	\N	\N
6149	121	BLGRVE	\N	\N	\N	05:41:30	\N	\N	1	\N	\N	            	\N	\N	\N
6150	121	GLGQLL	\N	05:47:00	05:48:30	\N	\N	05:48:00	8	\N	\N	U           	\N	\N	\N
6151	121	FNSTNEJ	\N	\N	\N	05:54:00	\N	\N	\N	\N	\N	            	\N	\N	\N
6152	121	HYNDLEJ	\N	\N	\N	05:57:00	\N	\N	\N	\N	\N	            	\N	\N	\N
6153	121	ANSL	\N	\N	\N	05:58:00	\N	\N	2	\N	\N	            	\N	\N	\N
6154	121	WESTRTN	\N	\N	\N	06:00:30	\N	\N	2	\N	\N	            	\N	\N	\N
6155	121	DALMUIR	\N	06:04:30	06:06:00	\N	06:05:00	06:06:00	1	\N	\N	T           	\N	\N	\N
6156	121	DMBRTNC	\N	06:15:30	06:17:00	\N	06:16:00	06:17:00	2	\N	\N	T           	\N	\N	\N
6157	121	DLREOCH	\N	\N	\N	06:18:30	\N	\N	\N	\N	\N	            	\N	\N	\N
6158	121	CRGDRNJ	\N	\N	\N	06:26:30	\N	\N	\N	\N	\N	            	\N	\N	\N
6159	121	HLNSBRU	\N	06:30:30	06:33:30	\N	06:31:00	06:33:00	1	\N	\N	T           	\N	\N	\N
6160	121	GRLCHHD	\N	06:45:30	06:47:00	\N	06:46:00	06:47:00	2	\N	\N	T           	\N	\N	\N
6161	121	GLDL	\N	\N	\N	07:00:00	\N	\N	\N	\N	\N	            	\N	\N	\N
6162	121	ARCHRAT	\N	07:08:00	07:09:30	\N	07:08:00	07:09:00	2	\N	\N	T X         	\N	\N	\N
6163	121	ARDLUI	\N	07:23:30	07:25:00	\N	07:24:00	07:25:00	2	\N	\N	R           	\N	\N	\N
6164	121	CRNLRCH	\N	07:45:00	07:48:00	\N	07:45:00	07:48:00	2	\N	\N	T           	\N	\N	\N
6165	121	TYNDRMU	\N	07:59:00	08:02:00	\N	07:59:00	08:02:00	2	\N	\N	T           	\N	\N	\N
6166	121	BOORCHY	\N	08:16:30	08:18:30	\N	08:17:00	08:18:00	2	\N	\N	T           	\N	\N	\N
6167	121	RANNOCH	\N	08:43:30	08:45:00	\N	08:44:00	08:45:00	1	\N	\N	T X         	\N	\N	\N
6168	121	CORROUR	\N	08:58:00	09:00:00	\N	08:58:00	09:00:00	1	\N	\N	T           	\N	\N	\N
6169	121	TULLOCH	\N	09:19:00	09:21:00	\N	09:19:00	09:21:00	2	\N	\N	T X         	\N	\N	\N
6170	121	ROYBDGE	\N	09:31:30	09:31:30	\N	09:31:00	09:31:00	1	\N	\N	R           	\N	\N	\N
6171	121	SPEANBD	\N	09:38:00	09:39:30	\N	09:38:00	09:39:00	1	\N	\N	T           	\N	\N	\N
6172	121	FRTWJN	\N	\N	\N	09:51:30	\N	\N	\N	\N	\N	            	\N	\N	\N
6173	121	FRTWLM	\N	09:55:00	\N	\N	10:00:00	\N	1	\N	\N	TF          	\N	\N	\N
6174	122	PENZNCE	\N	\N	21:15:00	\N	\N	21:15:00	4	\N	\N	TB          	\N	\N	\N
6175	122	LNGROCK	\N	\N	\N	21:19:00	\N	\N	\N	\N	\N	X           	\N	\N	\N
6176	122	STERTH	\N	21:23:00	21:25:00	\N	\N	21:25:00	2	\N	\N	U           	\N	\N	\N
6177	122	CBORSR6	\N	\N	\N	21:32:00	\N	\N	\N	\N	\N	            	\N	\N	\N
6178	122	CBORNE	\N	21:35:00	21:37:00	\N	\N	21:37:00	2	\N	\N	U           	\N	\N	\N
6179	122	CBORR10	\N	\N	\N	21:41:30	\N	\N	\N	\N	\N	            	\N	\N	1
6180	122	REDRUTH	\N	21:43:30	21:46:30	\N	\N	21:46:00	2	\N	\N	U           	\N	\N	\N
6181	122	REDRR14	\N	\N	\N	21:52:00	\N	\N	\N	\N	\N	            	\N	\N	\N
6182	122	PNWTHRJ	\N	\N	\N	21:56:00	\N	\N	\N	\N	\N	            	\N	\N	\N
6183	122	TRURO	\N	21:57:30	22:00:30	\N	\N	22:00:00	3	\N	\N	U           	\N	\N	\N
6184	122	PROBUS	\N	\N	\N	22:06:30	\N	\N	\N	\N	\N	            	\N	\N	\N
6185	122	BGLWJN	\N	\N	\N	22:13:30	\N	\N	\N	\N	\N	            	\N	\N	\N
6186	122	STAUSTL	\N	22:16:00	22:19:00	\N	\N	22:19:00	2	\N	\N	U           	\N	\N	\N
6187	122	PARR	\N	\N	\N	22:24:00	\N	\N	2	\N	\N	            	\N	\N	\N
6188	122	LSTWTHL	\N	\N	\N	22:29:00	\N	\N	1	\N	\N	            	\N	\N	\N
6189	122	BODMNPW	\N	22:33:00	22:35:00	\N	\N	22:35:00	2	\N	\N	U           	\N	\N	\N
6190	122	LRGN	\N	\N	\N	22:41:00	\N	\N	\N	\N	\N	            	\N	\N	\N
6191	122	STPNCVE	\N	\N	\N	22:42:30	\N	\N	\N	\N	\N	            	\N	\N	\N
6192	122	LISKARD	\N	22:48:00	22:50:00	\N	\N	22:50:00	2	\N	\N	U           	\N	\N	\N
6193	122	MENH259	\N	\N	\N	22:56:00	\N	\N	\N	\N	\N	            	\N	\N	\N
6194	122	STGRMNS	\N	\N	\N	22:59:30	\N	\N	2	\N	\N	            	\N	\N	\N
6195	122	SASH	\N	\N	\N	23:05:00	\N	\N	2	\N	\N	            	\N	\N	\N
6196	122	STBDXJN	\N	\N	\N	23:09:00	\N	\N	\N	\N	\N	            	1	\N	\N
6197	122	PLYMTH	\N	23:15:00	23:20:00	\N	\N	23:20:00	4	\N	\N	U           	\N	\N	\N
6198	122	LIPSONJ	\N	\N	\N	23:23:00	\N	\N	\N	\N	\N	            	\N	\N	\N
6199	122	TVSTCKJ	\N	\N	\N	23:24:30	\N	\N	\N	\N	\N	            	\N	\N	\N
6200	122	HEMERDN	\N	\N	\N	23:28:30	\N	\N	\N	\N	\N	            	\N	\N	\N
6201	122	IVYBDGE	\N	\N	\N	23:33:30	\N	\N	2	\N	\N	            	\N	\N	\N
6202	122	AISHXO	\N	\N	\N	23:38:00	\N	\N	\N	\N	\N	            	\N	\N	\N
6203	122	RTRY	\N	\N	\N	23:41:00	\N	\N	\N	\N	\N	            	\N	\N	\N
6204	122	TOTNES	\N	23:46:00	23:48:00	\N	23:46:00	23:48:00	2	\N	\N	T           	\N	\N	\N
6205	122	DAINTNT	\N	\N	\N	23:55:00	\N	\N	\N	\N	\N	            	\N	\N	\N
6206	122	NABTWJ	\N	\N	\N	23:58:30	\N	\N	\N	\N	\N	            	\N	\N	\N
6207	122	NABT	\N	23:59:30	00:01:30	\N	23:59:00	00:01:00	3	\N	\N	T           	\N	\N	\N
6208	122	TEINMTH	\N	\N	\N	00:07:30	\N	\N	2	\N	\N	            	\N	\N	\N
6209	122	DAWLISH	\N	\N	\N	00:10:30	\N	\N	2	\N	\N	            	\N	\N	\N
6210	122	DAWLSHW	\N	\N	\N	00:12:00	\N	\N	\N	\N	\N	            	1	\N	\N
6211	122	EXETRSD	\N	00:23:00	01:07:00	\N	00:23:00	01:07:00	3	\N	\N	T           	\N	\N	\N
6212	122	CWLYBDG	\N	\N	\N	01:10:00	\N	\N	\N	\N	\N	            	\N	\N	\N
6213	122	TIVILP	\N	\N	\N	01:21:00	\N	\N	\N	\N	\N	            	\N	\N	\N
6214	122	TIVIPW	\N	\N	\N	01:22:30	\N	\N	2	\N	\N	            	\N	\N	\N
6215	122	TIVITNL	\N	\N	\N	01:25:30	\N	\N	\N	\N	\N	            	1	\N	\N
6216	122	NTNFTZN	\N	\N	\N	01:34:00	\N	\N	\N	\N	\N	            	\N	\N	\N
6217	122	TAUNTON	\N	\N	\N	01:35:30	\N	\N	4	\N	\N	            	\N	\N	\N
6218	122	COGLOAD	\N	\N	\N	01:39:30	\N	\N	\N	\N	\N	            	\N	\N	\N
6219	122	ATHLNEY	\N	\N	\N	01:42:30	\N	\N	\N	\N	\N	            	\N	\N	\N
6220	122	SOMEGF	\N	\N	\N	01:49:30	\N	\N	\N	\N	\N	            	\N	\N	\N
6221	122	CCARY	\N	\N	\N	01:58:00	\N	\N	1	\N	\N	            	\N	\N	\N
6222	122	ESTSOMJ	\N	\N	\N	02:05:30	\N	\N	\N	\N	\N	            	\N	\N	\N
6223	122	BLBGJN	\N	\N	\N	02:09:00	\N	\N	\N	\N	\N	            	\N	\N	\N
6224	122	CLNKRDJ	\N	\N	\N	02:10:30	\N	\N	\N	\N	\N	            	1	\N	\N
6225	122	FRWDJN	\N	\N	\N	02:14:00	\N	\N	\N	\N	\N	            	\N	\N	\N
6226	122	HWRDJN	\N	\N	\N	02:16:00	\N	\N	\N	\N	\N	            	\N	\N	\N
6227	122	LAVNGTN	\N	\N	\N	02:21:30	\N	\N	\N	\N	\N	            	\N	\N	\N
6228	122	WBORO	\N	\N	\N	02:29:30	\N	\N	\N	\N	\N	            	\N	\N	\N
6229	122	BEDYN	\N	\N	\N	02:40:00	\N	\N	2	\N	\N	            	\N	\N	\N
6230	122	HUNGRFD	\N	\N	\N	02:44:00	\N	\N	\N	\N	\N	            	1	\N	\N
6231	122	NEWBURY	\N	02:54:30	03:42:30	\N	\N	\N	2	\N	\N	N           	\N	\N	\N
6232	122	THEALE	\N	\N	\N	03:53:30	\N	\N	\N	\N	\N	            	1	\N	\N
6233	122	SCOTEJN	\N	\N	\N	03:58:00	\N	\N	\N	\N	\N	            	\N	\N	\N
6234	122	RDNGORJ	\N	\N	\N	04:00:00	\N	\N	\N	DFR	\N	            	1	\N	\N
6235	122	RDNGSTN	\N	04:05:00	04:18:00	\N	04:05:00	\N	15	URL	\N	D -U        	\N	\N	\N
6236	122	RDNGKBJ	\N	\N	\N	04:20:00	\N	\N	\N	RL	\N	            	\N	\N	\N
6237	122	TWYFORD	\N	\N	\N	04:24:30	\N	\N	4	RL	\N	            	\N	\N	\N
6238	122	RUSCOMB	\N	\N	\N	04:26:30	\N	\N	\N	ML	\N	            	\N	\N	\N
6239	122	MDNHEAD	\N	\N	\N	04:30:30	\N	\N	2	ML	\N	            	\N	\N	\N
6240	122	SLOUGHW	\N	\N	\N	04:36:00	\N	\N	\N	RL	\N	            	\N	\N	\N
6241	122	SLOUGH	\N	\N	\N	04:37:00	\N	\N	5	RL	\N	            	\N	\N	\N
6242	122	HTRWAJN	\N	\N	\N	04:43:30	\N	\N	\N	RL	\N	            	2	\N	\N
6243	122	STHALL	\N	\N	\N	04:47:00	\N	\N	4	RL	\N	            	\N	\N	\N
6244	122	ACTONW	\N	\N	\N	04:50:30	\N	\N	\N	RL	RL	            	1	5	\N
6245	122	LDBRKJ	\N	\N	\N	05:00:00	\N	\N	\N	3	RL	            	\N	\N	\N
6246	122	PRTOBJP	\N	\N	\N	05:01:30	\N	\N	\N	3	\N	            	\N	\N	\N
6247	122	ROYAOJN	\N	\N	\N	05:02:30	\N	\N	\N	2	\N	            	\N	\N	\N
6248	122	PADTON	\N	05:04:00	\N	\N	05:04:00	\N	1	\N	\N	TF          	\N	\N	\N
6249	123	EDINBUR	\N	\N	23:42:00	\N	\N	23:40:00	11	W	\N	TB          	\N	 H	\N
6250	123	PRNCSTG	\N	\N	\N	23:44:00	\N	\N	\N	DS	\N	            	\N	1	\N
6251	123	HAYMRKT	\N	\N	\N	23:46:30	\N	\N	4	\N	\N	            	\N	\N	\N
6252	123	SLATEFD	\N	\N	\N	23:49:00	\N	\N	\N	\N	\N	            	\N	\N	\N
6253	123	MDCLDRJ	\N	\N	\N	23:56:00	\N	\N	\N	\N	\N	            	\N	\N	\N
6254	123	COBB712	\N	\N	\N	00:02:00	\N	\N	\N	\N	\N	            	\N	\N	\N
6255	123	ACHNGRY	\N	\N	\N	00:04:30	\N	\N	\N	\N	\N	            	\N	\N	\N
6256	123	CRSTRSE	\N	\N	\N	00:09:00	\N	\N	\N	\N	\N	            	\N	\N	\N
6257	123	CRSTUPL	\N	00:11:30	00:19:30	\N	\N	\N	\N	\N	\N	A PRRM      	\N	\N	\N
6258	123	CRSTRS	\N	00:21:00	\N	\N	00:21:00	\N	2	\N	\N	TFN PR      	\N	\N	\N
6259	124	GLGC	\N	\N	23:40:00	\N	\N	23:40:00	1	A1	\N	TB          	\N	\N	\N
6260	124	GLGCBSJ	\N	\N	\N	23:42:00	\N	\N	\N	1U	\N	            	\N	\N	\N
6261	124	EGLNSTJ	\N	\N	\N	23:43:00	\N	\N	\N	UF	\N	            	\N	\N	\N
6262	124	LRKFLDJ	\N	\N	\N	23:44:30	\N	\N	\N	FL	\N	            	\N	\N	\N
6263	124	SHFD	\N	\N	\N	23:45:30	\N	\N	\N	\N	\N	            	\N	\N	\N
6264	124	RTHGNEJ	\N	\N	\N	23:46:30	\N	\N	\N	\N	\N	            	\N	\N	\N
6265	124	NWTLWJ	\N	\N	\N	23:48:00	\N	\N	\N	\N	\N	            	\N	\N	\N
6266	124	NWTLEJ	\N	\N	\N	23:49:00	\N	\N	\N	\N	\N	            	\N	\N	\N
6267	124	UDNGTNJ	\N	\N	\N	23:50:00	\N	\N	\N	\N	\N	            	\N	\N	\N
6268	124	MOTHRWL	\N	23:54:00	23:58:00	\N	\N	23:55:00	1	\N	\N	U           	\N	\N	\N
6269	124	SHILDMR	\N	\N	\N	00:01:00	\N	\N	2	\N	\N	            	\N	2H	\N
6270	124	LAWJ	\N	\N	\N	00:06:30	\N	\N	\N	\N	\N	            	\N	\N	\N
6271	124	LANARKJ	\N	\N	\N	00:12:30	\N	\N	\N	\N	\N	            	1	 H	\N
6272	124	CRSTRSN	\N	\N	\N	00:16:30	\N	\N	\N	PL	\N	            	\N	\N	\N
6273	124	CRSTRS	\N	00:18:00	00:40:00	\N	\N	00:25:00	2	\N	\N	U -U        	\N	\N	\N
6274	124	CRSTRSS	\N	\N	\N	00:41:30	\N	\N	\N	\N	\N	            	\N	\N	\N
6275	124	ABINGTN	\N	\N	\N	00:54:30	\N	\N	UM	\N	\N	            	\N	\N	1
6276	124	BEATCKS	\N	\N	\N	01:01:30	\N	\N	UM	\N	\N	            	\N	\N	\N
6277	124	BEATCK	\N	\N	\N	01:09:00	\N	\N	UM	\N	\N	            	\N	\N	\N
6278	124	LCKRBIE	\N	\N	\N	01:19:30	\N	\N	2	\N	\N	            	2	\N	\N
6279	124	KRKP862	\N	\N	\N	01:31:30	\N	\N	\N	\N	\N	            	\N	\N	\N
6280	124	GRETNAJ	\N	\N	\N	01:34:30	\N	\N	\N	\N	\N	            	\N	1	\N
6281	124	KGMRJCN	\N	\N	\N	01:40:00	\N	\N	\N	\N	\N	            	\N	\N	\N
6282	124	CARLCJN	\N	\N	\N	01:41:00	\N	\N	\N	UML	\N	            	\N	\N	\N
6283	124	CARLILE	\N	01:43:00	01:45:00	\N	\N	01:45:00	4	\N	\N	U           	\N	\N	\N
6284	124	PNTH	\N	\N	\N	02:00:30	\N	\N	1	\N	\N	            	\N	\N	\N
6285	124	EDENVGL	\N	\N	\N	02:03:30	\N	\N	\N	\N	\N	            	\N	\N	\N
6286	124	SHAPSMT	\N	\N	\N	02:11:00	\N	\N	\N	\N	\N	            	\N	\N	1
6287	124	TEBAY	\N	\N	\N	02:16:00	\N	\N	\N	\N	\N	            	\N	\N	\N
6288	124	GRIGG	\N	\N	\N	02:22:30	\N	\N	\N	\N	\N	            	\N	\N	\N
6289	124	OXENHLM	\N	\N	\N	02:28:00	\N	\N	1	\N	\N	            	1	\N	\N
6290	124	CRNFNJN	\N	\N	\N	02:38:30	\N	\N	\N	\N	\N	            	\N	\N	\N
6291	124	MORCMSJ	\N	\N	\N	02:42:00	\N	\N	\N	\N	\N	            	\N	\N	1
6292	124	LANCSTR	\N	\N	\N	02:44:30	\N	\N	UFL	\N	\N	            	\N	\N	\N
6293	124	GSTANG	\N	\N	\N	02:53:30	\N	\N	\N	\N	\N	            	2	\N	\N
6294	124	PRSTNFJ	\N	\N	\N	03:04:30	\N	\N	\N	DFL	\N	            	\N	\N	\N
6295	124	PRST	\N	03:06:00	03:15:00	\N	\N	\N	3	DFL	DFL	C A         	\N	\N	\N
6296	124	PRSTRJN	\N	\N	\N	03:16:30	\N	\N	\N	FL	\N	            	\N	\N	\N
6297	124	EUXTONJ	\N	\N	\N	03:20:30	\N	\N	\N	\N	\N	            	\N	\N	\N
6298	124	BALSHWL	\N	\N	\N	03:22:00	\N	\N	\N	\N	\N	            	\N	\N	\N
6299	124	WIGANNW	\N	\N	\N	03:27:30	\N	\N	4	\N	\N	            	\N	\N	\N
6300	124	WIGASJN	\N	\N	\N	03:28:00	\N	\N	\N	\N	\N	            	\N	\N	\N
6301	124	SPRBJN	\N	\N	\N	03:29:00	\N	\N	\N	SL	\N	            	\N	\N	\N
6302	124	GOLBRNJ	\N	\N	\N	03:34:00	\N	\N	\N	FL	\N	            	\N	\N	\N
6303	124	WINWCKJ	\N	\N	\N	03:37:30	\N	\N	\N	\N	\N	            	\N	\N	\N
6304	124	DALAMBR	\N	\N	\N	03:40:00	\N	\N	\N	\N	\N	            	\N	\N	\N
6305	124	WRGTNBQ	\N	\N	\N	03:41:30	\N	\N	2	\N	\N	            	\N	 H	\N
6306	124	ACGJN	\N	\N	\N	03:44:30	\N	\N	\N	\N	\N	            	1	\N	\N
6307	124	WEAVERJ	\N	\N	\N	03:51:30	\N	\N	\N	\N	\N	            	\N	2	\N
6308	124	ACBG	\N	\N	\N	03:55:30	\N	\N	\N	\N	\N	            	\N	\N	\N
6309	124	HARTFDJ	\N	\N	\N	03:56:30	\N	\N	\N	\N	\N	            	\N	\N	1
6310	124	WNSFD	\N	\N	\N	04:01:30	\N	\N	\N	SL	\N	            	1	\N	\N
6311	124	CREWECY	\N	\N	\N	04:08:00	\N	\N	\N	\N	\N	            	\N	\N	\N
6312	124	CREWE	\N	\N	\N	04:11:00	\N	\N	UFL	\N	\N	            	\N	\N	\N
6313	124	CREWBHJ	\N	\N	\N	04:13:00	\N	\N	\N	\N	\N	            	\N	 H	\N
6314	124	MADELEY	\N	\N	\N	04:18:30	\N	\N	\N	SL	SL	            	1	2	\N
6315	124	LBRDFJN	\N	\N	\N	04:30:30	\N	\N	\N	\N	\N	            	\N	\N	1
6316	124	STAFFRD	\N	\N	\N	04:34:30	\N	\N	4	SL	SL	            	\N	\N	\N
6317	124	STAFTVJ	\N	\N	\N	04:35:00	\N	\N	\N	\N	\N	            	\N	\N	\N
6318	124	PNKRDG	\N	\N	\N	04:39:00	\N	\N	\N	\N	\N	            	\N	\N	\N
6319	124	BSBYJN	\N	\N	\N	04:46:30	\N	\N	\N	\N	\N	            	\N	2H	\N
6320	124	PBLJWM	\N	\N	\N	04:52:00	\N	\N	\N	\N	\N	            	\N	\N	\N
6321	124	DRLSTNJ	\N	\N	\N	04:54:30	\N	\N	\N	\N	\N	            	\N	 H	\N
6322	124	BSCTSTA	\N	\N	\N	04:56:00	\N	\N	\N	\N	\N	            	\N	5	\N
6323	124	PRYBRNJ	\N	\N	\N	05:04:30	\N	\N	\N	\N	\N	            	\N	\N	\N
6324	124	ASTON	\N	\N	\N	05:06:30	\N	\N	2	\N	\N	            	\N	\N	\N
6325	124	STECHFD	\N	\N	\N	05:11:30	\N	\N	\N	\N	\N	            	\N	\N	\N
6326	124	BHAMINT	\N	\N	\N	05:15:30	\N	\N	4	\N	\N	            	\N	\N	\N
6327	124	BKSWELL	\N	\N	\N	05:19:30	\N	\N	\N	\N	\N	            	\N	1	\N
6328	124	COVNTRY	\N	\N	\N	05:24:30	\N	\N	2	\N	\N	            	\N	5	\N
6329	124	RUGBTVJ	\N	\N	\N	05:37:30	\N	\N	\N	FL	\N	            	\N	\N	\N
6330	124	RUGBY	\N	\N	\N	05:38:30	\N	\N	4	FL	FL	            	\N	\N	\N
6331	124	HMTNJ	\N	\N	\N	05:39:30	\N	\N	\N	\N	\N	            	\N	\N	\N
6332	124	WEEDON	\N	\N	\N	05:48:00	\N	\N	\N	FL	FL	            	10	\N	\N
6333	124	HANSLPJ	\N	\N	\N	06:08:00	\N	\N	\N	FL	FL	            	\N	2	\N
6334	124	MKNSCEN	\N	\N	\N	06:15:00	\N	\N	1	FL	FL	            	\N	\N	\N
6335	124	BLTCHLY	\N	\N	\N	06:17:00	\N	\N	4	FL	FL	            	\N	\N	\N
6336	124	LEDBRNJ	\N	\N	\N	06:24:00	\N	\N	\N	FL	FL	            	1	\N	\N
6337	124	TRING	\N	\N	\N	06:29:30	\N	\N	2	FL	FL	            	\N	\N	\N
6338	124	BONENDJ	\N	\N	\N	06:34:00	\N	\N	\N	FL	FL	            	\N	\N	\N
6339	124	WATFDJ	\N	06:40:30	06:42:30	\N	06:40:00	\N	7	FL	FL	D           	\N	\N	\N
6340	124	HROW	\N	\N	\N	06:48:00	\N	\N	4	FL	FL	            	1	\N	\N
6341	124	WMBY	\N	\N	\N	06:51:30	\N	\N	4	\N	\N	            	\N	\N	\N
6342	124	WLSDWLJ	\N	\N	\N	06:53:30	\N	\N	\N	FL	FL	            	\N	\N	\N
6343	124	CMDNJN	\N	\N	\N	06:56:30	\N	\N	\N	A	\N	            	\N	\N	\N
6344	124	CMDNSTH	\N	\N	\N	06:57:00	\N	\N	\N	\N	\N	            	\N	\N	\N
6345	124	EUSTON	\N	07:00:00	\N	\N	07:15:00	\N	1	\N	\N	TF          	\N	\N	\N
6346	127	PENZNCE	\N	\N	21:15:00	\N	\N	21:15:00	4	\N	\N	TB          	\N	\N	\N
6347	127	LNGROCK	\N	\N	\N	21:19:00	\N	\N	\N	\N	\N	X           	\N	\N	\N
6348	127	STERTH	\N	21:23:00	21:25:00	\N	\N	21:25:00	2	\N	\N	U           	\N	\N	\N
6349	127	CBORSR6	\N	\N	\N	21:32:00	\N	\N	\N	\N	\N	            	\N	\N	\N
6350	127	CBORNE	\N	21:35:00	21:37:00	\N	\N	21:37:00	2	\N	\N	U           	\N	\N	\N
6351	127	CBORR10	\N	\N	\N	21:41:30	\N	\N	\N	\N	\N	            	\N	\N	1
6352	127	REDRUTH	\N	21:43:30	21:46:30	\N	\N	21:46:00	2	\N	\N	U           	\N	\N	\N
6353	127	REDRR14	\N	\N	\N	21:52:00	\N	\N	\N	\N	\N	            	\N	\N	\N
6354	127	PNWTHRJ	\N	\N	\N	21:56:00	\N	\N	\N	\N	\N	            	\N	\N	\N
6355	127	TRURO	\N	21:57:30	22:00:30	\N	\N	22:00:00	3	\N	\N	U           	\N	\N	\N
6356	127	PROBUS	\N	\N	\N	22:06:30	\N	\N	\N	\N	\N	            	\N	\N	\N
6357	127	BGLWJN	\N	\N	\N	22:13:30	\N	\N	\N	\N	\N	            	\N	\N	\N
6358	127	STAUSTL	\N	22:16:00	22:19:00	\N	\N	22:19:00	2	\N	\N	U           	\N	\N	\N
6359	127	PARR	\N	\N	\N	22:24:00	\N	\N	2	\N	\N	            	\N	\N	\N
6360	127	LSTWTHL	\N	\N	\N	22:29:00	\N	\N	1	\N	\N	            	\N	\N	\N
6361	127	BODMNPW	\N	22:33:00	22:35:00	\N	\N	22:35:00	2	\N	\N	U           	\N	\N	\N
6362	127	LRGN	\N	\N	\N	22:41:00	\N	\N	\N	\N	\N	            	\N	\N	\N
6363	127	STPNCVE	\N	\N	\N	22:42:30	\N	\N	\N	\N	\N	            	\N	\N	\N
6364	127	LISKARD	\N	22:48:00	22:50:00	\N	\N	22:50:00	2	\N	\N	U           	\N	\N	\N
6365	127	MENH259	\N	\N	\N	22:56:00	\N	\N	\N	\N	\N	            	\N	\N	\N
6366	127	STGRMNS	\N	\N	\N	22:59:30	\N	\N	2	\N	\N	            	\N	\N	\N
6367	127	SASH	\N	\N	\N	23:05:00	\N	\N	2	\N	\N	            	\N	\N	\N
6368	127	STBDXJN	\N	\N	\N	23:09:00	\N	\N	\N	\N	\N	            	1	\N	\N
6369	127	PLYMTH	\N	23:15:00	23:20:00	\N	\N	23:20:00	4	\N	\N	U           	\N	\N	\N
6370	127	LIPSONJ	\N	\N	\N	23:23:00	\N	\N	\N	\N	\N	            	\N	\N	\N
6371	127	TVSTCKJ	\N	\N	\N	23:24:30	\N	\N	\N	\N	\N	            	\N	\N	\N
6372	127	HEMERDN	\N	\N	\N	23:28:30	\N	\N	\N	\N	\N	            	\N	\N	\N
6373	127	IVYBDGE	\N	\N	\N	23:33:30	\N	\N	2	\N	\N	            	\N	\N	\N
6374	127	AISHXO	\N	\N	\N	23:38:00	\N	\N	\N	\N	\N	            	\N	\N	\N
6375	127	RTRY	\N	\N	\N	23:41:00	\N	\N	\N	\N	\N	            	\N	\N	\N
6376	127	TOTNES	\N	23:46:00	23:48:00	\N	23:46:00	23:48:00	2	\N	\N	T           	\N	\N	\N
6377	127	DAINTNT	\N	\N	\N	23:55:00	\N	\N	\N	\N	\N	            	\N	\N	\N
6378	127	NABTWJ	\N	\N	\N	23:58:30	\N	\N	\N	\N	\N	            	\N	\N	\N
6379	127	NABT	\N	23:59:30	00:01:30	\N	23:59:00	00:01:00	3	\N	\N	T           	\N	\N	\N
6380	127	TEINMTH	\N	\N	\N	00:07:30	\N	\N	2	\N	\N	            	\N	\N	\N
6381	127	DAWLISH	\N	\N	\N	00:10:30	\N	\N	2	\N	\N	            	\N	\N	\N
6382	127	DAWLSHW	\N	\N	\N	00:12:00	\N	\N	\N	\N	\N	            	1	\N	\N
6383	127	EXETRSD	\N	00:23:00	01:07:00	\N	00:23:00	01:07:00	3	\N	\N	T           	\N	\N	\N
6384	127	CWLYBDG	\N	\N	\N	01:10:00	\N	\N	\N	\N	\N	            	\N	\N	\N
6385	127	TIVILP	\N	\N	\N	01:21:00	\N	\N	\N	\N	\N	            	\N	\N	\N
6386	127	TIVIPW	\N	\N	\N	01:22:30	\N	\N	2	\N	\N	            	\N	\N	\N
6387	127	TIVITNL	\N	\N	\N	01:25:30	\N	\N	\N	\N	\N	            	1	\N	\N
6388	127	NTNFTZN	\N	\N	\N	01:34:00	\N	\N	\N	\N	\N	            	\N	\N	\N
6389	127	TAUNTON	\N	\N	\N	01:35:30	\N	\N	4	\N	\N	            	\N	\N	\N
6390	127	COGLOAD	\N	\N	\N	01:39:30	\N	\N	\N	\N	\N	            	\N	\N	\N
6391	127	ATHLNEY	\N	\N	\N	01:42:30	\N	\N	\N	\N	\N	            	\N	\N	\N
6392	127	SOMEGF	\N	\N	\N	01:49:30	\N	\N	\N	\N	\N	            	\N	\N	\N
6393	127	CCARY	\N	\N	\N	01:58:00	\N	\N	1	\N	\N	            	\N	 H	\N
6394	127	ESTSOMJ	\N	\N	\N	02:06:00	\N	\N	\N	\N	\N	            	\N	3H	\N
6395	127	BLBGJN	\N	\N	\N	02:13:00	\N	\N	\N	\N	\N	            	\N	\N	\N
6396	127	CLNKRDJ	\N	\N	\N	02:14:30	\N	\N	\N	\N	\N	            	1	3	\N
6397	127	FRWDJN	\N	\N	\N	02:21:00	\N	\N	\N	\N	\N	            	\N	\N	\N
6398	127	HWRDJN	\N	\N	\N	02:23:00	\N	\N	\N	\N	\N	            	\N	\N	\N
6399	127	LAVNGTN	\N	\N	\N	02:28:30	\N	\N	\N	\N	\N	            	\N	\N	\N
6400	127	WBORO	\N	\N	\N	02:36:30	\N	\N	\N	\N	\N	            	\N	\N	\N
6401	127	BEDYN	\N	\N	\N	02:47:00	\N	\N	2	\N	\N	            	\N	\N	\N
6402	127	HUNGRFD	\N	\N	\N	02:51:00	\N	\N	\N	\N	\N	            	1	\N	\N
6403	127	NEWBURY	\N	\N	\N	02:59:30	\N	\N	\N	\N	\N	            	\N	\N	\N
6404	127	THEALE	\N	\N	\N	03:09:00	\N	\N	\N	\N	\N	            	1	\N	\N
6405	127	SCOTEJN	\N	\N	\N	03:13:30	\N	\N	\N	\N	\N	            	\N	\N	\N
6406	127	RDNGORJ	\N	\N	\N	03:15:30	\N	\N	\N	UFM	\N	            	1	\N	\N
6407	127	RDNGSTN	\N	03:20:30	04:18:00	\N	03:20:00	\N	10	UML	\N	D -U        	\N	\N	\N
6408	127	RDNGKBJ	\N	\N	\N	04:20:00	\N	\N	\N	ML	\N	            	\N	\N	 H
6409	127	TWYFORD	\N	\N	\N	04:24:30	\N	\N	2	ML	\N	            	\N	\N	1
6410	127	MDNHEAD	\N	\N	\N	04:31:00	\N	\N	2	ML	\N	            	\N	1H	\N
6411	127	SLOUGH	\N	\N	\N	04:37:00	\N	\N	3	ML	\N	            	\N	\N	 H
6412	127	STKYJN	\N	\N	\N	04:43:00	\N	\N	\N	ML	ML	            	\N	\N	\N
6413	127	HTRWAJN	\N	\N	\N	04:43:30	\N	\N	\N	ML	\N	            	2	\N	\N
6414	127	STHALL	\N	\N	\N	04:47:00	\N	\N	2	ML	\N	            	\N	\N	\N
6415	127	ACTONW	\N	\N	\N	04:50:30	\N	\N	\N	ML	ML	            	1	5	\N
6416	127	LDBRKJ	\N	\N	\N	05:00:00	\N	\N	\N	3	ML	            	\N	\N	\N
6417	127	PRTOBJP	\N	\N	\N	05:01:30	\N	\N	\N	3	\N	            	\N	\N	\N
6418	127	ROYAOJN	\N	\N	\N	05:02:30	\N	\N	\N	2	\N	            	\N	\N	\N
6419	127	PADTON	\N	05:04:00	\N	\N	05:04:00	\N	1	\N	\N	TF          	\N	\N	\N
6420	128	HTRWTM5	\N	\N	23:12:00	\N	\N	23:12:00	4	\N	\N	TB          	\N	\N	\N
6421	128	HTRWAPT	\N	23:15:30	23:19:00	\N	23:16:00	23:19:00	2	\N	\N	T           	\N	\N	\N
6422	128	HTRWTJN	\N	\N	\N	23:22:00	\N	\N	\N	\N	\N	            	\N	\N	\N
6423	128	STKYJN	\N	\N	\N	23:22:30	\N	\N	\N	ML	\N	            	\N	\N	\N
6424	128	HTRWAJN	\N	\N	\N	23:23:00	\N	\N	\N	ML	\N	            	\N	 H	\N
6425	128	STHALL	\N	\N	\N	23:24:30	\N	\N	2	ML	\N	            	\N	1H	\N
6426	128	ACTONW	\N	\N	\N	23:28:00	\N	\N	\N	ML	ML	            	1	1H	\N
6427	128	LDBRKJ	\N	\N	\N	23:33:00	\N	\N	\N	3	ML	            	\N	\N	\N
6428	128	PRTOBJP	\N	\N	\N	23:34:00	\N	\N	\N	3	\N	            	\N	\N	\N
6429	128	ROYAOJN	\N	\N	\N	23:35:00	\N	\N	\N	3	\N	            	\N	\N	\N
6430	128	PADTON	\N	23:36:00	\N	\N	23:36:00	\N	5	\N	\N	TF          	\N	\N	\N
6431	131	HTRWTM5	\N	\N	23:12:00	\N	\N	23:12:00	4	\N	\N	TB          	\N	\N	\N
6432	131	HTRWAPT	\N	23:15:30	23:19:00	\N	23:16:00	23:19:00	2	\N	\N	T           	\N	\N	\N
6433	131	HTRWTJN	\N	\N	\N	23:22:00	\N	\N	\N	\N	\N	            	\N	\N	\N
6434	131	STKYJN	\N	\N	\N	23:22:30	\N	\N	\N	ML	\N	            	\N	\N	\N
6435	131	HTRWAJN	\N	\N	\N	23:23:00	\N	\N	\N	ML	\N	            	\N	 H	\N
6436	131	STHALL	\N	\N	\N	23:24:30	\N	\N	2	ML	\N	            	\N	1H	\N
6437	131	ACTONW	\N	\N	\N	23:28:00	\N	\N	\N	ML	ML	            	1	1H	\N
6438	131	LDBRKJ	\N	\N	\N	23:33:00	\N	\N	\N	3	ML	            	\N	\N	\N
6439	131	PRTOBJP	\N	\N	\N	23:34:00	\N	\N	\N	3	\N	            	\N	\N	\N
6440	131	ROYAOJN	\N	\N	\N	23:35:00	\N	\N	\N	3	\N	            	\N	\N	\N
6441	131	PADTON	\N	23:36:00	\N	\N	23:36:00	\N	10	\N	\N	TF          	\N	\N	\N
6442	132	PENZNCE	\N	\N	21:15:00	\N	\N	21:15:00	4	\N	\N	TB          	\N	\N	\N
6443	132	LNGROCK	\N	\N	\N	21:19:00	\N	\N	\N	\N	\N	X           	\N	\N	\N
6444	132	STERTH	\N	21:23:00	21:25:00	\N	\N	21:25:00	2	\N	\N	U           	\N	\N	\N
6445	132	CBORSR6	\N	\N	\N	21:32:00	\N	\N	\N	\N	\N	            	\N	\N	\N
6446	132	CBORNE	\N	21:35:00	21:37:00	\N	\N	21:37:00	2	\N	\N	U           	\N	\N	\N
6447	132	CBORR10	\N	\N	\N	21:41:30	\N	\N	\N	\N	\N	            	\N	\N	1
6448	132	REDRUTH	\N	21:43:30	21:46:30	\N	\N	21:46:00	2	\N	\N	U           	\N	\N	\N
6449	132	REDRR14	\N	\N	\N	21:52:00	\N	\N	\N	\N	\N	            	\N	\N	\N
6450	132	PNWTHRJ	\N	\N	\N	21:56:00	\N	\N	\N	\N	\N	            	\N	\N	\N
6451	132	TRURO	\N	21:57:30	22:00:30	\N	\N	22:00:00	3	\N	\N	U           	\N	\N	\N
6452	132	PROBUS	\N	\N	\N	22:06:30	\N	\N	\N	\N	\N	            	\N	\N	\N
6453	132	BGLWJN	\N	\N	\N	22:13:30	\N	\N	\N	\N	\N	            	\N	\N	\N
6454	132	STAUSTL	\N	22:16:00	22:19:00	\N	\N	22:19:00	2	\N	\N	U           	\N	\N	\N
6455	132	PARR	\N	\N	\N	22:24:00	\N	\N	2	\N	\N	            	\N	\N	\N
6456	132	LSTWTHL	\N	\N	\N	22:29:00	\N	\N	1	\N	\N	            	\N	\N	\N
6457	132	BODMNPW	\N	22:33:00	22:35:00	\N	\N	22:35:00	2	\N	\N	U           	\N	\N	\N
6458	132	LRGN	\N	\N	\N	22:41:00	\N	\N	\N	\N	\N	            	\N	\N	\N
6459	132	STPNCVE	\N	\N	\N	22:42:30	\N	\N	\N	\N	\N	            	\N	\N	\N
6460	132	LISKARD	\N	22:48:00	22:50:00	\N	\N	22:50:00	2	\N	\N	U           	\N	\N	\N
6461	132	MENH259	\N	\N	\N	22:56:00	\N	\N	\N	\N	\N	            	\N	\N	\N
6462	132	STGRMNS	\N	\N	\N	22:59:30	\N	\N	2	\N	\N	            	\N	\N	\N
6463	132	SASH	\N	\N	\N	23:05:00	\N	\N	2	\N	\N	            	\N	\N	\N
6464	132	STBDXJN	\N	\N	\N	23:09:00	\N	\N	\N	\N	\N	            	1	\N	\N
6465	132	PLYMTH	\N	23:15:00	23:20:00	\N	\N	23:20:00	4	\N	\N	U           	\N	\N	\N
6466	132	LIPSONJ	\N	\N	\N	23:23:00	\N	\N	\N	\N	\N	            	\N	\N	\N
6467	132	TVSTCKJ	\N	\N	\N	23:24:30	\N	\N	\N	\N	\N	            	\N	\N	\N
6468	132	HEMERDN	\N	\N	\N	23:28:30	\N	\N	\N	\N	\N	            	\N	\N	\N
6469	132	IVYBDGE	\N	\N	\N	23:33:30	\N	\N	2	\N	\N	            	\N	\N	\N
6470	132	AISHXO	\N	\N	\N	23:38:00	\N	\N	\N	\N	\N	            	\N	\N	\N
6471	132	RTRY	\N	\N	\N	23:41:00	\N	\N	\N	\N	\N	            	\N	\N	\N
6472	132	TOTNES	\N	23:46:00	23:48:00	\N	23:46:00	23:48:00	2	\N	\N	T           	\N	\N	\N
6473	132	DAINTNT	\N	\N	\N	23:55:00	\N	\N	\N	\N	\N	            	\N	\N	\N
6474	132	NABTWJ	\N	\N	\N	23:58:30	\N	\N	\N	\N	\N	            	\N	\N	\N
6475	132	NABT	\N	23:59:30	00:01:30	\N	23:59:00	00:01:00	3	\N	\N	T           	\N	\N	\N
6476	132	TEINMTH	\N	\N	\N	00:07:30	\N	\N	2	\N	\N	            	\N	\N	\N
6477	132	DAWLISH	\N	\N	\N	00:10:30	\N	\N	2	\N	\N	            	\N	\N	\N
6478	132	DAWLSHW	\N	\N	\N	00:12:00	\N	\N	\N	\N	\N	            	1	\N	\N
6479	132	EXETRSD	\N	00:23:00	01:07:00	\N	00:23:00	01:07:00	3	\N	\N	T           	\N	\N	\N
6480	132	CWLYBDG	\N	\N	\N	01:10:00	\N	\N	\N	\N	\N	            	\N	\N	\N
6481	132	TIVILP	\N	\N	\N	01:21:00	\N	\N	\N	\N	\N	            	\N	\N	\N
6482	132	TIVIPW	\N	\N	\N	01:22:30	\N	\N	2	\N	\N	            	\N	\N	\N
6483	132	TIVITNL	\N	\N	\N	01:25:30	\N	\N	\N	\N	\N	            	1	\N	\N
6484	132	NTNFTZN	\N	\N	\N	01:34:00	\N	\N	\N	\N	\N	            	\N	\N	\N
6485	132	TAUNTON	\N	\N	\N	01:35:30	\N	\N	4	\N	\N	            	\N	\N	\N
6486	132	COGLOAD	\N	\N	\N	01:39:30	\N	\N	\N	\N	\N	            	\N	\N	\N
6487	132	ATHLNEY	\N	\N	\N	01:42:30	\N	\N	\N	\N	\N	            	\N	\N	\N
6488	132	SOMEGF	\N	\N	\N	01:49:30	\N	\N	\N	\N	\N	            	\N	\N	\N
6489	132	CCARY	\N	\N	\N	01:58:00	\N	\N	1	\N	\N	            	\N	\N	\N
6490	132	ESTSOMJ	\N	\N	\N	02:05:30	\N	\N	\N	\N	\N	            	\N	4H	\N
6491	132	BLBGJN	\N	\N	\N	02:13:30	\N	\N	\N	\N	\N	            	\N	\N	\N
6492	132	CLNKRDJ	\N	\N	\N	02:15:00	\N	\N	\N	\N	\N	            	1	1H	\N
6493	132	FRWDJN	\N	\N	\N	02:20:00	\N	\N	\N	\N	\N	            	\N	\N	\N
6494	132	HWRDJN	\N	\N	\N	02:22:00	\N	\N	\N	\N	\N	            	\N	\N	\N
6495	132	LAVNGTN	\N	\N	\N	02:27:30	\N	\N	\N	\N	\N	            	\N	\N	\N
6496	132	WBORO	\N	\N	\N	02:35:30	\N	\N	\N	\N	\N	            	\N	\N	\N
6497	132	BEDYN	\N	\N	\N	02:46:00	\N	\N	2	\N	\N	            	\N	\N	\N
6498	132	HUNGRFD	\N	\N	\N	02:50:00	\N	\N	\N	\N	\N	            	1	\N	\N
6499	132	NEWBURY	\N	\N	\N	02:58:30	\N	\N	\N	\N	\N	            	\N	\N	\N
6500	132	THEALE	\N	\N	\N	03:08:00	\N	\N	\N	\N	\N	            	1	\N	\N
6501	132	SCOTEJN	\N	\N	\N	03:12:30	\N	\N	\N	\N	\N	            	\N	\N	\N
6502	132	RDNGORJ	\N	\N	\N	03:14:30	\N	\N	\N	DFR	\N	            	1	\N	\N
6503	132	RDNGSTN	\N	03:19:30	04:18:00	\N	03:20:00	\N	15	URL	\N	D -U        	\N	\N	\N
6504	132	RDNGKBJ	\N	\N	\N	04:20:00	\N	\N	\N	RL	\N	            	\N	\N	\N
6505	132	TWYFORD	\N	\N	\N	04:24:30	\N	\N	4	RL	\N	            	\N	\N	\N
6506	132	MDNHEAD	\N	\N	\N	04:31:00	\N	\N	4	RL	\N	            	\N	\N	\N
6507	132	SLOUGH	\N	\N	\N	04:37:00	\N	\N	5	RL	\N	            	\N	\N	\N
6508	132	HTRWAJN	\N	\N	\N	04:43:30	\N	\N	\N	RL	\N	            	2	\N	\N
6509	132	STHALL	\N	\N	\N	04:47:00	\N	\N	4	RL	\N	            	\N	\N	\N
6510	132	ACTONW	\N	\N	\N	04:50:30	\N	\N	\N	RL	RL	            	1	5	\N
6511	132	LDBRKJ	\N	\N	\N	05:00:00	\N	\N	\N	3	RL	            	\N	\N	\N
6512	132	PRTOBJP	\N	\N	\N	05:01:30	\N	\N	\N	3	\N	            	\N	\N	\N
6513	132	ROYAOJN	\N	\N	\N	05:02:30	\N	\N	\N	2	\N	            	\N	\N	\N
6514	132	PADTON	\N	05:04:00	\N	\N	05:04:00	\N	1	\N	\N	TF          	\N	\N	\N
6515	133	HTRWTM5	\N	\N	23:12:00	\N	\N	23:12:00	4	\N	\N	TB          	\N	\N	\N
6516	133	HTRWAPT	\N	23:15:30	23:19:00	\N	23:16:00	23:19:00	2	\N	\N	T           	\N	\N	\N
6517	133	HTRWTJN	\N	\N	\N	23:22:00	\N	\N	\N	\N	\N	            	\N	\N	\N
6518	133	STKYJN	\N	\N	\N	23:22:30	\N	\N	\N	ML	\N	            	\N	\N	\N
6519	133	HTRWAJN	\N	\N	\N	23:23:00	\N	\N	\N	ML	\N	            	\N	 H	\N
6520	133	STHALL	\N	\N	\N	23:24:30	\N	\N	2	ML	\N	            	\N	1H	\N
6521	133	ACTONW	\N	\N	\N	23:28:00	\N	\N	\N	ML	ML	            	1	1H	\N
6522	133	LDBRKJ	\N	\N	\N	23:33:00	\N	\N	\N	3	ML	            	\N	\N	\N
6523	133	PRTOBJP	\N	\N	\N	23:34:00	\N	\N	\N	3	\N	            	\N	\N	\N
6524	133	ROYAOJN	\N	\N	\N	23:35:00	\N	\N	\N	3	\N	            	\N	\N	\N
6525	133	PADTON	\N	23:36:00	\N	\N	23:36:00	\N	5	\N	\N	TF          	\N	\N	\N
6526	134	PENZNCE	\N	\N	21:15:00	\N	\N	21:15:00	4	\N	\N	TB          	\N	\N	\N
6527	134	LNGROCK	\N	\N	\N	21:19:00	\N	\N	\N	\N	\N	X           	\N	\N	\N
6528	134	STERTH	\N	21:23:00	21:25:00	\N	\N	21:25:00	2	\N	\N	U           	\N	\N	\N
6529	134	CBORSR6	\N	\N	\N	21:32:00	\N	\N	\N	\N	\N	            	\N	\N	\N
6530	134	CBORNE	\N	21:35:00	21:37:00	\N	\N	21:37:00	2	\N	\N	U           	\N	\N	\N
6531	134	CBORR10	\N	\N	\N	21:41:30	\N	\N	\N	\N	\N	            	\N	\N	1
6532	134	REDRUTH	\N	21:43:30	21:46:30	\N	\N	21:46:00	2	\N	\N	U           	\N	\N	\N
6533	134	REDRR14	\N	\N	\N	21:52:00	\N	\N	\N	\N	\N	            	\N	\N	\N
6534	134	PNWTHRJ	\N	\N	\N	21:56:00	\N	\N	\N	\N	\N	            	\N	\N	\N
6535	134	TRURO	\N	21:57:30	22:00:30	\N	\N	22:00:00	3	\N	\N	U           	\N	\N	\N
6536	134	PROBUS	\N	\N	\N	22:06:30	\N	\N	\N	\N	\N	            	\N	\N	\N
6537	134	BGLWJN	\N	\N	\N	22:13:30	\N	\N	\N	\N	\N	            	\N	\N	\N
6538	134	STAUSTL	\N	22:16:00	22:19:00	\N	\N	22:19:00	2	\N	\N	U           	\N	\N	\N
6539	134	PARR	\N	\N	\N	22:24:00	\N	\N	2	\N	\N	            	\N	\N	\N
6540	134	LSTWTHL	\N	\N	\N	22:29:00	\N	\N	1	\N	\N	            	\N	\N	\N
6541	134	BODMNPW	\N	22:33:00	22:35:00	\N	\N	22:35:00	2	\N	\N	U           	\N	\N	\N
6542	134	LRGN	\N	\N	\N	22:41:00	\N	\N	\N	\N	\N	            	\N	\N	\N
6543	134	STPNCVE	\N	\N	\N	22:42:30	\N	\N	\N	\N	\N	            	\N	\N	\N
6544	134	LISKARD	\N	22:48:00	22:50:00	\N	\N	22:50:00	2	\N	\N	U           	\N	\N	\N
6545	134	MENH259	\N	\N	\N	22:56:00	\N	\N	\N	\N	\N	            	\N	\N	\N
6546	134	STGRMNS	\N	\N	\N	22:59:30	\N	\N	2	\N	\N	            	\N	\N	\N
6547	134	SASH	\N	\N	\N	23:05:00	\N	\N	2	\N	\N	            	\N	\N	\N
6548	134	STBDXJN	\N	\N	\N	23:09:00	\N	\N	\N	\N	\N	            	1	\N	\N
6549	134	PLYMTH	\N	23:15:00	23:20:00	\N	\N	23:20:00	4	\N	\N	U           	\N	\N	\N
6550	134	LIPSONJ	\N	\N	\N	23:23:00	\N	\N	\N	\N	\N	            	\N	\N	\N
6551	134	TVSTCKJ	\N	\N	\N	23:24:30	\N	\N	\N	\N	\N	            	\N	\N	\N
6552	134	HEMERDN	\N	\N	\N	23:28:30	\N	\N	\N	\N	\N	            	\N	\N	\N
6553	134	IVYBDGE	\N	\N	\N	23:33:30	\N	\N	2	\N	\N	            	\N	\N	\N
6554	134	AISHXO	\N	\N	\N	23:38:00	\N	\N	\N	\N	\N	            	\N	\N	\N
6555	134	RTRY	\N	\N	\N	23:41:00	\N	\N	\N	\N	\N	            	\N	\N	\N
6556	134	TOTNES	\N	23:46:00	23:48:00	\N	23:46:00	23:48:00	2	\N	\N	T           	\N	\N	\N
6557	134	DAINTNT	\N	\N	\N	23:55:00	\N	\N	\N	\N	\N	            	\N	\N	\N
6558	134	NABTWJ	\N	\N	\N	23:58:30	\N	\N	\N	\N	\N	            	\N	\N	\N
6559	134	NABT	\N	23:59:30	00:01:30	\N	23:59:00	00:01:00	3	\N	\N	T           	\N	\N	\N
6560	134	TEINMTH	\N	\N	\N	00:07:30	\N	\N	2	\N	\N	            	\N	\N	\N
6561	134	DAWLISH	\N	\N	\N	00:10:30	\N	\N	2	\N	\N	            	\N	\N	\N
6562	134	DAWLSHW	\N	\N	\N	00:12:00	\N	\N	\N	\N	\N	            	1	\N	\N
6563	134	EXETRSD	\N	00:23:00	01:07:00	\N	00:23:00	01:07:00	3	\N	\N	T           	\N	\N	\N
6564	134	CWLYBDG	\N	\N	\N	01:10:00	\N	\N	\N	\N	\N	            	\N	\N	\N
6565	134	TIVILP	\N	\N	\N	01:21:00	\N	\N	\N	\N	\N	            	\N	\N	\N
6566	134	TIVIPW	\N	\N	\N	01:22:30	\N	\N	2	\N	\N	            	\N	\N	\N
6567	134	TIVITNL	\N	\N	\N	01:25:30	\N	\N	\N	\N	\N	            	1	\N	\N
6568	134	NTNFTZN	\N	\N	\N	01:34:00	\N	\N	\N	\N	\N	            	\N	\N	\N
6569	134	TAUNTON	\N	\N	\N	01:35:30	\N	\N	4	\N	\N	            	\N	\N	\N
6570	134	COGLOAD	\N	\N	\N	01:39:30	\N	\N	\N	\N	\N	            	\N	\N	\N
6571	134	ATHLNEY	\N	\N	\N	01:42:30	\N	\N	\N	\N	\N	            	\N	\N	\N
6572	134	SOMEGF	\N	\N	\N	01:49:30	\N	\N	\N	\N	\N	            	\N	\N	\N
6573	134	CCARY	\N	\N	\N	01:58:00	\N	\N	1	\N	\N	            	\N	\N	\N
6574	134	ESTSOMJ	\N	\N	\N	02:05:30	\N	\N	\N	\N	\N	            	\N	4H	\N
6575	134	BLBGJN	\N	\N	\N	02:13:30	\N	\N	\N	\N	\N	            	\N	\N	\N
6576	134	CLNKRDJ	\N	\N	\N	02:15:00	\N	\N	\N	\N	\N	            	1	1H	\N
6577	134	FRWDJN	\N	\N	\N	02:20:00	\N	\N	\N	\N	\N	            	\N	\N	\N
6578	134	HWRDJN	\N	\N	\N	02:22:00	\N	\N	\N	\N	\N	            	\N	\N	\N
6579	134	LAVNGTN	\N	\N	\N	02:27:30	\N	\N	\N	\N	\N	            	\N	\N	\N
6580	134	WBORO	\N	\N	\N	02:35:30	\N	\N	\N	\N	\N	            	\N	\N	\N
6581	134	BEDYN	\N	\N	\N	02:46:00	\N	\N	2	\N	\N	            	\N	\N	\N
6582	134	HUNGRFD	\N	\N	\N	02:50:00	\N	\N	\N	\N	\N	            	1	\N	\N
6583	134	NEWBURY	\N	\N	\N	02:58:30	\N	\N	\N	\N	\N	            	\N	\N	\N
6584	134	THEALE	\N	\N	\N	03:08:00	\N	\N	\N	\N	\N	            	1	\N	\N
6585	134	SCOTEJN	\N	\N	\N	03:12:30	\N	\N	\N	\N	\N	            	\N	\N	\N
6586	134	RDNGORJ	\N	\N	\N	03:14:30	\N	\N	\N	DWL	\N	            	1	\N	\N
6587	134	RDNGSTN	\N	03:19:00	04:18:00	\N	03:19:00	\N	7	DML	\N	D -U        	\N	\N	\N
6588	134	RDNGKBJ	\N	\N	\N	04:20:00	\N	\N	\N	ML	\N	            	\N	 H	\N
6589	134	TWYFORD	\N	\N	\N	04:24:30	\N	\N	2	ML	\N	            	\N	1	\N
6590	134	MDNHEAD	\N	\N	\N	04:31:00	\N	\N	2	ML	\N	            	\N	1H	\N
6591	134	SLOUGH	\N	\N	\N	04:37:00	\N	\N	3	ML	\N	            	\N	\N	\N
6592	134	STKYJN	\N	\N	\N	04:42:30	\N	\N	\N	ML	ML	            	\N	 H	\N
6593	134	HTRWAJN	\N	\N	\N	04:43:30	\N	\N	\N	ML	\N	            	2	\N	\N
6594	134	STHALL	\N	\N	\N	04:47:00	\N	\N	2	ML	\N	            	\N	\N	\N
6595	134	ACTONW	\N	\N	\N	04:50:30	\N	\N	\N	ML	ML	            	1	5	\N
6596	134	LDBRKJ	\N	\N	\N	05:00:00	\N	\N	\N	3	ML	            	\N	\N	\N
6597	134	PRTOBJP	\N	\N	\N	05:01:30	\N	\N	\N	3	\N	            	\N	\N	\N
6598	134	ROYAOJN	\N	\N	\N	05:02:30	\N	\N	\N	2	\N	            	\N	\N	\N
6599	134	PADTON	\N	05:04:00	\N	\N	05:04:00	\N	1	\N	\N	TF          	\N	\N	\N
